{"loss": [8.068122863769531, 8.05904483795166, 8.059041976928711, 8.059043884277344, 8.059046745300293, 8.059045791625977, 8.05904769897461, 8.059040069580078, 8.059043884277344, 8.059040069580078], "accuracy": [0.09997999668121338, 0.10000000149011612, 0.10000000149011612, 0.10000000149011612, 0.10000000149011612, 0.10000000149011612, 0.10000000149011612, 0.10000000149011612, 0.10000000149011612, 0.10000000149011612], "val_loss": [8.05904483795166, 8.05904483795166, 8.05904483795166, 8.05904483795166, 8.05904483795166, 8.05904483795166, 8.05904483795166, 8.05904483795166, 8.05904483795166, 8.05904483795166], "val_accuracy": [0.10000000149011612, 0.10000000149011612, 0.10000000149011612, 0.10000000149011612, 0.10000000149011612, 0.10000000149011612, 0.10000000149011612, 0.10000000149011612, 0.10000000149011612, 0.10000000149011612]}