{"loss": [8.059344291687012, 8.059039115905762, 8.059041023254395, 8.059045791625977, 8.059041023254395, 8.05904483795166, 8.059035301208496, 8.059042930603027, 8.059046745300293, 8.059048652648926], "accuracy": [0.09994000196456909, 0.10000000149011612, 0.10000000149011612, 0.10000000149011612, 0.10000000149011612, 0.10000000149011612, 0.10000000149011612, 0.10000000149011612, 0.10000000149011612, 0.10000000149011612], "val_loss": [8.05904769897461, 8.05904769897461, 8.05904769897461, 8.05904769897461, 8.05904769897461, 8.05904769897461, 8.05904769897461, 8.05904769897461, 8.05904769897461, 8.05904769897461], "val_accuracy": [0.10000000149011612, 0.10000000149011612, 0.10000000149011612, 0.10000000149011612, 0.10000000149011612, 0.10000000149011612, 0.10000000149011612, 0.10000000149011612, 0.10000000149011612, 0.10000000149011612]}