{"loss": [11.971091270446777, 12.894474983215332, 12.89447021484375, 12.89447021484375, 12.894482612609863, 12.894474983215332, 12.894474029541016, 12.894482612609863, 12.894472122192383, 12.894477844238281, 12.894463539123535, 12.894474029541016, 12.894479751586914, 12.8944673538208, 12.894482612609863], "accuracy": [0.09994000196456909, 0.10000000149011612, 0.10000000149011612, 0.10000000149011612, 0.10000000149011612, 0.10000000149011612, 0.10000000149011612, 0.10000000149011612, 0.10000000149011612, 0.10000000149011612, 0.10000000149011612, 0.10000000149011612, 0.10000000149011612, 0.10000000149011612, 0.10000000149011612], "val_loss": [12.894476890563965, 12.894476890563965, 12.894476890563965, 12.894476890563965, 12.894476890563965, 12.894476890563965, 12.894476890563965, 12.894476890563965, 12.894476890563965, 12.894476890563965, 12.894476890563965, 12.894476890563965, 12.894476890563965, 12.894476890563965, 12.894476890563965], "val_accuracy": [0.10000000149011612, 0.10000000149011612, 0.10000000149011612, 0.10000000149011612, 0.10000000149011612, 0.10000000149011612, 0.10000000149011612, 0.10000000149011612, 0.10000000149011612, 0.10000000149011612, 0.10000000149011612, 0.10000000149011612, 0.10000000149011612, 0.10000000149011612, 0.10000000149011612]}