{"loss": [9.664800643920898, 9.670855522155762, 9.670855522155762, 9.670852661132812, 9.670852661132812, 9.670853614807129, 9.670852661132812, 9.670855522155762, 9.670852661132812, 9.670859336853027, 9.670845985412598, 9.670852661132812, 9.670854568481445, 9.670854568481445, 9.670848846435547], "accuracy": [0.10006000101566315, 0.10000000149011612, 0.10000000149011612, 0.10000000149011612, 0.10000000149011612, 0.10000000149011612, 0.10000000149011612, 0.10000000149011612, 0.10000000149011612, 0.10000000149011612, 0.10000000149011612, 0.10000000149011612, 0.10000000149011612, 0.10000000149011612, 0.10000000149011612], "val_loss": [9.67086124420166, 9.67086124420166, 9.67086124420166, 9.67086124420166, 9.67086124420166, 9.67086124420166, 9.67086124420166, 9.67086124420166, 9.67086124420166, 9.67086124420166, 9.67086124420166, 9.67086124420166, 9.67086124420166, 9.67086124420166, 9.67086124420166], "val_accuracy": [0.10000000149011612, 0.10000000149011612, 0.10000000149011612, 0.10000000149011612, 0.10000000149011612, 0.10000000149011612, 0.10000000149011612, 0.10000000149011612, 0.10000000149011612, 0.10000000149011612, 0.10000000149011612, 0.10000000149011612, 0.10000000149011612, 0.10000000149011612, 0.10000000149011612]}