{"loss": [9.62231731414795, 9.670852661132812, 9.670859336853027, 9.670848846435547, 9.670854568481445, 9.670851707458496, 9.670852661132812, 9.670856475830078, 9.670845985412598, 9.670854568481445], "accuracy": [0.09995999932289124, 0.10000000149011612, 0.10000000149011612, 0.10000000149011612, 0.10000000149011612, 0.10000000149011612, 0.10000000149011612, 0.10000000149011612, 0.10000000149011612, 0.10000000149011612], "val_loss": [9.67086124420166, 9.67086124420166, 9.67086124420166, 9.67086124420166, 9.67086124420166, 9.67086124420166, 9.67086124420166, 9.67086124420166, 9.67086124420166, 9.67086124420166], "val_accuracy": [0.10000000149011612, 0.10000000149011612, 0.10000000149011612, 0.10000000149011612, 0.10000000149011612, 0.10000000149011612, 0.10000000149011612, 0.10000000149011612, 0.10000000149011612, 0.10000000149011612]}