{"loss": [6.604504585266113, 6.4472432136535645, 6.447239398956299, 6.447239398956299, 6.447237491607666, 6.44724178314209, 6.447238922119141, 6.447239398956299, 6.447234153747559, 6.447237968444824], "accuracy": [0.09963999688625336, 0.10000000149011612, 0.10000000149011612, 0.10000000149011612, 0.10000000149011612, 0.10000000149011612, 0.10000000149011612, 0.10000000149011612, 0.10000000149011612, 0.10000000149011612], "val_loss": [6.447238922119141, 6.447238922119141, 6.447238922119141, 6.447238922119141, 6.447238922119141, 6.447238922119141, 6.447238922119141, 6.447238922119141, 6.447238922119141, 6.447238922119141], "val_accuracy": [0.10000000149011612, 0.10000000149011612, 0.10000000149011612, 0.10000000149011612, 0.10000000149011612, 0.10000000149011612, 0.10000000149011612, 0.10000000149011612, 0.10000000149011612, 0.10000000149011612]}