{"loss": [8.063374519348145, 8.05904769897461, 8.05904769897461, 8.059041976928711, 8.059040069580078, 8.05904483795166, 8.059042930603027, 8.05904769897461, 8.059045791625977, 8.059041976928711, 8.059040069580078, 8.059041023254395, 8.059038162231445, 8.059045791625977, 8.059040069580078], "accuracy": [0.09985999763011932, 0.10000000149011612, 0.10000000149011612, 0.10000000149011612, 0.10000000149011612, 0.10000000149011612, 0.10000000149011612, 0.10000000149011612, 0.10000000149011612, 0.10000000149011612, 0.10000000149011612, 0.10000000149011612, 0.10000000149011612, 0.10000000149011612, 0.10000000149011612], "val_loss": [8.059048652648926, 8.059048652648926, 8.059048652648926, 8.059048652648926, 8.059048652648926, 8.059048652648926, 8.059048652648926, 8.059048652648926, 8.059048652648926, 8.059048652648926, 8.059048652648926, 8.059048652648926, 8.059048652648926, 8.059048652648926, 8.059048652648926], "val_accuracy": [0.10000000149011612, 0.10000000149011612, 0.10000000149011612, 0.10000000149011612, 0.10000000149011612, 0.10000000149011612, 0.10000000149011612, 0.10000000149011612, 0.10000000149011612, 0.10000000149011612, 0.10000000149011612, 0.10000000149011612, 0.10000000149011612, 0.10000000149011612, 0.10000000149011612]}