{"loss": [9.591907501220703, 9.670849800109863, 9.670862197875977, 9.670853614807129, 9.670852661132812, 9.670849800109863, 9.670848846435547, 9.670855522155762, 9.670852661132812, 9.670860290527344, 9.670855522155762, 9.67085075378418, 9.67086124420166, 9.670852661132812, 9.670853614807129], "accuracy": [0.0997999981045723, 0.10000000149011612, 0.10000000149011612, 0.10000000149011612, 0.10000000149011612, 0.10000000149011612, 0.10000000149011612, 0.10000000149011612, 0.10000000149011612, 0.10000000149011612, 0.10000000149011612, 0.10000000149011612, 0.10000000149011612, 0.10000000149011612, 0.10000000149011612], "val_loss": [9.670857429504395, 9.670857429504395, 9.670857429504395, 9.670857429504395, 9.670857429504395, 9.670857429504395, 9.670857429504395, 9.670857429504395, 9.670857429504395, 9.670857429504395, 9.670857429504395, 9.670857429504395, 9.670857429504395, 9.670857429504395, 9.670857429504395], "val_accuracy": [0.10000000149011612, 0.10000000149011612, 0.10000000149011612, 0.10000000149011612, 0.10000000149011612, 0.10000000149011612, 0.10000000149011612, 0.10000000149011612, 0.10000000149011612, 0.10000000149011612, 0.10000000149011612, 0.10000000149011612, 0.10000000149011612, 0.10000000149011612, 0.10000000149011612]}