{"loss": [6.416938304901123, 6.445306777954102, 6.445298671722412, 6.445305824279785, 6.445302486419678, 6.445301055908203, 6.445304870605469, 6.445303916931152, 6.445304870605469, 6.445306777954102, 6.445304870605469, 6.4453043937683105, 6.445306777954102, 6.445307731628418, 6.4453020095825195], "accuracy": [0.100040003657341, 0.10000000149011612, 0.10000000149011612, 0.10000000149011612, 0.10000000149011612, 0.10000000149011612, 0.10000000149011612, 0.10000000149011612, 0.10000000149011612, 0.10000000149011612, 0.10000000149011612, 0.10000000149011612, 0.10000000149011612, 0.10000000149011612, 0.10000000149011612], "val_loss": [6.4440155029296875, 6.4440155029296875, 6.4440155029296875, 6.4440155029296875, 6.4440155029296875, 6.4440155029296875, 6.4440155029296875, 6.4440155029296875, 6.4440155029296875, 6.4440155029296875, 6.4440155029296875, 6.4440155029296875, 6.4440155029296875, 6.4440155029296875, 6.4440155029296875], "val_accuracy": [0.10000000149011612, 0.10000000149011612, 0.10000000149011612, 0.10000000149011612, 0.10000000149011612, 0.10000000149011612, 0.10000000149011612, 0.10000000149011612, 0.10000000149011612, 0.10000000149011612, 0.10000000149011612, 0.10000000149011612, 0.10000000149011612, 0.10000000149011612, 0.10000000149011612]}