{"loss": [8.04973030090332, 8.059042930603027, 8.059039115905762, 8.059041023254395, 8.05904483795166, 8.059046745300293, 8.05904769897461, 8.059041976928711, 8.05904483795166, 8.059045791625977, 8.059038162231445, 8.059035301208496, 8.059045791625977, 8.059043884277344, 8.059041023254395], "accuracy": [0.09994000196456909, 0.10000000149011612, 0.10000000149011612, 0.10000000149011612, 0.10000000149011612, 0.10000000149011612, 0.10000000149011612, 0.10000000149011612, 0.10000000149011612, 0.10000000149011612, 0.10000000149011612, 0.10000000149011612, 0.10000000149011612, 0.10000000149011612, 0.10000000149011612], "val_loss": [8.059043884277344, 8.059043884277344, 8.059043884277344, 8.059043884277344, 8.059043884277344, 8.059043884277344, 8.059043884277344, 8.059043884277344, 8.059043884277344, 8.059043884277344, 8.059043884277344, 8.059043884277344, 8.059043884277344, 8.059043884277344, 8.059043884277344], "val_accuracy": [0.10000000149011612, 0.10000000149011612, 0.10000000149011612, 0.10000000149011612, 0.10000000149011612, 0.10000000149011612, 0.10000000149011612, 0.10000000149011612, 0.10000000149011612, 0.10000000149011612, 0.10000000149011612, 0.10000000149011612, 0.10000000149011612, 0.10000000149011612, 0.10000000149011612]}