{"loss": [7.956401824951172, 8.05904483795166, 8.059046745300293, 8.059041023254395, 8.059041976928711, 8.059041976928711, 8.059041023254395, 8.059039115905762, 8.059042930603027, 8.059039115905762], "accuracy": [0.09901999682188034, 0.09880000352859497, 0.09880000352859497, 0.09880000352859497, 0.09880000352859497, 0.09880000352859497, 0.09880000352859497, 0.09880000352859497, 0.09880000352859497, 0.09880000352859497], "val_loss": [8.059050559997559, 8.059050559997559, 8.059050559997559, 8.059050559997559, 8.059050559997559, 8.059050559997559, 8.059050559997559, 8.059050559997559, 8.059050559997559, 8.059050559997559], "val_accuracy": [0.09939999878406525, 0.09939999878406525, 0.09939999878406525, 0.09939999878406525, 0.09939999878406525, 0.09939999878406525, 0.09939999878406525, 0.09939999878406525, 0.09939999878406525, 0.09939999878406525]}