{"loss": [7.992684364318848, 8.059039115905762, 8.059043884277344, 8.059038162231445, 8.059035301208496, 8.05904483795166, 8.05904483795166, 8.059042930603027, 8.059037208557129, 8.05904483795166], "accuracy": [0.10000000149011612, 0.10000000149011612, 0.10000000149011612, 0.10000000149011612, 0.10000000149011612, 0.10000000149011612, 0.10000000149011612, 0.10000000149011612, 0.10000000149011612, 0.10000000149011612], "val_loss": [8.059046745300293, 8.059046745300293, 8.059046745300293, 8.059046745300293, 8.059046745300293, 8.059046745300293, 8.059046745300293, 8.059046745300293, 8.059046745300293, 8.059046745300293], "val_accuracy": [0.10000000149011612, 0.10000000149011612, 0.10000000149011612, 0.10000000149011612, 0.10000000149011612, 0.10000000149011612, 0.10000000149011612, 0.10000000149011612, 0.10000000149011612, 0.10000000149011612]}