{"loss": [6.454113006591797, 6.447235107421875, 6.447237491607666, 6.447241306304932, 6.447243690490723, 6.44724178314209, 6.447241306304932, 6.447234153747559, 6.447239875793457, 6.447237491607666, 6.447240829467773, 6.447242736816406, 6.447237968444824, 6.447239875793457, 6.447238922119141], "accuracy": [0.10012000054121017, 0.10000000149011612, 0.10000000149011612, 0.10000000149011612, 0.10000000149011612, 0.10000000149011612, 0.10000000149011612, 0.10000000149011612, 0.10000000149011612, 0.10000000149011612, 0.10000000149011612, 0.10000000149011612, 0.10000000149011612, 0.10000000149011612, 0.10000000149011612], "val_loss": [6.447237968444824, 6.447237968444824, 6.447237968444824, 6.447237968444824, 6.447237968444824, 6.447237968444824, 6.447237968444824, 6.447237968444824, 6.447237968444824, 6.447237968444824, 6.447237968444824, 6.447237968444824, 6.447237968444824, 6.447237968444824, 6.447237968444824], "val_accuracy": [0.10000000149011612, 0.10000000149011612, 0.10000000149011612, 0.10000000149011612, 0.10000000149011612, 0.10000000149011612, 0.10000000149011612, 0.10000000149011612, 0.10000000149011612, 0.10000000149011612, 0.10000000149011612, 0.10000000149011612, 0.10000000149011612, 0.10000000149011612, 0.10000000149011612]}