{"loss": [11.22356128692627, 11.282662391662598, 11.282665252685547, 11.28266716003418, 11.282665252685547, 11.282665252685547, 11.282670974731445, 11.282662391662598, 11.28266716003418, 11.282661437988281], "accuracy": [0.10000000149011612, 0.10000000149011612, 0.10000000149011612, 0.10000000149011612, 0.10000000149011612, 0.10000000149011612, 0.10000000149011612, 0.10000000149011612, 0.10000000149011612, 0.10000000149011612], "val_loss": [11.28266429901123, 11.28266429901123, 11.28266429901123, 11.28266429901123, 11.28266429901123, 11.28266429901123, 11.28266429901123, 11.28266429901123, 11.28266429901123, 11.28266429901123], "val_accuracy": [0.10000000149011612, 0.10000000149011612, 0.10000000149011612, 0.10000000149011612, 0.10000000149011612, 0.10000000149011612, 0.10000000149011612, 0.10000000149011612, 0.10000000149011612, 0.10000000149011612]}