{"loss": [9.656306266784668, 9.670849800109863, 9.670849800109863, 9.670858383178711, 9.670851707458496, 9.670858383178711, 9.670855522155762, 9.67084789276123, 9.670849800109863, 9.670856475830078], "accuracy": [0.10000000149011612, 0.10000000149011612, 0.10000000149011612, 0.10000000149011612, 0.10000000149011612, 0.10000000149011612, 0.10000000149011612, 0.10000000149011612, 0.10000000149011612, 0.10000000149011612], "val_loss": [9.670857429504395, 9.670857429504395, 9.670857429504395, 9.670857429504395, 9.670857429504395, 9.670857429504395, 9.670857429504395, 9.670857429504395, 9.670857429504395, 9.670857429504395], "val_accuracy": [0.10000000149011612, 0.10000000149011612, 0.10000000149011612, 0.10000000149011612, 0.10000000149011612, 0.10000000149011612, 0.10000000149011612, 0.10000000149011612, 0.10000000149011612, 0.10000000149011612]}