{"loss": [9.426776885986328, 9.670853614807129, 9.670849800109863, 9.67084789276123, 9.670851707458496, 9.67085075378418, 9.670854568481445, 9.670849800109863, 9.670854568481445, 9.670854568481445, 9.670855522155762, 9.670855522155762, 9.670858383178711, 9.670852661132812, 9.670851707458496], "accuracy": [0.10062000155448914, 0.10000000149011612, 0.10000000149011612, 0.10000000149011612, 0.10000000149011612, 0.10000000149011612, 0.10000000149011612, 0.10000000149011612, 0.10000000149011612, 0.10000000149011612, 0.10000000149011612, 0.10000000149011612, 0.10000000149011612, 0.10000000149011612, 0.10000000149011612], "val_loss": [9.670858383178711, 9.670858383178711, 9.670858383178711, 9.670858383178711, 9.670858383178711, 9.670858383178711, 9.670858383178711, 9.670858383178711, 9.670858383178711, 9.670858383178711, 9.670858383178711, 9.670858383178711, 9.670858383178711, 9.670858383178711, 9.670858383178711], "val_accuracy": [0.10000000149011612, 0.10000000149011612, 0.10000000149011612, 0.10000000149011612, 0.10000000149011612, 0.10000000149011612, 0.10000000149011612, 0.10000000149011612, 0.10000000149011612, 0.10000000149011612, 0.10000000149011612, 0.10000000149011612, 0.10000000149011612, 0.10000000149011612, 0.10000000149011612]}