{"loss": [1.5099135637283325, 1.1622248888015747, 1.018629789352417, 0.9238494038581848, 0.8491454124450684, 0.7931950092315674, 0.7420504689216614, 0.7012261152267456, 0.6621216535568237, 0.621965765953064, 0.5933212637901306, 0.5573086738586426, 0.5295868515968323, 0.4980222284793854, 0.4782716929912567, 0.45636650919914246, 0.4249473512172699, 0.4037993252277374, 0.38359519839286804, 0.3664195239543915, 0.3407014012336731, 0.33016660809516907, 0.3074515163898468, 0.2936978042125702, 0.2755507528781891, 0.25714749097824097, 0.2561910152435303, 0.23780791461467743, 0.22648994624614716, 0.2198312133550644, 0.21302920579910278, 0.19796286523342133, 0.19514568150043488, 0.18896111845970154, 0.184528648853302, 0.1670021414756775, 0.17839394509792328, 0.15784509479999542, 0.16823336482048035, 0.15299029648303986, 0.15267440676689148, 0.14847277104854584, 0.1461016684770584, 0.15021200478076935, 0.1376585066318512, 0.1460866928100586, 0.13325773179531097, 0.13613110780715942, 0.13082879781723022, 0.13000260293483734], "accuracy": [0.44962000846862793, 0.5916000008583069, 0.6448000073432922, 0.6797199845314026, 0.7023599743843079, 0.7231400012969971, 0.7406600117683411, 0.7558799982070923, 0.7678599953651428, 0.7824199795722961, 0.7904199957847595, 0.8042399883270264, 0.8138999938964844, 0.8246600031852722, 0.8316400051116943, 0.8378000259399414, 0.8489800095558167, 0.8561599850654602, 0.8650199770927429, 0.8687800168991089, 0.8799200057983398, 0.8822600245475769, 0.8893799781799316, 0.8931800127029419, 0.9025800228118896, 0.906440019607544, 0.9075000286102295, 0.9146199822425842, 0.9171599745750427, 0.9200800061225891, 0.9218000173568726, 0.9279400110244751, 0.9284399747848511, 0.9309800267219543, 0.9329000115394592, 0.9396799802780151, 0.9361600279808044, 0.9429200291633606, 0.9397000074386597, 0.9453799724578857, 0.9448800086975098, 0.947380006313324, 0.9478999972343445, 0.9469799995422363, 0.9521200060844421, 0.9477599859237671, 0.9531599879264832, 0.9513199925422668, 0.9539999961853027, 0.95524001121521], "val_loss": [3.3686680793762207, 3.1005988121032715, 2.9412100315093994, 3.23744535446167, 3.0468647480010986, 3.237399101257324, 3.4940223693847656, 4.2569193840026855, 4.4213151931762695, 3.8308956623077393, 4.438717842102051, 6.163696765899658, 4.616642475128174, 7.960221290588379, 7.727602481842041, 9.159584045410156, 7.382940769195557, 6.906612396240234, 7.327586650848389, 9.577290534973145, 10.85095500946045, 11.0845308303833, 12.143241882324219, 12.333476066589355, 15.100751876831055, 12.298355102539062, 15.794256210327148, 15.571971893310547, 15.335829734802246, 16.275394439697266, 14.463915824890137, 20.988079071044922, 20.758649826049805, 20.303394317626953, 16.183515548706055, 16.42998504638672, 18.044857025146484, 19.212358474731445, 23.31369400024414, 20.398117065429688, 23.842342376708984, 26.23581314086914, 26.591455459594727, 26.86736297607422, 24.266742706298828, 24.6273136138916, 19.97770881652832, 33.29339599609375, 20.74994468688965, 23.4715633392334], "val_accuracy": [0.10000000149011612, 0.10040000081062317, 0.10000000149011612, 0.10000000149011612, 0.10000000149011612, 0.10339999943971634, 0.10000000149011612, 0.10000000149011612, 0.10000000149011612, 0.10000000149011612, 0.10000000149011612, 0.10000000149011612, 0.10000000149011612, 0.10000000149011612, 0.10000000149011612, 0.10000000149011612, 0.10000000149011612, 0.10000000149011612, 0.10130000114440918, 0.10000000149011612, 0.10000000149011612, 0.10000000149011612, 0.10000000149011612, 0.10000000149011612, 0.10450000315904617, 0.10000000149011612, 0.10000000149011612, 0.10000000149011612, 0.10000000149011612, 0.10000000149011612, 0.10000000149011612, 0.10000000149011612, 0.10000000149011612, 0.10000000149011612, 0.10000000149011612, 0.10000000149011612, 0.10000000149011612, 0.10000000149011612, 0.10000000149011612, 0.10000000149011612, 0.10000000149011612, 0.10000000149011612, 0.10000000149011612, 0.10000000149011612, 0.10000000149011612, 0.10000000149011612, 0.10000000149011612, 0.10000000149011612, 0.10000000149011612, 0.10000000149011612]}