{"loss": [12.654786109924316, 2.315410852432251, 2.3161025047302246, 2.314786434173584, 2.3163442611694336, 2.3161561489105225, 2.315268039703369, 2.3159165382385254, 2.3156917095184326, 2.314765691757202, 2.3155620098114014, 2.3158795833587646, 2.315412998199463, 2.31447172164917, 2.3153510093688965, 2.3151631355285645, 2.3159172534942627, 2.3152499198913574, 2.3152241706848145, 2.3153645992279053, 2.3153188228607178, 2.3147339820861816, 2.3148932456970215, 2.315974235534668, 2.316049814224243, 2.3155760765075684, 2.3153109550476074, 2.315652847290039, 2.3143513202667236, 2.3150954246520996, 2.3150014877319336, 2.315969467163086, 2.3161604404449463, 2.315927743911743, 2.316598415374756, 2.316135883331299, 2.315324068069458, 2.315495491027832, 2.315335988998413, 2.315260648727417, 2.3155508041381836, 2.3157975673675537, 2.315736770629883, 2.3152592182159424, 2.315591335296631, 2.3149774074554443, 2.314769744873047, 2.3160786628723145, 2.3156578540802, 2.314823865890503], "accuracy": [0.10142000019550323, 0.10273999720811844, 0.09830000251531601, 0.10022000223398209, 0.09892000257968903, 0.09893999993801117, 0.10146000236272812, 0.09944000095129013, 0.09731999784708023, 0.10085999965667725, 0.0997999981045723, 0.1004600003361702, 0.0995199978351593, 0.10174000263214111, 0.10183999687433243, 0.10140000283718109, 0.09882000088691711, 0.09978000074625015, 0.09901999682188034, 0.0997999981045723, 0.09724000096321106, 0.0997999981045723, 0.10057999938726425, 0.10103999823331833, 0.10041999816894531, 0.09991999715566635, 0.09927999973297119, 0.09954000264406204, 0.1006999984383583, 0.10115999728441238, 0.09893999993801117, 0.09759999811649323, 0.10000000149011612, 0.09888000041246414, 0.09967999905347824, 0.09988000243902206, 0.10062000155448914, 0.09746000170707703, 0.10152000188827515, 0.10019999742507935, 0.0997999981045723, 0.10211999714374542, 0.09873999655246735, 0.10019999742507935, 0.10062000155448914, 0.10063999891281128, 0.09972000122070312, 0.0997999981045723, 0.10108000040054321, 0.10118000209331512], "val_loss": [2.3306639194488525, 2.306527853012085, 2.3114006519317627, 2.313985586166382, 2.319796323776245, 2.3143043518066406, 2.3149871826171875, 2.3079142570495605, 2.3247087001800537, 2.311408281326294, 2.3187131881713867, 2.3103220462799072, 2.310277223587036, 2.3295955657958984, 2.310713768005371, 2.3119702339172363, 2.3248329162597656, 2.307265281677246, 2.320312023162842, 2.3161087036132812, 2.3169069290161133, 2.3160698413848877, 2.3157901763916016, 2.3183767795562744, 2.308218240737915, 2.3280608654022217, 2.3252742290496826, 2.3156378269195557, 2.3126730918884277, 2.312439203262329, 2.3110861778259277, 2.312865972518921, 2.3291404247283936, 2.323853015899658, 2.3136425018310547, 2.316314458847046, 2.3096160888671875, 2.3119869232177734, 2.3114044666290283, 2.313530921936035, 2.3102781772613525, 2.3215277194976807, 2.3054420948028564, 2.32088565826416, 2.30631422996521, 2.3138139247894287, 2.309697151184082, 2.3090908527374268, 2.306429862976074, 2.3103833198547363], "val_accuracy": [0.10000000149011612, 0.10000000149011612, 0.10000000149011612, 0.10000000149011612, 0.10000000149011612, 0.10000000149011612, 0.10000000149011612, 0.10000000149011612, 0.10000000149011612, 0.10000000149011612, 0.10000000149011612, 0.10000000149011612, 0.10000000149011612, 0.10000000149011612, 0.10000000149011612, 0.10000000149011612, 0.10000000149011612, 0.10000000149011612, 0.10000000149011612, 0.10000000149011612, 0.10000000149011612, 0.10000000149011612, 0.10000000149011612, 0.10000000149011612, 0.10000000149011612, 0.10000000149011612, 0.10000000149011612, 0.10000000149011612, 0.10000000149011612, 0.10000000149011612, 0.10000000149011612, 0.10000000149011612, 0.10000000149011612, 0.10000000149011612, 0.10000000149011612, 0.10000000149011612, 0.10000000149011612, 0.10000000149011612, 0.10000000149011612, 0.10000000149011612, 0.10000000149011612, 0.10000000149011612, 0.10000000149011612, 0.10000000149011612, 0.10000000149011612, 0.10000000149011612, 0.10000000149011612, 0.10000000149011612, 0.10000000149011612, 0.10000000149011612]}