{"loss": [1.483974575996399, 1.1069040298461914, 0.9519239664077759, 0.862165629863739, 0.7863203883171082, 0.7289953231811523, 0.6804149746894836, 0.6359449028968811, 0.589148998260498, 0.5514864325523376, 0.5191511511802673, 0.4832525849342346, 0.449261873960495, 0.4188205897808075, 0.39302074909210205, 0.36462438106536865, 0.34034544229507446, 0.3170434832572937, 0.2969001531600952, 0.2789885103702545, 0.25962984561920166, 0.23974861204624176, 0.22750957310199738, 0.22638845443725586, 0.20465107262134552, 0.19310498237609863, 0.1887788027524948, 0.17172639071941376, 0.18180230259895325, 0.15929187834262848, 0.1603255420923233, 0.1561441421508789, 0.14964503049850464, 0.14758695662021637, 0.14765223860740662, 0.13278722763061523, 0.14021384716033936, 0.12614139914512634, 0.13085271418094635, 0.12055987119674683, 0.12563255429267883, 0.1299479901790619, 0.11401426047086716, 0.11645711958408356, 0.11932314187288284, 0.11450768262147903, 0.1120777353644371, 0.1129111722111702, 0.11579886078834534, 0.09847235679626465, 0.109539695084095, 0.09364046156406403, 0.10948745906352997, 0.10515134781599045, 0.1003618836402893, 0.0974619910120964, 0.09403549134731293, 0.10090041905641556, 0.10472755879163742, 0.09190444648265839, 0.0959414541721344, 0.08746884763240814, 0.10180675983428955, 0.09265146404504776, 0.09792035818099976, 0.08547688275575638, 0.08986376971006393, 0.09326183795928955, 0.08428889513015747, 0.09525418281555176, 0.08637222647666931, 0.07822705060243607, 0.09029433876276016, 0.07868945598602295, 0.08933088928461075, 0.07945109158754349, 0.09365791827440262, 0.0855131521821022, 0.07855147123336792, 0.08498004823923111, 0.07834436744451523, 0.08806849271059036, 0.07463666796684265, 0.08640368282794952, 0.07934390008449554, 0.08525920659303665, 0.07359357178211212, 0.07930517196655273, 0.08599783480167389, 0.08323445171117783, 0.07145428657531738, 0.08065648376941681, 0.07594196498394012, 0.0797913521528244, 0.08091967552900314, 0.08279980719089508, 0.07724333554506302, 0.07482423633337021, 0.07798005640506744, 0.07422281056642532], "accuracy": [0.460999995470047, 0.6094800233840942, 0.6653800010681152, 0.6980000138282776, 0.7258800268173218, 0.7442600131034851, 0.7618399858474731, 0.776639997959137, 0.7935400009155273, 0.8049600124359131, 0.8169400095939636, 0.8289600014686584, 0.8391199707984924, 0.8519399762153625, 0.8591799736022949, 0.8693400025367737, 0.8780999779701233, 0.8860399723052979, 0.8920599818229675, 0.8984599709510803, 0.9064800143241882, 0.9144999980926514, 0.9168199896812439, 0.9175000190734863, 0.925320029258728, 0.9290599822998047, 0.9326800107955933, 0.9386799931526184, 0.934220016002655, 0.9422000050544739, 0.9429000020027161, 0.9439399838447571, 0.945900022983551, 0.9483399987220764, 0.9486799836158752, 0.9536600112915039, 0.9517599940299988, 0.9560800194740295, 0.9530400037765503, 0.9572399854660034, 0.957319974899292, 0.9559000134468079, 0.9613199830055237, 0.9602199792861938, 0.9587000012397766, 0.9606999754905701, 0.9621599912643433, 0.9607399702072144, 0.9603999853134155, 0.9667400121688843, 0.9625399708747864, 0.9690600037574768, 0.9642199873924255, 0.9653000235557556, 0.9665600061416626, 0.9678599834442139, 0.9692599773406982, 0.96670001745224, 0.9657800197601318, 0.969980001449585, 0.9684399962425232, 0.9703199863433838, 0.96697998046875, 0.9705399870872498, 0.9678599834442139, 0.9720399975776672, 0.9700199961662292, 0.9697800278663635, 0.9734399914741516, 0.9688400030136108, 0.9719200134277344, 0.9742799997329712, 0.9704599976539612, 0.9737600088119507, 0.9715399742126465, 0.9746599793434143, 0.9706199765205383, 0.9734399914741516, 0.9747599959373474, 0.9735199809074402, 0.9744200110435486, 0.9724400043487549, 0.9761199951171875, 0.9734200239181519, 0.9757800102233887, 0.9732999801635742, 0.9763399958610535, 0.9749600291252136, 0.9731400012969971, 0.974399983882904, 0.97843998670578, 0.975059986114502, 0.9758800268173218, 0.975600004196167, 0.9756799936294556, 0.9751399755477905, 0.9762399792671204, 0.9774199724197388, 0.9768400192260742, 0.9783999919891357], "val_loss": [3.4024417400360107, 3.660753011703491, 3.171149492263794, 3.420078992843628, 4.3679609298706055, 4.365005016326904, 5.048563480377197, 5.625889778137207, 5.6916632652282715, 5.195870876312256, 6.7838850021362305, 5.8277974128723145, 5.765185356140137, 6.756679534912109, 8.251379013061523, 7.534340858459473, 11.624298095703125, 9.185787200927734, 9.27151870727539, 12.883245468139648, 10.052985191345215, 12.00174331665039, 11.868854522705078, 12.25796890258789, 11.94475269317627, 11.96177864074707, 11.371503829956055, 13.001900672912598, 15.084637641906738, 12.100613594055176, 13.39291763305664, 15.439406394958496, 16.330774307250977, 17.15218734741211, 20.08547019958496, 17.76734733581543, 21.96730613708496, 26.47029685974121, 23.45927619934082, 22.519855499267578, 24.801252365112305, 20.779815673828125, 21.015274047851562, 25.205839157104492, 28.91902732849121, 24.440479278564453, 34.350929260253906, 27.488813400268555, 22.189197540283203, 30.89320945739746, 26.745588302612305, 22.615129470825195, 24.272579193115234, 27.24371337890625, 27.303699493408203, 30.54875946044922, 31.461143493652344, 24.37019920349121, 31.474027633666992, 25.0280818939209, 26.36412811279297, 20.078258514404297, 21.283226013183594, 23.673295974731445, 27.389568328857422, 18.563230514526367, 26.881668090820312, 35.67837905883789, 31.335012435913086, 30.52097511291504, 32.0455207824707, 33.24140167236328, 27.683734893798828, 33.46612548828125, 27.15708351135254, 31.439380645751953, 27.175378799438477, 34.452186584472656, 29.486827850341797, 27.264446258544922, 46.15732955932617, 35.716190338134766, 38.41271209716797, 40.032962799072266, 40.675315856933594, 39.4737548828125, 38.93882751464844, 39.26261520385742, 47.37404251098633, 38.87232971191406, 40.44613265991211, 37.81214141845703, 48.33618927001953, 39.57598114013672, 41.121700286865234, 52.15373611450195, 40.724151611328125, 38.34878921508789, 41.89454650878906, 40.49760437011719],