{"loss": [9.599942207336426, 2.3146142959594727, 2.3156652450561523, 2.3159942626953125, 2.3157286643981934, 2.315078020095825, 2.315974473953247, 2.3161134719848633, 2.316545009613037, 2.31563663482666, 2.316232442855835, 2.315549850463867, 2.315645933151245, 2.3152060508728027, 2.3162758350372314, 2.315911293029785, 2.3159186840057373, 2.3148550987243652, 2.3157432079315186, 2.3151307106018066, 2.3148953914642334, 2.315368413925171, 2.3153674602508545, 2.315922737121582, 2.3156323432922363, 2.31650447845459, 2.3151588439941406, 2.3145623207092285, 2.3147499561309814, 2.3156628608703613, 2.316401958465576, 2.3155853748321533, 2.316196918487549, 2.3156325817108154, 2.3153843879699707, 2.315866231918335, 2.3164141178131104, 2.3149547576904297, 2.316899299621582, 2.3153891563415527, 2.314326524734497, 2.3153624534606934, 2.3156394958496094, 2.315540075302124, 2.3156802654266357, 2.315213203430176, 2.315027952194214, 2.315938949584961, 2.3158233165740967, 2.315108299255371, 2.316035747528076, 2.314605951309204, 2.314561605453491, 2.314973831176758, 2.315624713897705, 2.3159286975860596, 2.3149874210357666, 2.3154749870300293, 2.3156325817108154, 2.3154563903808594, 2.3149847984313965, 2.315514087677002, 2.3147895336151123, 2.315425157546997, 2.3159098625183105, 2.3154313564300537, 2.314502716064453, 2.31547212600708, 2.31557297706604, 2.3148105144500732, 2.3158798217773438, 2.3163511753082275, 2.3149571418762207, 2.314788818359375, 2.315521001815796, 2.3155436515808105, 2.3159918785095215, 2.3154327869415283, 2.3157360553741455, 2.3170807361602783, 2.3145222663879395, 2.3157896995544434, 2.3156747817993164, 2.314274549484253, 2.3155159950256348, 2.3156752586364746, 2.3144829273223877, 2.3146307468414307, 2.3151724338531494, 2.3145697116851807, 2.315643787384033, 2.31618070602417, 2.3154051303863525, 2.3169667720794678, 2.315366506576538, 2.3165557384490967, 2.315016031265259, 2.3160579204559326, 2.315504789352417, 2.3157598972320557], "accuracy": [0.09957999736070633, 0.1024399995803833, 0.09989999979734421, 0.10119999945163727, 0.09893999993801117, 0.09994000196456909, 0.10025999695062637, 0.09950000047683716, 0.09837999939918518, 0.10236000269651413, 0.09984000027179718, 0.09997999668121338, 0.1006999984383583, 0.10127999633550644, 0.09865999966859818, 0.0997999981045723, 0.09933999925851822, 0.1008400022983551, 0.10068000108003616, 0.09973999857902527, 0.10062000155448914, 0.09880000352859497, 0.10066000372171402, 0.09888000041246414, 0.09976000338792801, 0.09892000257968903, 0.10006000101566315, 0.09923999756574631, 0.09976000338792801, 0.09781999886035919, 0.10131999850273132, 0.10175999999046326, 0.09740000218153, 0.10093999654054642, 0.10016000270843506, 0.09867999702692032, 0.1001800000667572, 0.10130000114440918, 0.10016000270843506, 0.10121999680995941, 0.10233999788761139, 0.09883999824523926, 0.09889999777078629, 0.10028000175952911, 0.10158000141382217, 0.10056000202894211, 0.09784000366926193, 0.09864000231027603, 0.10035999864339828, 0.09978000074625015, 0.09960000216960907, 0.09882000088691711, 0.10102000087499619, 0.10266000032424927, 0.10066000372171402, 0.09923999756574631, 0.09991999715566635, 0.09976000338792801, 0.10102000087499619, 0.0995199978351593, 0.09777999669313431, 0.09836000204086304, 0.1008400022983551, 0.09994000196456909, 0.09827999770641327, 0.09994000196456909, 0.09895999729633331, 0.1003199964761734, 0.10096000134944916, 0.09954000264406204, 0.09893999993801117, 0.10119999945163727, 0.10023999959230423, 0.10130000114440918, 0.09889999777078629, 0.09960000216960907, 0.10056000202894211, 0.09845999628305435, 0.09860000014305115, 0.09573999792337418, 0.09957999736070633, 0.10041999816894531, 0.09842000156641006, 0.10196000337600708, 0.0993800014257431, 0.0997999981045723, 0.09877999871969223, 0.09995999932289124, 0.10028000175952911, 0.10204000025987625, 0.10186000168323517, 0.09950000047683716, 0.10057999938726425, 0.09929999709129333, 0.10047999769449234, 0.09954000264406204, 0.10134000331163406, 0.1004600003361702, 0.10080000013113022, 0.09548000246286392], "val_loss": [2.318561315536499, 2.312654972076416, 2.3144845962524414, 2.3128039836883545, 2.3217990398406982, 2.317702293395996, 2.3160440921783447, 2.314770221710205, 2.3171067237854004, 2.3100526332855225, 2.32008695602417, 2.320988416671753, 2.3216731548309326, 2.317847967147827, 2.3236331939697266, 2.3118202686309814, 2.3115196228027344, 2.3169777393341064, 2.315852642059326, 2.3180243968963623, 2.317553997039795, 2.311671733856201, 2.3080365657806396, 2.321404457092285, 2.3099396228790283, 2.312755584716797, 2.3257813453674316, 2.3220245838165283, 2.3339085578918457, 2.319120168685913, 2.3137874603271484, 2.309591293334961, 2.322859287261963, 2.3259644508361816, 2.3124592304229736, 2.3106436729431152, 2.313107967376709, 2.3302807807922363, 2.3153574466705322, 2.3125245571136475, 2.3208601474761963, 2.312746047973633, 2.313667058944702, 2.3158442974090576, 2.315525770187378, 2.3106446266174316, 2.3186399936676025, 2.3166348934173584, 2.314497947692871, 2.307166337966919, 2.314662218093872, 2.3155877590179443, 2.3242506980895996, 2.310129404067993, 2.312934637069702, 2.3129451274871826, 2.310131072998047, 2.3193891048431396, 2.3129289150238037, 2.318314552307129, 2.3208768367767334, 2.310699939727783, 2.3136284351348877, 2.3161284923553467, 2.3041133880615234, 2.319335699081421, 2.313208818435669, 2.3183937072753906, 2.315901279449463, 2.315300464630127, 2.321021556854248, 2.3157293796539307, 2.319667339324951, 2.322514533996582, 2.3077480792999268, 2.3133888244628906, 2.3184170722961426, 2.3161895275115967, 2.3159358501434326, 2.306678056716919, 2.310286045074463, 2.3201799392700195, 2.3130524158477783, 2.310537815093994, 2.3131985664367676, 2.319500684738159, 2.318070650100708, 2.311614513397217, 2.3201096057891846, 2.3118650913238525, 2.3100974559783936, 2.3117997646331787, 2.3074426651000977, 2.3072569370269775, 2.3064661026000977, 2.3175480365753174, 2.3106415271759033, 2.3156890869140625, 2.312175750732422, 2.310485601425171],