{"loss": [187.7838134765625, 2.3162264823913574, 2.3162033557891846, 2.314953327178955, 2.316204309463501, 2.316368579864502, 2.315945863723755, 2.3162927627563477, 2.3165793418884277, 2.3167359828948975, 2.316025495529175, 2.3160736560821533, 2.3160533905029297, 2.31559157371521, 2.3165230751037598, 2.3158228397369385, 2.3157503604888916, 2.3159220218658447, 2.3159594535827637, 2.3164021968841553, 2.3169238567352295, 2.315685272216797, 2.316823959350586, 2.316372871398926, 2.315882921218872, 2.315908670425415, 2.317417860031128, 2.316340923309326, 2.315887451171875, 2.316589593887329, 2.316209316253662, 2.3161895275115967, 2.3162286281585693, 2.3154003620147705, 2.316309690475464, 2.3165502548217773, 2.3159701824188232, 2.3162007331848145, 2.31585693359375, 2.315739393234253, 2.316054344177246, 2.316244602203369, 2.316089630126953, 2.316256523132324, 2.3156323432922363, 2.3162386417388916, 2.3159303665161133, 2.31640887260437, 2.315760850906372, 2.3165040016174316, 2.316697120666504, 2.316464424133301, 2.316577196121216, 2.3159358501434326, 2.316575288772583, 2.3164095878601074, 2.3167247772216797, 2.317126750946045, 2.3160760402679443, 2.315556764602661, 2.3167359828948975, 2.3161234855651855, 2.31587553024292, 2.3158442974090576, 2.315825939178467, 2.3159546852111816, 2.31547474861145, 2.316387414932251, 2.3161537647247314, 2.3152358531951904, 2.3163068294525146, 2.3162825107574463, 2.3162593841552734, 2.316127061843872, 2.316012382507324, 2.3159799575805664, 2.3162710666656494, 2.3167612552642822, 2.3167641162872314, 2.316131353378296, 2.316981792449951, 2.3166863918304443, 2.316065549850464, 2.315642833709717, 2.3161773681640625, 2.3157689571380615, 2.3157541751861572, 2.316263198852539, 2.315701484680176, 2.3169193267822266, 2.315971612930298, 2.316070795059204, 2.3162341117858887, 2.315776824951172, 2.316152572631836, 2.315666437149048, 2.3166091442108154, 2.316988468170166, 2.316441297531128, 2.316343307495117], "accuracy": [0.10181999951601028, 0.0995199978351593, 0.09948000311851501, 0.10124000161886215, 0.10013999789953232, 0.09814000129699707, 0.10053999722003937, 0.09883999824523926, 0.09883999824523926, 0.09963999688625336, 0.10102000087499619, 0.098580002784729, 0.10134000331163406, 0.1005999967455864, 0.10007999837398529, 0.10093999654054642, 0.10143999755382538, 0.09950000047683716, 0.09978000074625015, 0.09916000068187714, 0.10029999911785126, 0.098580002784729, 0.09796000272035599, 0.10050000250339508, 0.10078000277280807, 0.10007999837398529, 0.0980599969625473, 0.09837999939918518, 0.09889999777078629, 0.09821999818086624, 0.09864000231027603, 0.09967999905347824, 0.09880000352859497, 0.10238000005483627, 0.09793999791145325, 0.09815999865531921, 0.09867999702692032, 0.09911999851465225, 0.0983399972319603, 0.09873999655246735, 0.09910000115633011, 0.09907999634742737, 0.10035999864339828, 0.09994000196456909, 0.10170000046491623, 0.09967999905347824, 0.09933999925851822, 0.10187999904155731, 0.10211999714374542, 0.09814000129699707, 0.09852000325918198, 0.09910000115633011, 0.09809999912977219, 0.09634000062942505, 0.09950000047683716, 0.09997999668121338, 0.09759999811649323, 0.09892000257968903, 0.10057999938726425, 0.10063999891281128, 0.09784000366926193, 0.09994000196456909, 0.10127999633550644, 0.10221999883651733, 0.09926000237464905, 0.10155999660491943, 0.10063999891281128, 0.10081999748945236, 0.09888000041246414, 0.10446000099182129, 0.09898000210523605, 0.10050000250339508, 0.10211999714374542, 0.09824000298976898, 0.10153999924659729, 0.10063999891281128, 0.09765999764204025, 0.09926000237464905, 0.09865999966859818, 0.0997999981045723, 0.09803999960422516, 0.09939999878406525, 0.10047999769449234, 0.10134000331163406, 0.10066000372171402, 0.10106000304222107, 0.10199999809265137, 0.10001999884843826, 0.10153999924659729, 0.09775999933481216, 0.09944000095129013, 0.09994000196456909, 0.09950000047683716, 0.09972000122070312, 0.1006999984383583, 0.10063999891281128, 0.09916000068187714, 0.09743999689817429, 0.09957999736070633, 0.10158000141382217], "val_loss": [2.316352367401123, 2.3160924911499023, 2.3287460803985596, 2.305722713470459, 2.3301339149475098, 2.3263659477233887, 2.321798086166382, 2.3238613605499268, 2.31195068359375, 2.3109097480773926, 2.310441255569458, 2.318979024887085, 2.3192334175109863, 2.31603741645813, 2.309659004211426, 2.3200511932373047, 2.3118903636932373, 2.3121402263641357, 2.319209337234497, 2.327253818511963, 2.3164608478546143, 2.3197920322418213, 2.3115530014038086, 2.332221269607544, 2.33347487449646, 2.3196322917938232, 2.3169047832489014, 2.3138763904571533, 2.3138046264648438, 2.316007614135742, 2.3339571952819824, 2.321204900741577, 2.316925525665283, 2.313119888305664, 2.3103482723236084, 2.3283028602600098, 2.316965341567993, 2.3181657791137695, 2.31858229637146, 2.3143534660339355, 2.314000129699707, 2.3149263858795166, 2.3197104930877686, 2.319518566131592, 2.339999198913574, 2.3222880363464355, 2.3107399940490723, 2.3272292613983154, 2.3270397186279297, 2.316640615463257, 2.3221232891082764, 2.309340715408325, 2.315699338912964, 2.336583375930786, 2.331784963607788, 2.3133366107940674, 2.3147387504577637, 2.304816722869873, 2.3413660526275635, 2.330263137817383, 2.3463621139526367, 2.3185064792633057, 2.3128581047058105, 2.3309988975524902, 2.314460039138794, 2.321155309677124, 2.3244752883911133, 2.335054636001587, 2.308012008666992, 2.3299965858459473, 2.3150391578674316, 2.31087064743042, 2.336121082305908, 2.3098583221435547, 2.3137478828430176, 2.3214948177337646, 2.311359405517578, 2.3141496181488037, 2.3436830043792725, 2.306283950805664, 2.3151731491088867, 2.315131425857544, 2.322434425354004, 2.319275140762329, 2.3247389793395996, 2.3142917156219482, 2.3210744857788086, 2.321209192276001, 2.315317153930664, 2.316948175430298, 2.326974391937256, 2.3258883953094482, 2.3227524757385254, 2.3201587200164795, 2.3259172439575195, 2.310901165008545, 2.3077547550201416, 2.3380112648010254, 2.331669330596924, 2.3068935871124268],