{"loss": [1.5306676626205444, 1.1189521551132202, 0.9520397782325745, 0.84660404920578, 0.7686781287193298, 0.7093710899353027, 0.6512365937232971, 0.6098608374595642, 0.5698963403701782, 0.5327988862991333, 0.5037786364555359, 0.4812387526035309, 0.46673691272735596, 0.4490637481212616, 0.43827763199806213, 0.4286110997200012, 0.4184013605117798, 0.4172179400920868, 0.41204214096069336, 0.4139704704284668, 0.41324856877326965, 0.4070838391780853, 0.41920778155326843, 0.41246652603149414, 0.42929455637931824, 0.4202001094818115, 0.4226784408092499, 0.4365134835243225, 0.43927836418151855, 0.4395119547843933, 0.4448954164981842, 0.4533522129058838, 0.4617936313152313, 0.4564352333545685, 0.4670221507549286, 0.47089043259620667, 0.47914808988571167, 0.4795460104942322, 0.48336344957351685, 0.48139187693595886, 0.49754756689071655, 0.490907222032547, 0.4811656177043915, 0.48404407501220703, 0.4832659363746643, 0.4839591085910797, 0.4792654812335968, 0.4791540205478668, 0.4779753088951111, 0.47580069303512573, 0.47648507356643677, 0.4825191795825958, 0.4730972647666931, 0.4820619523525238, 0.48918259143829346, 0.4818640947341919, 0.4841794967651367, 0.4797708988189697, 0.48205500841140747, 0.47993722558021545, 0.4747774600982666, 0.475326806306839, 0.46577295660972595, 0.45701152086257935, 0.450396865606308, 0.4615532457828522, 0.45745596289634705, 0.4577748775482178, 0.44823625683784485, 0.4621738791465759, 0.45399847626686096, 0.44628676772117615, 0.4326813817024231, 0.44339650869369507, 0.4432853162288666, 0.4480586647987366, 0.45097801089286804, 0.4475838541984558, 0.42984071373939514, 0.4141450524330139, 0.42571425437927246, 0.42039087414741516, 0.42344680428504944, 0.4208924174308777, 0.4239887595176697, 0.4183099865913391, 0.41517505049705505, 0.41368746757507324, 0.41127175092697144, 0.4060705602169037, 0.41041457653045654, 0.4119117259979248, 0.40080511569976807, 0.40672656893730164, 0.41492581367492676, 0.4059630036354065, 0.409261018037796, 0.39318418502807617, 0.3927977383136749, 0.39702659845352173], "accuracy": [0.44589999318122864, 0.6065000295639038, 0.6692399978637695, 0.7029399871826172, 0.7340999841690063, 0.7544999718666077, 0.7725800275802612, 0.789359986782074, 0.8039799928665161, 0.8167399764060974, 0.8270800113677979, 0.8354399800300598, 0.841920018196106, 0.8485400080680847, 0.8519600033760071, 0.8565599918365479, 0.8594200015068054, 0.8656600117683411, 0.8655999898910522, 0.8674799799919128, 0.8672000169754028, 0.8695799708366394, 0.8677399754524231, 0.8712999820709229, 0.8669400215148926, 0.8708000183105469, 0.869920015335083, 0.866159975528717, 0.8665599822998047, 0.8665599822998047, 0.8651999831199646, 0.8648999929428101, 0.8612800240516663, 0.8628000020980835, 0.8593599796295166, 0.8584200143814087, 0.8573200106620789, 0.8568400144577026, 0.8562800288200378, 0.8566200137138367, 0.8506799936294556, 0.8510000109672546, 0.8557400107383728, 0.8518800139427185, 0.8548200130462646, 0.8561599850654602, 0.8562800288200378, 0.8560000061988831, 0.8557599782943726, 0.8577600121498108, 0.8599799871444702, 0.8551200032234192, 0.8590800166130066, 0.8538200259208679, 0.8554400205612183, 0.8558599948883057, 0.853600025177002, 0.8549799919128418, 0.8573200106620789, 0.8563399910926819, 0.8580999970436096, 0.8568400144577026, 0.8603399991989136, 0.8616200089454651, 0.861840009689331, 0.8603600263595581, 0.86353999376297, 0.8611400127410889, 0.8660200238227844, 0.8621199727058411, 0.8624799847602844, 0.8649600148200989, 0.8694400191307068, 0.8686400055885315, 0.8656799793243408, 0.8653600215911865, 0.864359974861145, 0.8673200011253357, 0.8694999814033508, 0.8726800084114075, 0.8752999901771545, 0.8739200234413147, 0.8752800226211548, 0.8750799894332886, 0.8742799758911133, 0.8767799735069275, 0.8766000270843506, 0.8784199953079224, 0.8758999705314636, 0.8795400261878967, 0.8784000277519226, 0.8784599900245667, 0.8820599913597107, 0.879580020904541, 0.8804399967193604, 0.8799999952316284, 0.8784000277519226, 0.8825799822807312, 0.8833000063896179, 0.8834199905395508], "val_loss": [3.5948262214660645, 3.286924123764038, 3.5652711391448975, 3.746532917022705, 4.804218769073486, 5.297224044799805, 5.664808750152588, 3.8387105464935303, 5.399572372436523, 6.364924430847168, 4.098531246185303, 3.23718523979187, 3.0824735164642334, 9.822632789611816, 4.994347095489502, 4.718559741973877, 12.450297355651855, 2.514064311981201, 8.448341369628906, 7.617959499359131, 3.085479497909546, 5.3762617111206055, 4.487689018249512, 4.315115928649902, 2.404278516769409, 14.648716926574707, 8.66845703125, 2.616564989089966, 5.003275394439697, 2.3779454231262207, 7.3539228439331055, 12.104827880859375, 3.5277328491210938, 2.4219961166381836, 3.6648621559143066, 3.5694260597229004, 6.041662216186523, 5.50546932220459, 3.143709659576416, 2.405210018157959, 3.0079686641693115, 6.754114627838135, 7.175553798675537, 4.407479763031006, 14.884716987609863, 3.7436301708221436, 3.221635580062866, 6.604675769805908, 3.085373640060425, 3.836690902709961, 3.8963024616241455, 3.21630597114563, 8.089168548583984, 3.6106178760528564, 3.1189136505126953, 2.5531668663024902, 2.5075111389160156, 2.9060521125793457, 6.141305923461914, 4.145702362060547, 6.137296199798584, 3.7415003776550293, 5.90342378616333, 4.168153762817383, 4.862855434417725, 3.8939623832702637, 7.219313144683838, 5.715124130249023, 3.0687289237976074, 5.881786346435547, 7.348045349121094, 3.2554690837860107, 6.540046691894531, 3.689347267150879, 5.743897438049316, 7.463131904602051, 7.891050815582275, 14.3261137008667, 7.574435234069824, 3.8608479499816895, 4.263044834136963, 4.955315113067627, 5.4990010261535645, 8.012932777404785, 3.8857316970825195, 6.087210178375244, 3.144660234451294, 7.5491156578063965, 3.0527985095977783, 3.8127636909484863, 6.815377235412598, 6.046899795532227, 3.790860176086426, 21.132537841796875, 8.896397590637207, 8.65068244934082, 6.98068904876709, 14.611685752868652, 7.141938209533691, 5.817151069641113],