{"loss": [1.5352116823196411, 1.1304566860198975, 0.9699975252151489, 0.8638997673988342, 0.7933668494224548, 0.731607973575592, 0.6839964985847473, 0.6434639692306519, 0.608196496963501, 0.5806875228881836, 0.5591583847999573, 0.537218451499939, 0.5163589715957642, 0.49829721450805664, 0.4877902865409851, 0.47183355689048767, 0.46715477108955383, 0.45485058426856995, 0.44790148735046387, 0.4437996447086334, 0.44083085656166077, 0.4358746409416199, 0.42998379468917847, 0.43018901348114014, 0.42647820711135864, 0.42891475558280945, 0.43054211139678955, 0.43257179856300354, 0.44299256801605225, 0.43462416529655457, 0.44768622517585754, 0.4454759657382965, 0.44371894001960754, 0.44847729802131653, 0.45360875129699707, 0.462215393781662, 0.45287641882896423, 0.45739129185676575, 0.4634326696395874, 0.46942463517189026, 0.47369733452796936, 0.472517192363739, 0.4660041034221649, 0.47602584958076477, 0.4699770212173462, 0.46189674735069275, 0.4649609625339508, 0.47787824273109436, 0.4821181893348694, 0.4818509519100189], "accuracy": [0.4479599893093109, 0.6019600033760071, 0.6600599884986877, 0.6965399980545044, 0.7251600027084351, 0.7446799874305725, 0.763159990310669, 0.7773399949073792, 0.7914599776268005, 0.801360011100769, 0.8113200068473816, 0.8195199966430664, 0.8253200054168701, 0.8321800231933594, 0.837939977645874, 0.8428400158882141, 0.84552001953125, 0.8511000275611877, 0.8503999710083008, 0.8540599942207336, 0.8575800061225891, 0.857420027256012, 0.8606600165367126, 0.8626199960708618, 0.8615000247955322, 0.864359974861145, 0.8622999787330627, 0.8632000088691711, 0.8627200126647949, 0.8630399703979492, 0.8608400225639343, 0.8599600195884705, 0.862820029258728, 0.8618999719619751, 0.8604599833488464, 0.8583199977874756, 0.8585600256919861, 0.8611999750137329, 0.8571199774742126, 0.8573399782180786, 0.8566399812698364, 0.8564000129699707, 0.8564199805259705, 0.8547400236129761, 0.8572800159454346, 0.8599600195884705, 0.8583800196647644, 0.8541200160980225, 0.8546199798583984, 0.8524600267410278], "val_loss": [3.4274065494537354, 3.7209057807922363, 4.022191047668457, 4.2007527351379395, 4.950883388519287, 5.050452709197998, 6.293957710266113, 8.954651832580566, 11.603496551513672, 8.178545951843262, 10.556893348693848, 10.341081619262695, 9.25966739654541, 13.474226951599121, 16.604503631591797, 13.962868690490723, 18.43439483642578, 17.365310668945312, 15.686762809753418, 15.18925666809082, 16.744461059570312, 12.36343002319336, 28.943403244018555, 20.129138946533203, 17.250835418701172, 21.157133102416992, 17.705429077148438, 17.3245792388916, 14.722123146057129, 19.241819381713867, 8.717159271240234, 18.4671688079834, 11.989697456359863, 16.830652236938477, 14.109813690185547, 8.489587783813477, 21.352310180664062, 9.904823303222656, 8.023444175720215, 4.916778087615967, 23.556509017944336, 15.251350402832031, 11.961675643920898, 21.505199432373047, 7.299056053161621, 26.999805450439453, 11.77768325805664, 34.39457321166992, 27.28188705444336, 34.9437370300293], "val_accuracy": [0.10000000149011612, 0.10000000149011612, 0.10000000149011612, 0.10000000149011612, 0.10000000149011612, 0.10000000149011612, 0.10000000149011612, 0.10000000149011612, 0.10000000149011612, 0.10000000149011612, 0.10000000149011612, 0.10000000149011612, 0.10000000149011612, 0.10000000149011612, 0.10000000149011612, 0.10000000149011612, 0.10000000149011612, 0.10000000149011612, 0.1005999967455864, 0.10000000149011612, 0.10000000149011612, 0.11640000343322754, 0.10000000149011612, 0.10000000149011612, 0.10000000149011612, 0.10000000149011612, 0.10000000149011612, 0.10000000149011612, 0.10000000149011612, 0.10000000149011612, 0.10000000149011612, 0.10000000149011612, 0.10000000149011612, 0.10000000149011612, 0.10000000149011612, 0.10000000149011612, 0.10000000149011612, 0.10000000149011612, 0.10000000149011612, 0.10809999704360962, 0.10000000149011612, 0.10000000149011612, 0.10000000149011612, 0.10000000149011612, 0.10000000149011612, 0.10000000149011612, 0.10000000149011612, 0.10000000149011612, 0.10000000149011612, 0.10000000149011612]}