{"loss": [1578.9632568359375, 2.3159666061401367, 2.3165416717529297, 2.3162119388580322, 2.315058946609497, 2.3167564868927, 2.3159961700439453, 2.3164210319519043, 2.31477952003479, 2.3167083263397217, 2.3165836334228516, 2.315659999847412, 2.3163235187530518, 2.315960645675659, 2.3163506984710693, 2.3159873485565186, 2.316720962524414, 2.316169261932373, 2.3165886402130127, 2.3160533905029297, 2.3162691593170166, 2.3158183097839355, 2.3158981800079346, 2.3160860538482666, 2.3161816596984863, 2.316154956817627, 2.3167614936828613, 2.3154923915863037, 2.315753221511841, 2.316204071044922, 2.316244602203369, 2.316270351409912, 2.31640887260437, 2.314821481704712, 2.3156964778900146, 2.315868377685547, 2.3159871101379395, 2.3161680698394775, 2.316300868988037, 2.3158178329467773, 2.315333843231201, 2.3160605430603027, 2.3166146278381348, 2.3154354095458984, 2.3164796829223633, 2.3160855770111084, 2.316171407699585, 2.3163938522338867, 2.3160810470581055, 2.316716194152832], "accuracy": [0.10159999877214432, 0.10146000236272812, 0.09960000216960907, 0.1009799987077713, 0.10152000188827515, 0.09731999784708023, 0.10277999937534332, 0.09827999770641327, 0.1027199998497963, 0.09758000075817108, 0.09905999898910522, 0.10124000161886215, 0.100040003657341, 0.10074000060558319, 0.09997999668121338, 0.10000000149011612, 0.09842000156641006, 0.0995199978351593, 0.09945999830961227, 0.10012000054121017, 0.0993800014257431, 0.10118000209331512, 0.09848000109195709, 0.09985999763011932, 0.09837999939918518, 0.1020599976181984, 0.09752000123262405, 0.10153999924659729, 0.10066000372171402, 0.09978000074625015, 0.09917999804019928, 0.10050000250339508, 0.09932000190019608, 0.1040399968624115, 0.10264000296592712, 0.10204000025987625, 0.10121999680995941, 0.10075999796390533, 0.10087999701499939, 0.0983399972319603, 0.10174000263214111, 0.10091999918222427, 0.09798000007867813, 0.10288000106811523, 0.0989999994635582, 0.09920000284910202, 0.1011200025677681, 0.09978000074625015, 0.10041999816894531, 0.09802000224590302], "val_loss": [2.3206303119659424, 2.3261427879333496, 2.3183274269104004, 2.318126678466797, 2.3178958892822266, 2.3126134872436523, 2.3054864406585693, 2.320678472518921, 2.3280463218688965, 2.3249895572662354, 2.3292675018310547, 2.313577175140381, 2.322932720184326, 2.3155336380004883, 2.3192121982574463, 2.318399667739868, 2.3242299556732178, 2.321526527404785, 2.314107894897461, 2.3227689266204834, 2.3199195861816406, 2.325014114379883, 2.318809747695923, 2.3309061527252197, 2.312116861343384, 2.3122358322143555, 2.305290937423706, 2.319171905517578, 2.3280410766601562, 2.311598300933838, 2.3183603286743164, 2.32145357131958, 2.312894821166992, 2.327471971511841, 2.3128037452697754, 2.317756175994873, 2.3187930583953857, 2.320444345474243, 2.31620717048645, 2.3160579204559326, 2.32586669921875, 2.3192646503448486, 2.3193793296813965, 2.3157992362976074, 2.3329155445098877, 2.3102340698242188, 2.3113791942596436, 2.3179378509521484, 2.3138740062713623, 2.32088565826416], "val_accuracy": [0.10000000149011612, 0.10000000149011612, 0.10000000149011612, 0.10000000149011612, 0.10000000149011612, 0.10000000149011612, 0.10000000149011612, 0.10000000149011612, 0.10000000149011612, 0.10000000149011612, 0.10000000149011612, 0.10000000149011612, 0.10000000149011612, 0.10000000149011612, 0.10000000149011612, 0.10000000149011612, 0.10000000149011612, 0.10000000149011612, 0.10000000149011612, 0.10000000149011612, 0.10000000149011612, 0.10000000149011612, 0.10000000149011612, 0.10000000149011612, 0.10000000149011612, 0.10000000149011612, 0.10000000149011612, 0.10000000149011612, 0.10000000149011612, 0.10000000149011612, 0.10000000149011612, 0.10000000149011612, 0.10000000149011612, 0.10000000149011612, 0.10000000149011612, 0.10000000149011612, 0.10000000149011612, 0.10000000149011612, 0.10000000149011612, 0.10000000149011612, 0.10000000149011612, 0.10000000149011612, 0.10000000149011612, 0.10000000149011612, 0.10000000149011612, 0.10000000149011612, 0.10000000149011612, 0.10000000149011612, 0.10000000149011612, 0.10000000149011612]}