{"loss": [2.2949461936950684, 2.261198043823242, 2.1518874168395996, 2.0361435413360596, 1.9772123098373413, 1.9238851070404053, 1.8632537126541138, 1.801224946975708, 1.7485462427139282, 1.7038134336471558, 1.663147211074829, 1.6274484395980835, 1.5962642431259155, 1.5694565773010254, 1.543635368347168, 1.5203744173049927, 1.49965238571167, 1.4808259010314941, 1.4633901119232178, 1.4504529237747192, 1.4356651306152344, 1.4215972423553467, 1.4076720476150513, 1.394827961921692, 1.3820260763168335, 1.3700895309448242, 1.357284665107727, 1.3465001583099365, 1.333322525024414, 1.323685646057129, 1.3124552965164185, 1.302756667137146, 1.2904608249664307, 1.2812234163284302, 1.2704522609710693, 1.2615079879760742, 1.2511835098266602, 1.2422354221343994, 1.2308763265609741, 1.2219889163970947, 1.2144465446472168, 1.204662561416626, 1.1969889402389526, 1.1878608465194702, 1.1803877353668213, 1.1707119941711426, 1.1631120443344116, 1.155483603477478, 1.1471409797668457, 1.1383802890777588, 1.1304810047149658, 1.1233566999435425, 1.116118311882019, 1.1073116064071655, 1.1010806560516357, 1.093056321144104, 1.0864319801330566, 1.0792043209075928, 1.071778655052185, 1.0657364130020142, 1.0584272146224976, 1.0521022081375122, 1.0444337129592896, 1.038763403892517, 1.0324350595474243, 1.025778889656067, 1.019990086555481, 1.0138694047927856, 1.0081647634506226, 1.0014493465423584, 0.9963338971138, 0.9905310869216919, 0.9843306541442871, 0.9802590608596802, 0.9717612266540527, 0.9698660373687744, 0.9626682996749878, 0.9575235843658447, 0.9533924460411072, 0.9463624358177185, 0.9433585405349731, 0.9369553327560425, 0.9328653812408447, 0.9292960166931152, 0.9245522618293762, 0.9194599390029907, 0.9141733646392822, 0.9110363125801086, 0.9048870205879211, 0.8995386958122253, 0.8958261609077454, 0.891682505607605, 0.8876297473907471, 0.8829665780067444, 0.8786542415618896, 0.8737024068832397, 0.8684871792793274, 0.8654699921607971, 0.8622759580612183, 0.8566582798957825], "accuracy": [0.12578000128269196, 0.1695600003004074, 0.21157999336719513, 0.25393998622894287, 0.27799999713897705, 0.3038400113582611, 0.32833999395370483, 0.3533399999141693, 0.37158000469207764, 0.384660005569458, 0.3988800048828125, 0.41269999742507935, 0.4230799973011017, 0.4314199984073639, 0.4408400058746338, 0.4499799907207489, 0.4578399956226349, 0.4662199914455414, 0.47214001417160034, 0.4786800146102905, 0.48482000827789307, 0.4896000027656555, 0.49709999561309814, 0.5015199780464172, 0.5073400139808655, 0.5102400183677673, 0.5170400142669678, 0.5216599702835083, 0.5253599882125854, 0.5307000279426575, 0.5358399748802185, 0.5388799905776978, 0.5441200137138367, 0.5468800067901611, 0.5495799779891968, 0.5542600154876709, 0.5572999715805054, 0.5619000196456909, 0.5662400126457214, 0.569159984588623, 0.5725600123405457, 0.5753200054168701, 0.580079972743988, 0.5824999809265137, 0.5863400101661682, 0.590179979801178, 0.5921400189399719, 0.5947200059890747, 0.5983800292015076, 0.6010599732398987, 0.6047800183296204, 0.6065800189971924, 0.6109399795532227, 0.6130599975585938, 0.6162599921226501, 0.6176599860191345, 0.6204800009727478, 0.6227200031280518, 0.6267399787902832, 0.6279000043869019, 0.6306800246238708, 0.6334199905395508, 0.6363400220870972, 0.6396399736404419, 0.6394799947738647, 0.6421599984169006, 0.6447200179100037, 0.6490399837493896, 0.6488800048828125, 0.6539999842643738, 0.6539599895477295, 0.655239999294281, 0.6565600037574768, 0.6592000126838684, 0.6606400012969971, 0.663640022277832, 0.6658400297164917, 0.666920006275177, 0.6690199971199036, 0.6731600165367126, 0.670199990272522, 0.675059974193573, 0.6750800013542175, 0.677619993686676, 0.6793799996376038, 0.6792200207710266, 0.6834400296211243, 0.6843799948692322, 0.6861799955368042, 0.6882399916648865, 0.6907399892807007, 0.6913800239562988, 0.6925399899482727, 0.6920199990272522, 0.6956800222396851, 0.6979399919509888, 0.7001000046730042, 0.7008600234985352, 0.7019000053405762, 0.703000009059906], "val_loss": [2.3026583194732666, 2.304757833480835, 2.3257296085357666, 2.337759017944336, 2.342259407043457, 2.3365797996520996, 2.346477508544922, 2.3822567462921143, 2.4168639183044434, 2.455648422241211, 2.495030403137207, 2.5258309841156006, 2.5479202270507812, 2.5546956062316895, 2.565873146057129, 2.560731887817383, 2.5665342807769775, 2.565436601638794, 2.5598323345184326, 2.5568132400512695, 2.5350911617279053, 2.5435311794281006, 2.546816110610962, 2.532026767730713, 2.5389952659606934, 2.5368223190307617, 2.5296132564544678, 2.5435638427734375, 2.5330703258514404, 2.538240909576416, 2.538545608520508, 2.549099922180176, 2.562577486038208, 2.5606703758239746, 2.564500093460083, 2.5926079750061035, 2.5695858001708984, 2.581683874130249, 2.606204032897949, 2.5921056270599365, 2.604261875152588, 2.6183104515075684, 2.631521463394165, 2.6346776485443115, 2.631706714630127, 2.665074348449707, 2.6646289825439453, 2.65653133392334, 2.684217929840088, 2.7017180919647217, 2.6914548873901367, 2.7315046787261963, 2.7232625484466553, 2.7138726711273193, 2.7256503105163574, 2.744541645050049, 2.7517812252044678, 2.7579307556152344, 2.7629969120025635, 2.7881264686584473, 2.800760507583618, 2.7934327125549316, 2.8272716999053955, 2.803833484649658, 2.824061155319214, 2.849952459335327, 2.860121011734009, 2.866903305053711, 2.863710641860962, 2.887661933898926, 2.875938653945923, 2.8812320232391357, 2.924912214279175, 2.918776273727417, 2.9101924896240234, 2.9424045085906982, 2.9284262657165527, 2.991940975189209, 2.9865505695343018, 2.946009635925293, 3.011906862258911, 3.0232555866241455, 2.9982094764709473, 3.0000360012054443, 3.014963388442993, 3.0112690925598145, 2.9830312728881836, 2.9980263710021973, 3.060760736465454, 3.0594942569732666, 3.017850875854492, 3.017080307006836, 3.056901693344116, 3.0712573528289795, 3.0785651206970215, 3.072840690612793, 3.060028553009033, 3.0630106925964355, 3.1046271324157715, 3.159910202026367],