{"loss": [1.7898536920547485, 1.3483967781066895, 1.166524887084961, 1.0382386445999146, 0.9434357285499573, 0.8678136467933655, 0.8030151724815369, 0.7462900280952454, 0.6970447897911072, 0.6527564525604248, 0.6151647567749023, 0.5801190137863159, 0.5507251024246216, 0.5290448665618896, 0.5129141807556152, 0.49299824237823486, 0.47788652777671814, 0.46997225284576416, 0.45078980922698975, 0.43801745772361755, 0.4405374228954315, 0.4316803216934204, 0.42793339490890503, 0.4308161735534668, 0.4063539505004883, 0.4278866648674011, 0.4243318736553192, 0.41622528433799744, 0.4206410050392151, 0.41683417558670044, 0.428047776222229, 0.4193456768989563, 0.4298876225948334, 0.4168466329574585, 0.4391709268093109, 0.4293162524700165, 0.42157331109046936, 0.43805330991744995, 0.44198697805404663, 0.43673744797706604, 0.4526091516017914, 0.44984158873558044, 0.43237069249153137, 0.4491367042064667, 0.45466071367263794, 0.45235884189605713, 0.4705990254878998, 0.47607797384262085, 0.48319578170776367, 0.47184911370277405, 0.47054463624954224, 0.4823770225048065, 0.4780384302139282, 0.4734739363193512, 0.494333952665329, 0.46221691370010376, 0.5140271186828613, 0.4925383925437927, 0.5079637765884399, 0.5144035816192627, 0.49637073278427124, 0.5010756850242615, 0.49550390243530273, 0.49998489022254944, 0.5258516669273376, 0.5232118368148804, 0.5130921006202698, 0.49165046215057373, 0.5099625587463379, 0.5143831372261047, 0.5391653776168823, 0.5204916000366211, 0.5106220841407776, 0.53758704662323, 0.554695188999176, 0.527620255947113, 0.5545705556869507, 0.5290892720222473, 0.5403233766555786, 0.5474227666854858, 0.551642119884491, 0.5882583856582642, 0.5634437799453735, 0.5838300585746765, 0.6302757859230042, 0.5673729777336121, 0.5864778757095337, 0.5915544629096985, 0.5258200168609619, 0.620977520942688, 0.5917302370071411, 0.60844486951828, 0.6322097778320312, 0.603246808052063, 0.6000598669052124, 0.5807551741600037, 0.6182870864868164, 0.638526201248169, 0.6822002530097961, 0.6807458400726318], "accuracy": [0.34977999329566956, 0.5162400007247925, 0.585919976234436, 0.6345800161361694, 0.6675000190734863, 0.6933599710464478, 0.7179800271987915, 0.7383999824523926, 0.7536799907684326, 0.7664200067520142, 0.7828199863433838, 0.7960399985313416, 0.8062000274658203, 0.8141800165176392, 0.8183599710464478, 0.8259199857711792, 0.8333799839019775, 0.8365399837493896, 0.8435199856758118, 0.8484399914741516, 0.8484799861907959, 0.8514400124549866, 0.8526800274848938, 0.8521999716758728, 0.8608599901199341, 0.8559200167655945, 0.8589199781417847, 0.8597599864006042, 0.8597400188446045, 0.8622599840164185, 0.8601599931716919, 0.8633599877357483, 0.8602200150489807, 0.865880012512207, 0.8585000038146973, 0.8611000180244446, 0.8645399808883667, 0.8610399961471558, 0.8586599826812744, 0.862339973449707, 0.8577799797058105, 0.8589800000190735, 0.8644400238990784, 0.8614000082015991, 0.8597999811172485, 0.8619199991226196, 0.8528000116348267, 0.8551200032234192, 0.8522999882698059, 0.8554800152778625, 0.8561599850654602, 0.8540800213813782, 0.8569999933242798, 0.8578600287437439, 0.853659987449646, 0.8597000241279602, 0.8504999876022339, 0.8524399995803833, 0.8513000011444092, 0.8495799899101257, 0.8539599776268005, 0.8535000085830688, 0.8538200259208679, 0.8536199927330017, 0.8480200171470642, 0.847599983215332, 0.8529199957847595, 0.8564000129699707, 0.8551599979400635, 0.8519600033760071, 0.8464999794960022, 0.8516200184822083, 0.8549399971961975, 0.8486400246620178, 0.8412600159645081, 0.8501999974250793, 0.8446800112724304, 0.8493599891662598, 0.8486999869346619, 0.848580002784729, 0.8473799824714661, 0.8363800048828125, 0.8446999788284302, 0.8384600281715393, 0.8282999992370605, 0.8430600166320801, 0.8376399874687195, 0.8367999792098999, 0.8522599935531616, 0.8324800133705139, 0.8405799865722656, 0.8339999914169312, 0.8304399847984314, 0.8377599716186523, 0.8385199904441833, 0.8431400060653687, 0.835319995880127, 0.8311600089073181, 0.8220800161361694, 0.8189200162887573], "val_loss": [3.231006622314453, 3.4133501052856445, 3.6877331733703613, 4.013641834259033, 3.35562801361084, 3.1392710208892822, 3.099665403366089, 3.4231514930725098, 4.745421886444092, 4.436390399932861, 3.827943801879883, 3.4744582176208496, 3.1938130855560303, 3.255199432373047, 3.2365665435791016, 4.6845197677612305, 4.30085563659668, 5.986398220062256, 3.333310842514038, 5.145063877105713, 2.926137685775757, 3.2928051948547363, 3.7196342945098877, 4.029439926147461, 4.180205345153809, 7.611021995544434, 4.286057949066162, 3.9958057403564453, 3.6538772583007812, 5.11223840713501, 5.021470546722412, 6.187729835510254, 5.9337382316589355, 4.3740997314453125, 6.204990863800049, 9.14547061920166, 8.775764465332031, 7.9292521476745605, 5.888110637664795, 9.384507179260254, 7.473604679107666, 4.102341175079346, 4.704137325286865, 6.2802734375, 5.114001750946045, 7.455638408660889, 6.29999303817749, 10.064940452575684, 7.809643745422363, 4.136836051940918, 4.862429141998291, 4.705229759216309, 9.583925247192383, 14.275924682617188, 10.546146392822266, 4.286621570587158, 7.023394584655762, 3.901702642440796, 2.5501785278320312, 3.1765573024749756, 6.771446228027344, 14.742545127868652, 9.383024215698242, 4.930433750152588, 3.447388172149658, 4.161087989807129, 2.7427923679351807, 6.742356300354004, 3.88716983795166, 5.632727146148682, 4.423799514770508, 7.153322696685791, 5.964704513549805, 7.336421966552734, 6.538113117218018, 2.832292079925537, 8.312704086303711, 5.06588888168335, 7.039134502410889, 2.5084855556488037, 2.851046562194824, 5.043871879577637, 4.489827632904053, 2.5090701580047607, 3.8048858642578125, 2.4855918884277344, 5.728766441345215, 2.4962947368621826, 3.915825366973877, 6.543905258178711, 2.4641878604888916, 3.300922155380249, 2.472374200820923, 3.1669580936431885, 6.580380439758301, 2.463209390640259, 6.170525550842285, 2.4861598014831543, 3.232297897338867, 4.586353302001953],