{"loss": [1.8099404573440552, 1.3575853109359741, 1.164126992225647, 1.0264230966567993, 0.9298566579818726, 0.8536577224731445, 0.7892234325408936, 0.7333883047103882, 0.6884487271308899, 0.6452459096908569, 0.6065133810043335, 0.5759842991828918, 0.5517966151237488, 0.5284100770950317, 0.5013937950134277, 0.4948958456516266, 0.4786987006664276, 0.46659335494041443, 0.4529017508029938, 0.46735891699790955, 0.45099937915802, 0.4435661733150482, 0.43745672702789307, 0.43097373843193054, 0.445853590965271, 0.4332771599292755, 0.4439564049243927, 0.4370269179344177, 0.4291400909423828, 0.4383698105812073, 0.43968090415000916, 0.4297761619091034, 0.4514310956001282, 0.45321911573410034, 0.46097713708877563, 0.4528331756591797, 0.4606429934501648, 0.4587347209453583, 0.4528810977935791, 0.45688745379447937, 0.4496348798274994, 0.47385844588279724, 0.45567741990089417, 0.45117777585983276, 0.47591432929039, 0.4685180187225342, 0.4719352722167969, 0.49505144357681274, 0.48701074719429016, 0.4883376657962799], "accuracy": [0.3412800133228302, 0.5117800235748291, 0.5878400206565857, 0.6380800008773804, 0.6720600128173828, 0.6998199820518494, 0.7227799892425537, 0.7421799898147583, 0.754859983921051, 0.7706199884414673, 0.7843999862670898, 0.7958599925041199, 0.8041800260543823, 0.8121399879455566, 0.8257799744606018, 0.8263199925422668, 0.831059992313385, 0.8365399837493896, 0.8420400023460388, 0.837939977645874, 0.8435199856758118, 0.8457599878311157, 0.848580002784729, 0.8534799814224243, 0.8479400277137756, 0.8526399731636047, 0.8507000207901001, 0.8550800085067749, 0.8556399941444397, 0.8556200265884399, 0.856660008430481, 0.8581600189208984, 0.8519999980926514, 0.8516799807548523, 0.84934002161026, 0.8547599911689758, 0.8518000245094299, 0.855400025844574, 0.8543199896812439, 0.8558400273323059, 0.8571799993515015, 0.8499600291252136, 0.8560199737548828, 0.8590800166130066, 0.8517000079154968, 0.8558200001716614, 0.8533200025558472, 0.8469600081443787, 0.8488600254058838, 0.8504800200462341], "val_loss": [2.9503026008605957, 3.215851068496704, 3.4364047050476074, 3.610661268234253, 3.4125382900238037, 3.2810873985290527, 3.167048215866089, 3.2815253734588623, 3.9281063079833984, 3.5258243083953857, 3.2652394771575928, 5.3998823165893555, 5.324239253997803, 3.82869029045105, 4.464443206787109, 3.075023889541626, 5.552374839782715, 6.788113117218018, 9.182120323181152, 5.789495468139648, 3.349921941757202, 7.86944055557251, 7.432831287384033, 3.4991979598999023, 4.910158634185791, 5.039700031280518, 5.568396091461182, 4.025748252868652, 3.8043558597564697, 6.165325164794922, 5.785306930541992, 4.378482818603516, 8.4160737991333, 3.0335397720336914, 3.0534212589263916, 6.354076385498047, 7.074625015258789, 7.741307735443115, 3.774338960647583, 4.450396537780762, 3.2890143394470215, 2.9059627056121826, 6.436212539672852, 2.531540632247925, 2.52093505859375, 3.2445926666259766, 2.531752824783325, 4.655467510223389, 5.708035945892334, 2.8166885375976562], "val_accuracy": [0.10000000149011612, 0.10000000149011612, 0.10000000149011612, 0.10000000149011612, 0.10000000149011612, 0.10000000149011612, 0.10000000149011612, 0.10000000149011612, 0.10000000149011612, 0.10000000149011612, 0.10000000149011612, 0.10000000149011612, 0.10000000149011612, 0.10000000149011612, 0.10000000149011612, 0.10000000149011612, 0.10000000149011612, 0.10000000149011612, 0.10000000149011612, 0.10000000149011612, 0.10000000149011612, 0.10000000149011612, 0.10000000149011612, 0.10010000318288803, 0.10000000149011612, 0.10000000149011612, 0.10000000149011612, 0.10000000149011612, 0.10000000149011612, 0.10000000149011612, 0.10000000149011612, 0.10000000149011612, 0.10000000149011612, 0.10000000149011612, 0.10000000149011612, 0.10000000149011612, 0.10000000149011612, 0.10000000149011612, 0.10000000149011612, 0.10000000149011612, 0.10000000149011612, 0.10000000149011612, 0.10000000149011612, 0.10000000149011612, 0.10000000149011612, 0.13650000095367432, 0.10000000149011612, 0.10000000149011612, 0.10000000149011612, 0.10000000149011612]}