{"loss": [2.2827627658843994, 2.20711350440979, 2.057854175567627, 1.9837357997894287, 1.9360949993133545, 1.88106369972229, 1.820436716079712, 1.762492299079895, 1.7097070217132568, 1.6648157835006714, 1.6233464479446411, 1.5896666049957275, 1.5570831298828125, 1.5293090343475342, 1.5068167448043823, 1.4869431257247925, 1.4700756072998047, 1.4534939527511597, 1.4382940530776978, 1.423637866973877, 1.410188913345337, 1.3969687223434448, 1.3839644193649292, 1.3719959259033203, 1.3615574836730957, 1.3472925424575806, 1.3374567031860352, 1.3263373374938965, 1.3160104751586914, 1.3044997453689575, 1.294584035873413, 1.2869789600372314, 1.2761800289154053, 1.2651417255401611, 1.2574878931045532, 1.2475529909133911, 1.2397526502609253, 1.2296640872955322, 1.2215849161148071, 1.213451623916626, 1.2040873765945435, 1.1971087455749512, 1.1880062818527222, 1.1790947914123535, 1.171364665031433, 1.1635686159133911, 1.1560215950012207, 1.1497950553894043, 1.1396424770355225, 1.1324104070663452], "accuracy": [0.12336000055074692, 0.18374000489711761, 0.2558799982070923, 0.27917999029159546, 0.2978599965572357, 0.31949999928474426, 0.34191998839378357, 0.36287999153137207, 0.38335999846458435, 0.40112000703811646, 0.4146600067615509, 0.4264200031757355, 0.43755999207496643, 0.4487000107765198, 0.45673999190330505, 0.46389999985694885, 0.4705199897289276, 0.4771600067615509, 0.4830000102519989, 0.4907200038433075, 0.49625998735427856, 0.5016400218009949, 0.5087000131607056, 0.5130599737167358, 0.5164600014686584, 0.5220199823379517, 0.5256999731063843, 0.5291799902915955, 0.5325800180435181, 0.5395799875259399, 0.5412399768829346, 0.54694002866745, 0.5488200187683105, 0.5565000176429749, 0.5562999844551086, 0.5618199706077576, 0.5625799894332886, 0.5683000087738037, 0.5715600252151489, 0.5734000205993652, 0.577019989490509, 0.580780029296875, 0.5825799703598022, 0.5860999822616577, 0.5888199806213379, 0.5927199721336365, 0.5950400233268738, 0.5983999967575073, 0.6002799868583679, 0.6045600175857544], "val_loss": [2.3027734756469727, 2.305851936340332, 2.316438674926758, 2.320338487625122, 2.3197436332702637, 2.3207812309265137, 2.3238542079925537, 2.3293042182922363, 2.3352725505828857, 2.341449499130249, 2.3440661430358887, 2.355073928833008, 2.358492136001587, 2.364942789077759, 2.368773937225342, 2.3744139671325684, 2.3814127445220947, 2.387387990951538, 2.389723300933838, 2.397012233734131, 2.393784523010254, 2.403324842453003, 2.4046430587768555, 2.418078899383545, 2.4138426780700684, 2.431466579437256, 2.4235622882843018, 2.4345948696136475, 2.441643476486206, 2.4479684829711914, 2.4505038261413574, 2.4610536098480225, 2.4680938720703125, 2.4697020053863525, 2.4813742637634277, 2.487201690673828, 2.5028364658355713, 2.503152847290039, 2.511181354522705, 2.5309183597564697, 2.534256935119629, 2.5438249111175537, 2.55008602142334, 2.552417278289795, 2.5493786334991455, 2.572706937789917, 2.5727062225341797, 2.5900440216064453, 2.600466012954712, 2.616360902786255], "val_accuracy": [0.10000000149011612, 0.10000000149011612, 0.10000000149011612, 0.10000000149011612, 0.10000000149011612, 0.10000000149011612, 0.10000000149011612, 0.10000000149011612, 0.10000000149011612, 0.10000000149011612, 0.10000000149011612, 0.10000000149011612, 0.10000000149011612, 0.10000000149011612, 0.10000000149011612, 0.10000000149011612, 0.10000000149011612, 0.10000000149011612, 0.10000000149011612, 0.10000000149011612, 0.10000000149011612, 0.10000000149011612, 0.10000000149011612, 0.10000000149011612, 0.10000000149011612, 0.10000000149011612, 0.10000000149011612, 0.10000000149011612, 0.10000000149011612, 0.10000000149011612, 0.10000000149011612, 0.10000000149011612, 0.10000000149011612, 0.10000000149011612, 0.10000000149011612, 0.10000000149011612, 0.10000000149011612, 0.10000000149011612, 0.10000000149011612, 0.10000000149011612, 0.10000000149011612, 0.10000000149011612, 0.10000000149011612, 0.10000000149011612, 0.10000000149011612, 0.10000000149011612, 0.10000000149011612, 0.10000000149011612, 0.10000000149011612, 0.10000000149011612]}