{"loss": [2.2970306873321533, 2.2759509086608887, 2.245161294937134, 2.2007484436035156, 2.152085065841675, 2.107268810272217, 2.0703327655792236, 2.039079427719116, 2.0113131999969482, 1.9855929613113403, 1.9623273611068726, 1.9398964643478394, 1.91790771484375, 1.8966679573059082, 1.8760640621185303, 1.8558269739151, 1.8369805812835693, 1.8194535970687866, 1.8032313585281372, 1.787963628768921, 1.773661732673645, 1.7603286504745483, 1.7478612661361694, 1.735730767250061, 1.7246990203857422, 1.7135266065597534, 1.703391432762146, 1.6935837268829346, 1.684061884880066, 1.6750109195709229, 1.666310429573059, 1.6578534841537476, 1.6498326063156128, 1.6419994831085205, 1.634331226348877, 1.6272069215774536, 1.6201215982437134, 1.6136674880981445, 1.60711669921875, 1.6008306741714478, 1.5949039459228516, 1.5888053178787231, 1.5832163095474243, 1.5777562856674194, 1.5725041627883911, 1.5670915842056274, 1.5621132850646973, 1.5571870803833008, 1.5522491931915283, 1.5477631092071533, 1.5427842140197754, 1.538724660873413, 1.5342094898223877, 1.5301294326782227, 1.5260590314865112, 1.5219287872314453, 1.517948865890503, 1.513890027999878, 1.5102826356887817, 1.5063763856887817, 1.5029910802841187, 1.4993342161178589, 1.4959553480148315, 1.492256760597229, 1.4889320135116577, 1.4855793714523315, 1.4822973012924194, 1.4792026281356812, 1.476135492324829, 1.4730442762374878, 1.4701251983642578, 1.467017650604248, 1.464236855506897, 1.4613734483718872, 1.4585901498794556, 1.4554554224014282, 1.453305959701538, 1.4503121376037598, 1.447908639907837, 1.445294976234436, 1.442832350730896, 1.4401459693908691, 1.4376705884933472, 1.4353885650634766, 1.4327720403671265, 1.4302988052368164, 1.427909255027771, 1.4254202842712402, 1.423211932182312, 1.4209352731704712, 1.4184393882751465, 1.41610848903656, 1.4140232801437378, 1.4118397235870361, 1.4095889329910278, 1.4074074029922485, 1.4053648710250854, 1.4033197164535522, 1.401269555091858, 1.399085283279419], "accuracy": [0.1268399953842163, 0.1789799928665161, 0.1886799931526184, 0.1931000053882599, 0.21952000260353088, 0.23781999945640564, 0.2500399947166443, 0.26594001054763794, 0.2787399888038635, 0.29273998737335205, 0.30160000920295715, 0.309579998254776, 0.31746000051498413, 0.323419988155365, 0.33041998744010925, 0.33757999539375305, 0.34294000267982483, 0.34929999709129333, 0.3531799912452698, 0.3581799864768982, 0.3635199964046478, 0.36757999658584595, 0.37365999817848206, 0.37852001190185547, 0.38194000720977783, 0.3853600025177002, 0.3895399868488312, 0.39166000485420227, 0.39480000734329224, 0.3998599946498871, 0.4024600088596344, 0.40615999698638916, 0.4081999957561493, 0.4118199944496155, 0.4143199920654297, 0.41609999537467957, 0.4199199974536896, 0.42184001207351685, 0.42348000407218933, 0.4257200062274933, 0.4277999997138977, 0.4301599860191345, 0.43094000220298767, 0.43314000964164734, 0.43577998876571655, 0.43766000866889954, 0.4391799867153168, 0.4403199851512909, 0.4424999952316284, 0.44369998574256897, 0.44582000374794006, 0.4461599886417389, 0.4487000107765198, 0.4510200023651123, 0.4517799913883209, 0.4526199996471405, 0.45524001121520996, 0.45576000213623047, 0.4580000042915344, 0.4603999853134155, 0.46125999093055725, 0.4623199999332428, 0.4627799987792969, 0.4646199941635132, 0.4652999937534332, 0.46663999557495117, 0.4686799943447113, 0.4691599905490875, 0.47119998931884766, 0.4716799855232239, 0.4732399880886078, 0.4741399884223938, 0.47481998801231384, 0.47609999775886536, 0.47760000824928284, 0.47846001386642456, 0.4791400134563446, 0.4792799949645996, 0.48061999678611755, 0.48190000653266907, 0.48249998688697815, 0.48443999886512756, 0.4850600063800812, 0.48712000250816345, 0.4876199960708618, 0.48853999376296997, 0.48921999335289, 0.49097999930381775, 0.49235999584198, 0.49248000979423523, 0.49483999609947205, 0.49546000361442566, 0.49428001046180725, 0.4972200095653534, 0.4977400004863739, 0.49842000007629395, 0.49911999702453613, 0.4995200037956238, 0.4996199905872345, 0.5004199743270874], "val_loss": [2.287076234817505, 2.2621331214904785, 2.2234530448913574, 2.175239324569702, 2.1262569427490234, 2.086153030395508, 2.052417755126953, 2.0236494541168213, 1.997664451599121, 1.9750584363937378, 1.9520163536071777, 1.9300146102905273, 1.9081814289093018, 1.8878968954086304, 1.867061734199524, 1.8476111888885498, 1.8300234079360962, 1.81302809715271, 1.7975738048553467, 1.7829455137252808, 1.7699929475784302, 1.7561466693878174, 1.743154525756836, 1.7328048944473267, 1.720290184020996, 1.7124896049499512, 1.699090600013733, 1.689410924911499, 1.6811168193817139, 1.6728378534317017, 1.6631574630737305, 1.6545361280441284, 1.6463699340820312, 1.6390011310577393, 1.6323391199111938, 1.6246875524520874, 1.6175968647003174, 1.6111420392990112, 1.6063590049743652, 1.6004679203033447, 1.5927232503890991, 1.587917447090149, 1.5826219320297241, 1.5756635665893555, 1.5712792873382568, 1.5653072595596313, 1.5608271360397339, 1.5560779571533203, 1.5514272451400757, 1.5468847751617432, 1.5442777872085571, 1.5378831624984741, 1.5339677333831787, 1.5314610004425049, 1.5257749557495117, 1.5234432220458984, 1.517775535583496, 1.5146749019622803, 1.5107836723327637, 1.5069208145141602, 1.5031449794769287, 1.500866174697876, 1.4966810941696167, 1.492845892906189, 1.489806890487671, 1.4871623516082764, 1.4848346710205078, 1.4813534021377563, 1.4774377346038818, 1.4739519357681274, 1.4711112976074219, 1.4702297449111938, 1.4658739566802979, 1.462976098060608, 1.459890604019165, 1.459244966506958, 1.4554152488708496, 1.4532194137573242, 1.4504525661468506, 1.4469369649887085, 1.44490385055542, 1.4426014423370361, 1.440797209739685, 1.4372413158416748, 1.4352974891662598, 1.4328439235687256, 1.4308390617370605, 1.4287705421447754, 1.426194190979004, 1.4237297773361206, 1.422912359237671, 1.4194164276123047, 1.416680932044983, 1.4163340330123901, 1.412363886833191, 1.4125889539718628, 1.409617304801941, 1.406602382659912, 1.4043335914611816, 1.4043625593185425],