{"loss": [2.271185874938965, 2.1206440925598145, 1.9976024627685547, 1.9147342443466187, 1.8438838720321655, 1.7848912477493286, 1.7381116151809692, 1.7006001472473145, 1.6699998378753662, 1.6431859731674194, 1.619327187538147, 1.597847819328308, 1.5777530670166016, 1.5598492622375488, 1.5429489612579346, 1.526564359664917, 1.5121583938598633, 1.4974631071090698, 1.4843065738677979, 1.4725942611694336, 1.4607566595077515, 1.4496402740478516, 1.439064383506775, 1.429456114768982, 1.420127511024475, 1.4116486310958862, 1.4033961296081543, 1.3961071968078613, 1.3879704475402832, 1.380802869796753, 1.3738515377044678, 1.3679325580596924, 1.3615648746490479, 1.3558756113052368, 1.3495805263519287, 1.3441448211669922, 1.338480830192566, 1.3328728675842285, 1.3273788690567017, 1.3222253322601318, 1.3166515827178955, 1.3116114139556885, 1.306318998336792, 1.3012356758117676, 1.2965269088745117, 1.2923299074172974, 1.2876451015472412, 1.2824585437774658, 1.278069019317627, 1.2740263938903809, 1.2694120407104492, 1.2644987106323242, 1.260444164276123, 1.2568325996398926, 1.25260329246521, 1.2483052015304565, 1.244031310081482, 1.2408928871154785, 1.2367815971374512, 1.2326586246490479, 1.2292735576629639, 1.2250564098358154, 1.2219780683517456, 1.217665195465088, 1.2149972915649414, 1.211064338684082, 1.2077805995941162, 1.204099178314209, 1.2006196975708008, 1.1970058679580688, 1.1936578750610352, 1.190726637840271, 1.187217116355896, 1.1834958791732788, 1.1805888414382935, 1.1770048141479492, 1.1743099689483643, 1.1713119745254517, 1.1677627563476562, 1.1645901203155518, 1.161960482597351, 1.1589829921722412, 1.1555981636047363, 1.1531853675842285, 1.1497853994369507, 1.1467983722686768, 1.1440057754516602, 1.1408745050430298, 1.1382222175598145, 1.1347782611846924, 1.1324065923690796, 1.1295496225357056, 1.12702214717865, 1.1239231824874878, 1.1207554340362549, 1.1187572479248047, 1.1155827045440674, 1.1132500171661377, 1.110222339630127, 1.1079089641571045], "accuracy": [0.1703999936580658, 0.23396000266075134, 0.2791000008583069, 0.31018000841140747, 0.33625999093055725, 0.3553600013256073, 0.37229999899864197, 0.3869200050830841, 0.39678001403808594, 0.4050000011920929, 0.41449999809265137, 0.42103999853134155, 0.4279800057411194, 0.4361799955368042, 0.44391998648643494, 0.44896000623703003, 0.4548799991607666, 0.460860013961792, 0.46705999970436096, 0.47157999873161316, 0.4763000011444092, 0.4803600013256073, 0.48559999465942383, 0.4887000024318695, 0.49323999881744385, 0.495059996843338, 0.4988600015640259, 0.5024399757385254, 0.5063199996948242, 0.5082799792289734, 0.5115399956703186, 0.5140799880027771, 0.5173599720001221, 0.5192000269889832, 0.522599995136261, 0.5233200192451477, 0.5266600251197815, 0.5286399722099304, 0.5302199721336365, 0.5327799916267395, 0.5356199741363525, 0.5376799702644348, 0.5395399928092957, 0.5408999919891357, 0.5435799956321716, 0.5451599955558777, 0.545960009098053, 0.5487200021743774, 0.5507799983024597, 0.5523599982261658, 0.5531399846076965, 0.5558599829673767, 0.5559399724006653, 0.5576599836349487, 0.5592600107192993, 0.5623199939727783, 0.5631600022315979, 0.5635799765586853, 0.5655400156974792, 0.5670199990272522, 0.5694599747657776, 0.5697799921035767, 0.571120023727417, 0.5732600092887878, 0.5732799768447876, 0.5755400061607361, 0.576960027217865, 0.5780400037765503, 0.5781800150871277, 0.5805799961090088, 0.5813199877738953, 0.5826600193977356, 0.5851200222969055, 0.5852199792861938, 0.5860999822616577, 0.5880200266838074, 0.587440013885498, 0.5906000137329102, 0.591920018196106, 0.5918999910354614, 0.592199981212616, 0.5938599705696106, 0.5959399938583374, 0.5960599780082703, 0.597599983215332, 0.5975599884986877, 0.5992199778556824, 0.601859986782074, 0.6003999710083008, 0.6035599708557129, 0.6035199761390686, 0.6040599942207336, 0.6057400107383728, 0.606660008430481, 0.6087599992752075, 0.6087599992752075, 0.6097999811172485, 0.6093599796295166, 0.6123600006103516, 0.6132599711418152], "val_loss": [2.2108945846557617, 2.0433690547943115, 1.9535341262817383, 1.8752228021621704, 1.812625527381897, 1.7568060159683228, 1.7160816192626953, 1.683066964149475, 1.6543511152267456, 1.627234935760498, 1.6070219278335571, 1.5852705240249634, 1.5696420669555664, 1.5645322799682617, 1.5373345613479614, 1.517188310623169, 1.5053447484970093, 1.493425965309143, 1.4841569662094116, 1.4668432474136353, 1.4667530059814453, 1.4510844945907593, 1.4350037574768066, 1.4277732372283936, 1.4211633205413818, 1.4123059511184692, 1.402174949645996, 1.394985556602478, 1.3957619667053223, 1.3879098892211914, 1.379167914390564, 1.3719432353973389, 1.364186406135559, 1.3646098375320435, 1.3599475622177124, 1.3478655815124512, 1.3424677848815918, 1.3398525714874268, 1.3337770700454712, 1.3336904048919678, 1.3334271907806396, 1.3199400901794434, 1.3157777786254883, 1.3095899820327759, 1.3165615797042847, 1.3052431344985962, 1.298985242843628, 1.294572114944458, 1.2928264141082764, 1.2828354835510254, 1.2789628505706787, 1.2816007137298584, 1.2717911005020142, 1.2722946405410767, 1.2912331819534302, 1.2614353895187378, 1.264582633972168, 1.264797329902649, 1.253565788269043, 1.25230073928833, 1.24856698513031, 1.251569390296936, 1.237518072128296, 1.235520839691162, 1.2317277193069458, 1.2283413410186768, 1.2272522449493408, 1.236081838607788, 1.221832036972046, 1.2163913249969482, 1.2179903984069824, 1.210109829902649, 1.2058216333389282, 1.2084834575653076, 1.2064316272735596, 1.1992168426513672, 1.1954493522644043, 1.1930510997772217, 1.2005760669708252, 1.1888347864151, 1.1871185302734375, 1.1788277626037598, 1.1834038496017456, 1.1757854223251343, 1.1866074800491333, 1.1697146892547607, 1.1722322702407837, 1.1659791469573975, 1.1648638248443604, 1.1585052013397217, 1.1643246412277222, 1.1553921699523926, 1.168209195137024, 1.1492533683776855, 1.1528936624526978, 1.1471197605133057, 1.148838996887207, 1.151171088218689, 1.1371022462844849, 1.1412471532821655],