{"loss": [2.2941927909851074, 2.273239850997925, 2.2370717525482178, 2.176089286804199, 2.101929187774658, 2.04219388961792, 1.9998962879180908, 1.9687870740890503, 1.943280577659607, 1.920301079750061, 1.899613857269287, 1.8801746368408203, 1.8620717525482178, 1.845089316368103, 1.82944917678833, 1.8146495819091797, 1.8008477687835693, 1.7876782417297363, 1.7754549980163574, 1.7641969919204712, 1.753257155418396, 1.7428407669067383, 1.7327512502670288, 1.7228262424468994, 1.7133337259292603, 1.7041826248168945, 1.6950929164886475, 1.6863380670547485, 1.6779696941375732, 1.6698367595672607, 1.662129521369934, 1.6542816162109375, 1.6468055248260498, 1.6391798257827759, 1.6319339275360107, 1.6249160766601562, 1.6182445287704468, 1.6114875078201294, 1.6052274703979492, 1.5988390445709229, 1.5927094221115112, 1.5867990255355835, 1.5809863805770874, 1.575130581855774, 1.569682240486145, 1.5643912553787231, 1.5591012239456177, 1.5540388822555542, 1.5489076375961304, 1.5438129901885986], "accuracy": [0.11947999894618988, 0.19337999820709229, 0.21682000160217285, 0.23921999335289001, 0.26980000734329224, 0.2829599976539612, 0.2921600043773651, 0.2994000017642975, 0.3070000112056732, 0.31404000520706177, 0.3220599889755249, 0.32971999049186707, 0.33719998598098755, 0.34290000796318054, 0.35113999247550964, 0.35740000009536743, 0.36340001225471497, 0.36976000666618347, 0.37303999066352844, 0.37661999464035034, 0.38019999861717224, 0.3845599889755249, 0.3880999982357025, 0.38975998759269714, 0.39309999346733093, 0.3957799971103668, 0.39910000562667847, 0.40108001232147217, 0.4048599898815155, 0.4058400094509125, 0.4083400070667267, 0.41119998693466187, 0.4133400022983551, 0.4167799949645996, 0.4194599986076355, 0.42028000950813293, 0.42260000109672546, 0.4244599938392639, 0.4261400103569031, 0.4281800091266632, 0.43046000599861145, 0.4318400025367737, 0.43369999527931213, 0.4359000027179718, 0.4371599853038788, 0.4385800063610077, 0.4405600130558014, 0.442440003156662, 0.4435400068759918, 0.4458000063896179], "val_loss": [2.284768581390381, 2.258638381958008, 2.210167169570923, 2.1378557682037354, 2.067716360092163, 2.0168237686157227, 1.9810837507247925, 1.9542514085769653, 1.9296008348464966, 1.9076873064041138, 1.8874232769012451, 1.8683454990386963, 1.8509109020233154, 1.8341915607452393, 1.8187885284423828, 1.8046103715896606, 1.7909672260284424, 1.7788602113723755, 1.7682757377624512, 1.755549430847168, 1.7457412481307983, 1.7350924015045166, 1.724932074546814, 1.716749668121338, 1.706242561340332, 1.698020339012146, 1.6886043548583984, 1.680800437927246, 1.6727588176727295, 1.6653251647949219, 1.6574820280075073, 1.6498353481292725, 1.6421678066253662, 1.636008381843567, 1.6289788484573364, 1.6242038011550903, 1.6171624660491943, 1.6092945337295532, 1.6028940677642822, 1.5999337434768677, 1.5933958292007446, 1.5853421688079834, 1.5803800821304321, 1.5756560564041138, 1.5693494081497192, 1.5651291608810425, 1.5597108602523804, 1.554494023323059, 1.5493255853652954, 1.544848084449768], "val_accuracy": [0.17020000517368317, 0.20409999787807465, 0.2249000072479248, 0.2711000144481659, 0.2815000116825104, 0.28999999165534973, 0.295199990272522, 0.3068000078201294, 0.31310001015663147, 0.32179999351501465, 0.3264999985694885, 0.3325999975204468, 0.33889999985694885, 0.34689998626708984, 0.3553999960422516, 0.3598000109195709, 0.3684000074863434, 0.36890000104904175, 0.3732999861240387, 0.37709999084472656, 0.3801000118255615, 0.38260000944137573, 0.38830000162124634, 0.39149999618530273, 0.39480000734329224, 0.3978999853134155, 0.3995000123977661, 0.40059998631477356, 0.4056999981403351, 0.40880000591278076, 0.4088999927043915, 0.40959998965263367, 0.41499999165534973, 0.4147000014781952, 0.41659998893737793, 0.42179998755455017, 0.4189000129699707, 0.421999990940094, 0.4251999855041504, 0.43209999799728394, 0.43160000443458557, 0.4318000078201294, 0.43639999628067017, 0.43650001287460327, 0.4408000111579895, 0.4426000118255615, 0.44429999589920044, 0.447299987077713, 0.44769999384880066, 0.44760000705718994]}