{"loss": [2.3060786724090576, 2.299635887145996, 2.2946841716766357, 2.289900541305542, 2.2845304012298584, 2.278109073638916, 2.2702929973602295, 2.261026382446289, 2.250272274017334, 2.2381882667541504, 2.2245192527770996, 2.2094016075134277, 2.192200183868408, 2.1737890243530273, 2.1560819149017334, 2.1387319564819336, 2.121769905090332, 2.1053574085235596, 2.0896153450012207, 2.074601173400879, 2.060408592224121, 2.0470333099365234, 2.034339666366577, 2.022228956222534, 2.010334014892578, 1.9992543458938599, 1.9887434244155884, 1.9787282943725586, 1.9689216613769531, 1.959526538848877, 1.9502952098846436, 1.9413398504257202, 1.9325544834136963, 1.9239935874938965, 1.9156640768051147, 1.9074363708496094, 1.8992722034454346, 1.8911442756652832, 1.8832825422286987, 1.8753751516342163, 1.8675899505615234, 1.8600142002105713, 1.8525859117507935, 1.8451590538024902, 1.8378220796585083, 1.8305119276046753, 1.8234680891036987, 1.816448450088501, 1.809740424156189, 1.8032588958740234], "accuracy": [0.12297999858856201, 0.13763999938964844, 0.14531999826431274, 0.15070000290870667, 0.15196000039577484, 0.15530000627040863, 0.15996000170707703, 0.16765999794006348, 0.17628000676631927, 0.18700000643730164, 0.19563999772071838, 0.20160000026226044, 0.21299999952316284, 0.22168000042438507, 0.22711999714374542, 0.23627999424934387, 0.2443999946117401, 0.25082001090049744, 0.25832000374794006, 0.26697999238967896, 0.272460013628006, 0.27884000539779663, 0.2838599979877472, 0.2865400016307831, 0.29085999727249146, 0.29407998919487, 0.29787999391555786, 0.30017998814582825, 0.3032799959182739, 0.30682000517845154, 0.30897998809814453, 0.3117600083351135, 0.3150799870491028, 0.3167000114917755, 0.31905999779701233, 0.3215799927711487, 0.3245199918746948, 0.3268199861049652, 0.3298799991607666, 0.33254000544548035, 0.33500000834465027, 0.33757999539375305, 0.340039998292923, 0.34356001019477844, 0.3460400104522705, 0.34775999188423157, 0.3517799973487854, 0.35398000478744507, 0.35627999901771545, 0.35811999440193176], "val_loss": [2.302173376083374, 2.296837568283081, 2.2920875549316406, 2.2870938777923584, 2.281240224838257, 2.2741286754608154, 2.2655842304229736, 2.255394697189331, 2.2439229488372803, 2.2311720848083496, 2.2165122032165527, 2.2007105350494385, 2.182093858718872, 2.1642165184020996, 2.146808624267578, 2.1294379234313965, 2.1128365993499756, 2.0966081619262695, 2.0812549591064453, 2.0667502880096436, 2.0528650283813477, 2.0397732257843018, 2.027463674545288, 2.015514373779297, 2.0038790702819824, 1.9930208921432495, 1.9829875230789185, 1.9728033542633057, 1.963178277015686, 1.9538054466247559, 1.9446959495544434, 1.935748815536499, 1.927110195159912, 1.9187287092208862, 1.9103140830993652, 1.9020423889160156, 1.8940808773040771, 1.8857675790786743, 1.8777503967285156, 1.8699311017990112, 1.8621636629104614, 1.8545210361480713, 1.8470618724822998, 1.8397941589355469, 1.8323243856430054, 1.8253902196884155, 1.8179129362106323, 1.8111239671707153, 1.804731011390686, 1.7983101606369019], "val_accuracy": [0.14079999923706055, 0.13979999721050262, 0.14949999749660492, 0.15129999816417694, 0.15320000052452087, 0.1582999974489212, 0.16329999268054962, 0.17190000414848328, 0.1834000051021576, 0.19539999961853027, 0.20360000431537628, 0.20960000157356262, 0.22210000455379486, 0.2303999960422516, 0.23890000581741333, 0.24639999866485596, 0.2538999915122986, 0.26330000162124634, 0.27160000801086426, 0.28040000796318054, 0.2840000092983246, 0.28940001130104065, 0.2928999960422516, 0.2946000099182129, 0.3009999990463257, 0.30480000376701355, 0.30720001459121704, 0.3102000057697296, 0.3124000132083893, 0.3165999948978424, 0.31859999895095825, 0.3197000026702881, 0.32269999384880066, 0.3239000141620636, 0.3278000056743622, 0.32989999651908875, 0.33160001039505005, 0.3319999873638153, 0.3352999985218048, 0.33889999985694885, 0.3379000127315521, 0.3409999907016754, 0.34360000491142273, 0.3440000116825104, 0.3476000130176544, 0.3497999906539917, 0.3529999852180481, 0.3569999933242798, 0.3578000068664551, 0.35899999737739563]}