{"loss": [2.1307010650634766, 1.8567124605178833, 1.6988307237625122, 1.5911626815795898, 1.519230604171753, 1.4688973426818848, 1.4331904649734497, 1.4045010805130005, 1.379801869392395, 1.3573561906814575, 1.3377469778060913, 1.3192979097366333, 1.3037430047988892, 1.2875282764434814, 1.2732868194580078, 1.2603822946548462, 1.2476173639297485, 1.2369575500488281, 1.2263450622558594, 1.21626615524292, 1.2069976329803467, 1.1990654468536377, 1.1904362440109253, 1.1824145317077637, 1.1744030714035034, 1.1671234369277954, 1.1605995893478394, 1.152899980545044, 1.1461728811264038, 1.140091896057129, 1.134106993675232, 1.128001093864441, 1.1217018365859985, 1.1164346933364868, 1.1106747388839722, 1.104556679725647, 1.0989419221878052, 1.0945830345153809, 1.089050531387329, 1.0841830968856812, 1.0792139768600464, 1.0747030973434448, 1.0693070888519287, 1.0658857822418213, 1.0608394145965576, 1.0559734106063843, 1.0523189306259155, 1.047615885734558, 1.0439064502716064, 1.0396995544433594], "accuracy": [0.21004000306129456, 0.3290199935436249, 0.39208000898361206, 0.4283199906349182, 0.4544000029563904, 0.4738999903202057, 0.4882600009441376, 0.4999600052833557, 0.5113199949264526, 0.5184999704360962, 0.5266799926757812, 0.5343000292778015, 0.5402200222015381, 0.5465199947357178, 0.5518400073051453, 0.5571399927139282, 0.5634599924087524, 0.5687999725341797, 0.5725600123405457, 0.5738800168037415, 0.5786600112915039, 0.5809199810028076, 0.5852599740028381, 0.5875599980354309, 0.5904600024223328, 0.5935800075531006, 0.5964400172233582, 0.5992799997329712, 0.6023200154304504, 0.6041799783706665, 0.6053000092506409, 0.6077200174331665, 0.6108599901199341, 0.614080011844635, 0.6147400140762329, 0.6170399785041809, 0.6199600100517273, 0.6218199729919434, 0.6232399940490723, 0.6246399879455566, 0.6262400150299072, 0.6287599802017212, 0.6307200193405151, 0.6319400072097778, 0.6324599981307983, 0.6356599926948547, 0.6364399790763855, 0.6386399865150452, 0.6392199993133545, 0.6411600112915039], "val_loss": [1.956758737564087, 1.7542355060577393, 1.6437104940414429, 1.5630555152893066, 1.491911768913269, 1.477323055267334, 1.4186452627182007, 1.3914551734924316, 1.3904590606689453, 1.3555305004119873, 1.353180170059204, 1.32150137424469, 1.308968186378479, 1.2958890199661255, 1.275425672531128, 1.3043357133865356, 1.2569764852523804, 1.2604748010635376, 1.2426899671554565, 1.2374000549316406, 1.2243212461471558, 1.2168967723846436, 1.2005828619003296, 1.2042062282562256, 1.1986826658248901, 1.1940525770187378, 1.1785409450531006, 1.1759819984436035, 1.1674679517745972, 1.1612483263015747, 1.1556631326675415, 1.1559401750564575, 1.1455403566360474, 1.144656777381897, 1.1390637159347534, 1.1337435245513916, 1.1264245510101318, 1.1260558366775513, 1.1186325550079346, 1.1181919574737549, 1.1362138986587524, 1.1073459386825562, 1.115200161933899, 1.1032938957214355, 1.0988918542861938, 1.1024410724639893, 1.0912071466445923, 1.0913710594177246, 1.085066318511963, 1.0885676145553589], "val_accuracy": [0.28790000081062317, 0.37119999527931213, 0.4104999899864197, 0.43299999833106995, 0.4652999937534332, 0.47440001368522644, 0.49619999527931213, 0.5044000148773193, 0.5004000067710876, 0.5113999843597412, 0.5178999900817871, 0.5324000120162964, 0.5339000225067139, 0.5394999980926514, 0.5486999750137329, 0.5425000190734863, 0.5562000274658203, 0.5570999979972839, 0.560699999332428, 0.5622000098228455, 0.5681999921798706, 0.5692999958992004, 0.5781999826431274, 0.5758000016212463, 0.5799000263214111, 0.5806000232696533, 0.5823000073432922, 0.5817000269889832, 0.5892999768257141, 0.5903000235557556, 0.5938000082969666, 0.5960000157356262, 0.5997999906539917, 0.5986999869346619, 0.597100019454956, 0.6018000245094299, 0.6049000024795532, 0.6072999835014343, 0.6101999878883362, 0.6046000123023987, 0.5982000231742859, 0.6146000027656555, 0.6068999767303467, 0.6152999997138977, 0.6148999929428101, 0.6161999702453613, 0.6205000281333923, 0.6182000041007996, 0.6202999949455261, 0.6180999875068665]}