{"loss": [1.8223707675933838, 1.4606200456619263, 1.3205770254135132, 1.229838252067566, 1.163089632987976, 1.1065447330474854, 1.0596429109573364, 1.0177690982818604, 0.9803258776664734, 0.9498908519744873, 0.9220680594444275, 0.8991711735725403, 0.8748141527175903, 0.8558573722839355, 0.8363659381866455, 0.8206400275230408, 0.8036960959434509, 0.7901971936225891, 0.7769258618354797, 0.7618542909622192, 0.750108540058136, 0.7369890809059143, 0.7277925610542297, 0.7182377576828003, 0.7081343531608582, 0.6978139281272888, 0.6875163316726685, 0.6784892678260803, 0.6707505583763123, 0.662176251411438, 0.6538496017456055, 0.6461942791938782, 0.6396658420562744, 0.6314629316329956, 0.6249931454658508, 0.6172707676887512, 0.6094849705696106, 0.6028401851654053, 0.5972554683685303, 0.5909053683280945, 0.5850525498390198, 0.5795161128044128, 0.5733156204223633, 0.5685681104660034, 0.5616777539253235, 0.5560908913612366, 0.5511042475700378, 0.5455418229103088, 0.5403701066970825, 0.5352998375892639], "accuracy": [0.33803999423980713, 0.4720200002193451, 0.5317400097846985, 0.5655999779701233, 0.5896400213241577, 0.611519992351532, 0.6287999749183655, 0.6434400081634521, 0.6593400239944458, 0.6702200174331665, 0.6800199747085571, 0.6881399750709534, 0.6955999732017517, 0.7037400007247925, 0.7106199860572815, 0.7163000106811523, 0.7224599719047546, 0.7277799844741821, 0.7315000295639038, 0.7382199764251709, 0.7411999702453613, 0.7478200197219849, 0.7502599954605103, 0.7533800005912781, 0.7576199769973755, 0.7617200016975403, 0.7649199962615967, 0.7671599984169006, 0.7698000073432922, 0.7724999785423279, 0.7777000069618225, 0.7788400053977966, 0.781719982624054, 0.7834799885749817, 0.7849000096321106, 0.7895799875259399, 0.7918400168418884, 0.7956399917602539, 0.7958800196647644, 0.7987800240516663, 0.8008800148963928, 0.8026000261306763, 0.8049200177192688, 0.8077200055122375, 0.8110399842262268, 0.8103200197219849, 0.8138999938964844, 0.8142600059509277, 0.8157200217247009, 0.8192200064659119], "val_loss": [1.5774049758911133, 1.3799089193344116, 1.337293028831482, 1.2245099544525146, 1.1494669914245605, 1.100991129875183, 1.1014304161071777, 1.056406021118164, 0.9975247979164124, 0.9949918985366821, 0.9979456067085266, 0.9581137895584106, 0.9715380072593689, 0.9197335243225098, 0.9673628211021423, 0.9192143678665161, 0.9097452163696289, 0.9248287081718445, 0.9037269353866577, 0.886953592300415, 0.9007667899131775, 0.8794625997543335, 0.8883036971092224, 0.8629970550537109, 0.8646611571311951, 0.8678802847862244, 0.8581684827804565, 0.8808965086936951, 0.8565513491630554, 0.8565759062767029, 0.8583476543426514, 0.8639653325080872, 0.879987895488739, 0.8438215851783752, 0.8429834842681885, 0.8477163314819336, 0.8422592878341675, 0.8541797995567322, 0.8448425531387329, 0.8457525372505188, 0.862389326095581, 0.848578691482544, 0.8727730512619019, 0.8424882888793945, 0.8427405953407288, 0.8550294041633606, 0.8475430607795715, 0.866750180721283, 0.8594911098480225, 0.8412235379219055], "val_accuracy": [0.4278999865055084, 0.5034000277519226, 0.5167999863624573, 0.5658000111579895, 0.5892000198364258, 0.613099992275238, 0.605400025844574, 0.6256999969482422, 0.6485000252723694, 0.6534000039100647, 0.6503000259399414, 0.6697999835014343, 0.663100004196167, 0.6833999752998352, 0.66839998960495, 0.6798999905586243, 0.6851000189781189, 0.6827999949455261, 0.6855000257492065, 0.6944000124931335, 0.6887000203132629, 0.6951000094413757, 0.6941999793052673, 0.7013000249862671, 0.7041000127792358, 0.7013000249862671, 0.703499972820282, 0.7006999850273132, 0.7053999900817871, 0.7056000232696533, 0.7095999717712402, 0.7045999765396118, 0.6987000107765198, 0.710099995136261, 0.7148000001907349, 0.7110999822616577, 0.7135999798774719, 0.7107999920845032, 0.7150999903678894, 0.7128000259399414, 0.7098000049591064, 0.7124999761581421, 0.7071999907493591, 0.7196999788284302, 0.7141000032424927, 0.713100016117096, 0.7160000205039978, 0.710099995136261, 0.7129999995231628, 0.7217000126838684]}