{"loss": [1.7924232482910156, 1.2691353559494019, 1.055681824684143, 0.9122365117073059, 0.8008353114128113, 0.7123698592185974, 0.6320319771766663, 0.5570958256721497, 0.4894372224807739, 0.4213726818561554, 0.3642551898956299, 0.30859506130218506, 0.26102250814437866, 0.22014081478118896, 0.17887118458747864, 0.14485850930213928, 0.12452131509780884, 0.09409456700086594, 0.0696893259882927, 0.055957574397325516, 0.04421650245785713, 0.024812152609229088, 0.011852692812681198, 0.006570450495928526, 0.004081827122718096, 0.003060881281271577, 0.002519907895475626, 0.002155893249437213, 0.0018870022613555193, 0.001679888810031116, 0.001520761288702488, 0.0013876589946448803, 0.0012728708097711205, 0.0011800664942711592, 0.0010975840268656611, 0.001027028658427298, 0.0009627511608414352, 0.000907556910533458, 0.0008591297082602978, 0.000813640421256423, 0.0007728845230303705, 0.0007362212636508048, 0.0007036355091258883, 0.0006725374842062593, 0.0006437900592572987, 0.0006176687893457711, 0.0005940893315710127, 0.0005715439911000431, 0.0005510899354703724, 0.0005309756961651146, 0.0005137944826856256, 0.0004960077931173146, 0.00048038543900474906, 0.00046552353887818754, 0.0004512304731179029, 0.00043744538561441004, 0.000424980215029791, 0.00041323000914417207, 0.000401918834540993, 0.0003909803053829819, 0.00038086524000391364, 0.0003709740121848881, 0.00036148380604572594, 0.0003527042281348258, 0.0003443544264882803, 0.0003362604766152799, 0.0003285266866441816, 0.0003210216818843037, 0.000313939613988623, 0.0003071228275075555, 0.00030060659628361464, 0.0002943381550721824, 0.00028814366669394076, 0.0002824335533659905, 0.0002768629346974194, 0.0002711322158575058, 0.00026606678147800267, 0.00026119669200852513, 0.00025631938478909433, 0.00025148619897663593, 0.0002470825857017189, 0.00024265101819764823, 0.00023839088680688292, 0.00023431150475516915, 0.0002303650981048122, 0.0002264553477289155, 0.0002227563236374408, 0.00021910549548920244, 0.0002157070703106001, 0.000212215818464756, 0.00020893338660243899, 0.0002057214151136577, 0.00020258751465007663, 0.0001995966158574447, 0.00019650618196465075, 0.00019379702280275524, 0.0001908928679767996, 0.00018820857803802937, 0.0001855392474681139, 0.00018292049935553223], "accuracy": [0.3329800069332123, 0.5476800203323364, 0.6281200051307678, 0.6787599921226501, 0.7182199954986572, 0.7492799758911133, 0.7766600251197815, 0.8021799921989441, 0.8283399939537048, 0.8509399890899658, 0.8720399737358093, 0.8919000029563904, 0.9088199734687805, 0.9226800203323364, 0.9387400150299072, 0.9510400295257568, 0.9590799808502197, 0.9700400233268738, 0.9793999791145325, 0.9838799834251404, 0.9878600239753723, 0.9953600168228149, 0.9988999962806702, 0.9996600151062012, 0.9999399781227112, 0.9999399781227112, 0.9999799728393555, 0.9999799728393555, 0.9999799728393555, 1.0, 1.0, 1.0, 1.0, 1.0, 1.0, 1.0, 1.0, 1.0, 1.0, 1.0, 1.0, 1.0, 1.0, 1.0, 1.0, 1.0, 1.0, 1.0, 1.0, 1.0, 1.0, 1.0, 1.0, 1.0, 1.0, 1.0, 1.0, 1.0, 1.0, 1.0, 1.0, 1.0, 1.0, 1.0, 1.0, 1.0, 1.0, 1.0, 1.0, 1.0, 1.0, 1.0, 1.0, 1.0, 1.0, 1.0, 1.0, 1.0, 1.0, 1.0, 1.0, 1.0, 1.0, 1.0, 1.0, 1.0, 1.0, 1.0, 1.0, 1.0, 1.0, 1.0, 1.0, 1.0, 1.0, 1.0, 1.0, 1.0, 1.0, 1.0], "val_loss": [1.4156010150909424, 1.2974205017089844, 1.0493566989898682, 1.274711012840271, 0.9344529509544373, 0.9209750890731812, 1.015365719795227, 0.9680111408233643, 0.9934022426605225, 1.047326683998108, 1.2205579280853271, 1.1933563947677612, 1.3171290159225464, 1.4230073690414429, 1.5670995712280273, 1.72931969165802, 1.7619215250015259, 1.904779314994812, 2.1502346992492676, 2.1397697925567627, 2.2710156440734863, 2.398843765258789, 2.4755923748016357, 2.59391188621521, 2.6753673553466797, 2.729767322540283, 2.7836012840270996, 2.8286173343658447, 2.869429111480713, 2.9078898429870605, 2.9423787593841553, 2.9634783267974854, 2.9947619438171387, 3.0223207473754883, 3.042104959487915, 3.065793991088867, 3.0866661071777344, 3.1070022583007812, 3.1232199668884277, 3.144443988800049, 3.1610612869262695, 3.178049087524414, 3.1909170150756836, 3.2079200744628906, 3.222285509109497, 3.236947774887085, 3.2513909339904785, 3.2644550800323486, 3.279015302658081, 3.2898354530334473, 3.302818775177002, 3.31491756439209, 3.327866315841675, 3.336071491241455, 3.3478047847747803, 3.35994291305542, 3.369364023208618, 3.3779382705688477, 3.3893744945526123, 3.3997371196746826, 3.409482717514038, 3.418233633041382, 3.4283695220947266, 3.4366941452026367, 3.4445629119873047, 3.455521821975708, 3.4627742767333984, 3.469877004623413, 3.478638172149658, 3.487745761871338, 3.495025873184204, 3.5032296180725098, 3.5108723640441895, 3.517230749130249, 3.5241312980651855, 3.5332601070404053, 3.5393190383911133, 3.5465171337127686, 3.5532686710357666, 3.5597379207611084, 3.5657546520233154, 3.5735063552856445, 3.5806257724761963, 3.585766315460205, 3.5917956829071045, 3.5990512371063232, 3.6055784225463867, 3.610609292984009, 3.617414951324463, 3.6225574016571045, 3.6279702186584473, 3.635051965713501, 3.6401360034942627, 3.6453444957733154, 3.6512012481689453, 3.65617299079895, 3.662142515182495, 3.6675288677215576, 3.6731998920440674, 3.6783511638641357], "val_accuracy": [0.49160000681877136, 0.5407999753952026, 0.6328999996185303, 0.5863999724388123, 0.6759999990463257, 0.6930000185966492, 0.675000011920929, 0.6947000026702881, 0.6865000128746033, 0.6916999816894531, 0.6646000146865845, 0.6859999895095825, 0.6766999959945679, 0.678600013256073, 0.6804999709129333, 0.6625000238418579, 0.6797999739646912, 0.6732000112533569, 0.6722999811172485, 0.680899977684021, 0.6776999831199646, 0.6773999929428101, 0.6837999820709229, 0.682699978351593, 0.6848999857902527, 0.6859999895095825, 0.6862999796867371, 0.6862999796867371, 0.6855999827384949, 0.6869999766349792, 0.6865000128746033, 0.6869999766349792, 0.6866000294685364, 0.6873999834060669, 0.6865000128746033, 0.6866999864578247, 0.6868000030517578, 0.6869000196456909, 0.6868000030517578, 0.6863999962806702, 0.685699999332428, 0.6862999796867371, 0.6862000226974487, 0.6865000128746033, 0.6869000196456909, 0.6866000294685364, 0.6869000196456909, 0.6868000030517578, 0.6872000098228455, 0.6869999766349792, 0.6866000294685364, 0.6866999864578247, 0.6866999864578247, 0.6870999932289124, 0.6869999766349792, 0.6873000264167786, 0.6866999864578247, 0.6870999932289124, 0.6866000294685364, 0.6869999766349792, 0.6868000030517578, 0.6870999932289124, 0.6869999766349792, 0.6869000196456909, 0.6875, 0.6869999766349792, 0.6873000264167786, 0.6873999834060669, 0.6866000294685364, 0.6872000098228455, 0.6869999766349792, 0.6869000196456909, 0.6869999766349792, 0.6872000098228455, 0.6869999766349792, 0.6870999932289124, 0.6873999834060669, 0.6868000030517578, 0.6873000264167786, 0.6869999766349792, 0.6870999932289124, 0.6873000264167786, 0.6869999766349792, 0.6868000030517578, 0.6869999766349792, 0.6869999766349792, 0.6865000128746033, 0.6875, 0.6868000030517578, 0.6870999932289124, 0.6872000098228455, 0.6869999766349792, 0.6866000294685364, 0.6866999864578247, 0.6868000030517578, 0.6868000030517578, 0.6865000128746033, 0.6866999864578247, 0.6868000030517578, 0.6862000226974487]}