{"loss": [1.8882516622543335, 1.5044529438018799, 1.3614087104797363, 1.2757488489151, 1.2122269868850708, 1.161156415939331, 1.1153393983840942, 1.074928879737854, 1.0406904220581055, 1.0104446411132812, 0.9814179539680481, 0.9564099311828613, 0.9352693557739258, 0.914273738861084, 0.8964596390724182, 0.8801981210708618, 0.8629242181777954, 0.8485751748085022, 0.833770751953125, 0.8221620917320251, 0.8095840811729431, 0.7967168688774109, 0.7857035994529724, 0.7738639712333679, 0.7642715573310852, 0.7546062469482422, 0.7438443899154663, 0.734633207321167, 0.7247416973114014, 0.7158279418945312, 0.7067574858665466, 0.6986724138259888, 0.6895264983177185, 0.6820999383926392, 0.6751874089241028, 0.6662746071815491, 0.6583956480026245, 0.6515822410583496, 0.6436499953269958, 0.6368051171302795, 0.6300814151763916, 0.623559296131134, 0.6169754862785339, 0.6097718477249146, 0.6041332483291626, 0.5976381897926331, 0.592353105545044, 0.5860006213188171, 0.5797484517097473, 0.5735684633255005, 0.5688879489898682, 0.5633298754692078, 0.5580192804336548, 0.5514696836471558, 0.5474151372909546, 0.5422883033752441, 0.5367631316184998, 0.5321300625801086, 0.5271097421646118, 0.5225502848625183, 0.5171076059341431, 0.5122787952423096, 0.5076498985290527, 0.5041002631187439, 0.4988878071308136, 0.49420469999313354, 0.4901227355003357, 0.4860100746154785, 0.4810793995857239, 0.4780007302761078, 0.47385460138320923, 0.4685436189174652, 0.4653746485710144, 0.46141040325164795, 0.4574471414089203, 0.4532603919506073, 0.450031042098999, 0.4462049901485443, 0.4426073431968689, 0.4390912353992462, 0.43510204553604126, 0.4310597777366638, 0.42741623520851135, 0.4242536425590515, 0.42144399881362915, 0.41802555322647095, 0.41397973895072937, 0.4103491008281708, 0.4080089032649994, 0.403990238904953, 0.40071725845336914, 0.39820677042007446, 0.3936803936958313, 0.39128410816192627, 0.3884154260158539, 0.3849383294582367, 0.381996214389801, 0.37814730405807495, 0.37544918060302734, 0.3724440336227417], "accuracy": [0.3121199905872345, 0.4580399990081787, 0.5166800022125244, 0.5506399869918823, 0.5749800205230713, 0.5931400060653687, 0.6111000180244446, 0.6262800097465515, 0.638159990310669, 0.6468999981880188, 0.6583200097084045, 0.6688600182533264, 0.6754000186920166, 0.6823599934577942, 0.6889399886131287, 0.6948400139808655, 0.7004600167274475, 0.705839991569519, 0.7112399935722351, 0.7160000205039978, 0.7191399931907654, 0.7249199748039246, 0.729200005531311, 0.7317600250244141, 0.7359200119972229, 0.7401800155639648, 0.7416999936103821, 0.7468199729919434, 0.7505000233650208, 0.7537800073623657, 0.7555400133132935, 0.7592800259590149, 0.7638000249862671, 0.7650799751281738, 0.767799973487854, 0.7719399929046631, 0.7732200026512146, 0.7782999873161316, 0.7805399894714355, 0.782480001449585, 0.7839000225067139, 0.7870799899101257, 0.7892600297927856, 0.791920006275177, 0.7950999736785889, 0.7951800227165222, 0.7997199892997742, 0.8006399869918823, 0.8013200163841248, 0.8044800162315369, 0.8080400228500366, 0.8086400032043457, 0.8107600212097168, 0.8128600120544434, 0.8134400248527527, 0.8174800276756287, 0.8195599913597107, 0.8194199800491333, 0.8217399716377258, 0.8244600296020508, 0.8260999917984009, 0.8271200060844421, 0.8293600082397461, 0.8315600156784058, 0.8338599801063538, 0.834559977054596, 0.8353400230407715, 0.8371999859809875, 0.8395799994468689, 0.8401600122451782, 0.8421000242233276, 0.8435400128364563, 0.844980001449585, 0.8465399742126465, 0.8468800187110901, 0.8497800230979919, 0.8505399823188782, 0.8519799709320068, 0.8534200191497803, 0.8550000190734863, 0.8576400279998779, 0.8573200106620789, 0.8597400188446045, 0.860260009765625, 0.8613399863243103, 0.8628600239753723, 0.8645600080490112, 0.866159975528717, 0.8665599822998047, 0.8674399852752686, 0.869159996509552, 0.8709400296211243, 0.8710799813270569, 0.8733800053596497, 0.8733199834823608, 0.8751199841499329, 0.8758599758148193, 0.8774999976158142, 0.8791599869728088, 0.8810399770736694], "val_loss": [1.6108661890029907, 1.3928894996643066, 1.3147575855255127, 1.2672367095947266, 1.2535665035247803, 1.1565954685211182, 1.1499292850494385, 1.0874638557434082, 1.078462839126587, 1.0451043844223022, 1.0603610277175903, 1.033089280128479, 1.0073081254959106, 0.9979905486106873, 1.0016165971755981, 0.9705309867858887, 0.9950977563858032, 0.9864295721054077, 0.9754773378372192, 0.9396836757659912, 0.9625852704048157, 0.9686366319656372, 0.9348043203353882, 0.9260386824607849, 0.9573330283164978, 0.9266559481620789, 0.9208858609199524, 0.9394702315330505, 0.9234939217567444, 0.9203906059265137, 0.9147135019302368, 0.9262315630912781, 0.9285781383514404, 0.9107289910316467, 0.9159591794013977, 0.9134736061096191, 0.9199970960617065, 0.9011836051940918, 0.9055339694023132, 0.9070400595664978, 0.9163632988929749, 0.9085686802864075, 0.9118626117706299, 0.9126498103141785, 0.9149708151817322, 0.9154781103134155, 0.908102810382843, 0.908880352973938, 0.9064015746116638, 0.9143878817558289, 0.9037769436836243, 0.9245572090148926, 0.9101356267929077, 0.9162641763687134, 0.9159146547317505, 0.9317377209663391, 0.9190797805786133, 0.9311281442642212, 0.9262968897819519, 0.9351165294647217, 0.9281441569328308, 0.9264006614685059, 0.9324196577072144, 0.9338232278823853, 0.9455841779708862, 0.9435513615608215, 0.9492008686065674, 0.9331154227256775, 0.9377328157424927, 0.953328013420105, 0.9434453845024109, 0.9487524628639221, 0.9794615507125854, 0.9584370255470276, 0.9649049043655396, 0.9653642773628235, 0.9683117270469666, 0.9644889831542969, 0.9883245825767517, 0.9666191339492798, 0.9704773426055908, 0.9799938201904297, 0.9883142709732056, 0.9951028227806091, 0.9797422885894775, 0.9869616031646729, 0.9861534237861633, 0.9886165857315063, 0.9929475784301758, 1.0011547803878784, 0.9956351518630981, 0.9986876249313354, 1.0069812536239624, 1.0207830667495728, 1.0030525922775269, 1.018876075744629, 1.0173463821411133, 1.0260118246078491, 1.0185303688049316, 1.0270901918411255],