{"loss": [2.2524960041046143, 2.0487844944000244, 1.965070366859436, 1.900394082069397, 1.8405370712280273, 1.7926875352859497, 1.753165602684021, 1.7180687189102173, 1.6882323026657104, 1.6626555919647217, 1.6400929689407349, 1.6202327013015747, 1.6030017137527466, 1.5870909690856934, 1.5726912021636963, 1.559285283088684, 1.5469427108764648, 1.5345577001571655, 1.5232712030410767, 1.512976884841919, 1.502658724784851, 1.4931317567825317, 1.4838957786560059, 1.4753550291061401, 1.4673823118209839, 1.4598491191864014, 1.452190637588501, 1.4454412460327148, 1.4385921955108643, 1.4323623180389404, 1.425988793373108, 1.4203407764434814, 1.4150004386901855, 1.409203290939331, 1.4042848348617554, 1.3995977640151978, 1.3946664333343506, 1.389905333518982, 1.3855459690093994, 1.381221055984497, 1.3768197298049927, 1.37266206741333, 1.3686449527740479, 1.364655613899231, 1.360985279083252, 1.356959581375122, 1.3532280921936035, 1.3495762348175049, 1.3462316989898682, 1.3432379961013794, 1.3396952152252197, 1.336372971534729, 1.3335022926330566, 1.330338716506958, 1.3271671533584595, 1.3244258165359497, 1.3214495182037354, 1.3189935684204102, 1.316107153892517, 1.3133758306503296, 1.3106040954589844, 1.3079909086227417, 1.3055123090744019, 1.3030388355255127, 1.3009469509124756, 1.298289179801941, 1.2958159446716309, 1.2937475442886353, 1.2914537191390991, 1.289188265800476, 1.2871317863464355, 1.285111665725708, 1.2829692363739014, 1.2806634902954102, 1.279031753540039, 1.2770180702209473, 1.274823546409607, 1.2731026411056519, 1.2711989879608154, 1.2692698240280151, 1.2674082517623901, 1.265733242034912, 1.2639883756637573, 1.2622829675674438, 1.2605587244033813, 1.2586780786514282, 1.257274866104126, 1.255750060081482, 1.254109263420105, 1.252437710762024, 1.2507182359695435, 1.2493740320205688, 1.2477350234985352, 1.246177315711975, 1.2447197437286377, 1.2434470653533936, 1.2418608665466309, 1.2404721975326538, 1.2390353679656982, 1.2376741170883179], "accuracy": [0.15931999683380127, 0.25189998745918274, 0.28828001022338867, 0.31676000356674194, 0.3418799936771393, 0.3602199852466583, 0.3752399981021881, 0.38896000385284424, 0.3961000144481659, 0.4037800133228302, 0.4112200140953064, 0.4174000024795532, 0.4235199987888336, 0.42866000533103943, 0.4335399866104126, 0.4390200078487396, 0.4441399872303009, 0.4479599893093109, 0.45107999444007874, 0.45419999957084656, 0.4587399959564209, 0.46173998713493347, 0.4671199917793274, 0.470660001039505, 0.4736199975013733, 0.4771200120449066, 0.4799799919128418, 0.4823800027370453, 0.4849199950695038, 0.48754000663757324, 0.49059998989105225, 0.49296000599861145, 0.4952999949455261, 0.49720001220703125, 0.49856001138687134, 0.5014600157737732, 0.5022799968719482, 0.504580020904541, 0.5080599784851074, 0.508400022983551, 0.510699987411499, 0.5117800235748291, 0.5131999850273132, 0.5156999826431274, 0.5172799825668335, 0.5179200172424316, 0.5199800133705139, 0.5212600231170654, 0.523140013217926, 0.5237799882888794, 0.5256400108337402, 0.5266600251197815, 0.5271400213241577, 0.5296800136566162, 0.5300599932670593, 0.5303800106048584, 0.531220018863678, 0.5335800051689148, 0.5354800224304199, 0.5350199937820435, 0.5366600155830383, 0.5377799868583679, 0.539359986782074, 0.5387600064277649, 0.5407800078392029, 0.5421599745750427, 0.542140007019043, 0.5424399971961975, 0.5439599752426147, 0.546280026435852, 0.5461000204086304, 0.54721999168396, 0.5470200181007385, 0.5479599833488464, 0.5485000014305115, 0.549780011177063, 0.5500400066375732, 0.5515999794006348, 0.5517799854278564, 0.5534399747848511, 0.5535200238227844, 0.5552999973297119, 0.5545600056648254, 0.5558800101280212, 0.5567200183868408, 0.5578200221061707, 0.5575000047683716, 0.5581200122833252, 0.5586199760437012, 0.5605199933052063, 0.5605999827384949, 0.5610600113868713, 0.5616000294685364, 0.5625200271606445, 0.5630199909210205, 0.5631800293922424, 0.5637999773025513, 0.5638800263404846, 0.5647000074386597, 0.5666999816894531], "val_loss": [2.142282724380493, 1.992477297782898, 1.928478717803955, 1.864255666732788, 1.812495470046997, 1.7711937427520752, 1.7320150136947632, 1.702042579650879, 1.6769649982452393, 1.6476322412490845, 1.6306803226470947, 1.6112937927246094, 1.5951683521270752, 1.5786155462265015, 1.5682175159454346, 1.5514384508132935, 1.5405446290969849, 1.528259515762329, 1.520445466041565, 1.5087798833847046, 1.5001471042633057, 1.488389015197754, 1.4827003479003906, 1.4739305973052979, 1.4648369550704956, 1.4577951431274414, 1.4516239166259766, 1.4476244449615479, 1.44254732131958, 1.4343421459197998, 1.4273985624313354, 1.4246275424957275, 1.4165760278701782, 1.4110596179962158, 1.4110547304153442, 1.4030425548553467, 1.3973678350448608, 1.3938472270965576, 1.389344573020935, 1.3841572999954224, 1.3802932500839233, 1.375666618347168, 1.3720449209213257, 1.3709313869476318, 1.367749810218811, 1.3639780282974243, 1.3595417737960815, 1.3573302030563354, 1.3533813953399658, 1.3483911752700806, 1.3461573123931885, 1.3431031703948975, 1.3401470184326172, 1.3384398221969604, 1.3376272916793823, 1.3329975605010986, 1.3295326232910156, 1.3271492719650269, 1.3235279321670532, 1.322560429573059, 1.318847417831421, 1.3158843517303467, 1.3154536485671997, 1.3122148513793945, 1.312971591949463, 1.3081591129302979, 1.3084481954574585, 1.304794192314148, 1.3013145923614502, 1.2993743419647217, 1.299501657485962, 1.299237847328186, 1.2939237356185913, 1.2955931425094604, 1.2932603359222412, 1.2876468896865845, 1.2889589071273804, 1.2844396829605103, 1.2838610410690308, 1.2821849584579468, 1.2800781726837158, 1.2786976099014282, 1.2793017625808716, 1.276142954826355, 1.2759164571762085, 1.273776650428772, 1.2718915939331055, 1.270826816558838, 1.2686786651611328, 1.2658295631408691, 1.2727230787277222, 1.2637410163879395, 1.264913558959961, 1.2631996870040894, 1.2598762512207031, 1.258623480796814, 1.2576631307601929, 1.256055235862732, 1.2568162679672241, 1.254067063331604],