{"loss": [1.6916602849960327, 1.2617979049682617, 1.0775455236434937, 0.9568058848381042, 0.8684946894645691, 0.7974945902824402, 0.7389463186264038, 0.6892094016075134, 0.6443384289741516, 0.6035720109939575, 0.565108060836792, 0.5296311974525452, 0.4978732168674469, 0.4667591452598572, 0.4351962208747864, 0.4086703658103943, 0.38236004114151, 0.356935977935791, 0.33199357986450195, 0.31059569120407104, 0.2884868383407593, 0.2665667235851288, 0.24633312225341797, 0.22789990901947021, 0.21031568944454193, 0.19273050129413605, 0.17671342194080353, 0.16267988085746765, 0.14642637968063354, 0.13411258161067963, 0.12049462646245956, 0.10927757620811462, 0.09902630001306534, 0.08811996132135391, 0.07928933948278427, 0.07025855779647827, 0.06188641116023064, 0.05525040999054909, 0.048682987689971924, 0.04379172995686531, 0.038270581513643265, 0.0342012457549572, 0.029957624152302742, 0.026630906388163567, 0.023599393665790558, 0.020948566496372223, 0.018799470737576485, 0.016903700307011604, 0.015359004028141499, 0.013835210353136063, 0.012617961503565311, 0.011607922613620758, 0.010714835487306118, 0.009966510348021984, 0.009262748062610626, 0.008653484284877777, 0.008086695335805416, 0.007591091096401215, 0.00715094618499279, 0.006753087975084782, 0.006402742117643356, 0.0060749053955078125, 0.0057889604941010475, 0.005495841149240732, 0.005272860638797283, 0.005035446025431156, 0.00480205612257123, 0.004602342378348112, 0.004416849464178085, 0.004256960935890675, 0.004095447715371847, 0.0039458745159208775, 0.0038069963920861483, 0.0036731280852109194, 0.003541531041264534, 0.003431689692661166, 0.0033186208456754684, 0.0032102756667882204, 0.003111109370365739, 0.0030211766716092825, 0.002932376693934202, 0.0028487364761531353, 0.00276865903288126, 0.0026870789006352425, 0.0026199035346508026, 0.0025494250003248453, 0.0024806936271488667, 0.0024226203095167875, 0.002356661017984152, 0.002295353449881077, 0.002242274582386017, 0.002191095845773816, 0.002141148317605257, 0.002092195674777031, 0.0020435818005353212, 0.0020034965127706528, 0.001957399072125554, 0.0019163114484399557, 0.0018737115897238255, 0.0018374572973698378], "accuracy": [0.3796600103378296, 0.5502399802207947, 0.6224799752235413, 0.6640599966049194, 0.6973000168800354, 0.7222599983215332, 0.7410200238227844, 0.7594599723815918, 0.7761200070381165, 0.7894200086593628, 0.8043000102043152, 0.8176599740982056, 0.8276000022888184, 0.839139997959137, 0.8499199748039246, 0.8595600128173828, 0.8670200109481812, 0.8778799772262573, 0.887719988822937, 0.8967000246047974, 0.9041399955749512, 0.9108800292015076, 0.9194999933242798, 0.9268199801445007, 0.9330000281333923, 0.9412000179290771, 0.9462400078773499, 0.9511600136756897, 0.9572799801826477, 0.9624599814414978, 0.9676799774169922, 0.9717199802398682, 0.9757800102233887, 0.9803400039672852, 0.9832800030708313, 0.9856399893760681, 0.9890599846839905, 0.9911999702453613, 0.9928399920463562, 0.9941200017929077, 0.995419979095459, 0.9970200061798096, 0.9973400235176086, 0.9983400106430054, 0.9988999962806702, 0.9990800023078918, 0.9994000196456909, 0.9995399713516235, 0.9995999932289124, 0.9998000264167786, 0.9998800158500671, 0.9998999834060669, 0.9999600052833557, 0.9999399781227112, 0.9999799728393555, 0.9999799728393555, 1.0, 1.0, 1.0, 1.0, 1.0, 1.0, 1.0, 1.0, 1.0, 1.0, 1.0, 1.0, 1.0, 1.0, 1.0, 1.0, 1.0, 1.0, 1.0, 1.0, 1.0, 1.0, 1.0, 1.0, 1.0, 1.0, 1.0, 1.0, 1.0, 1.0, 1.0, 1.0, 1.0, 1.0, 1.0, 1.0, 1.0, 1.0, 1.0, 1.0, 1.0, 1.0, 1.0, 1.0], "val_loss": [1.344627857208252, 1.1826460361480713, 1.0732510089874268, 0.9758411049842834, 1.0274863243103027, 0.8796461820602417, 0.9086834788322449, 0.8661031126976013, 0.859319806098938, 0.8428289890289307, 0.8247197270393372, 0.8594253063201904, 0.8358617424964905, 0.8411508798599243, 0.8847217559814453, 0.8878764510154724, 0.9017454981803894, 0.9490365982055664, 0.9494115114212036, 0.9702128171920776, 0.9833465814590454, 1.0127174854278564, 1.0296971797943115, 1.0629963874816895, 1.0788252353668213, 1.1407421827316284, 1.1766438484191895, 1.1888420581817627, 1.2342066764831543, 1.277908205986023, 1.2954260110855103, 1.349128007888794, 1.3790549039840698, 1.4410570859909058, 1.4569505453109741, 1.5005635023117065, 1.5370527505874634, 1.5663138628005981, 1.626560926437378, 1.6435847282409668, 1.731292724609375, 1.735143780708313, 1.761093020439148, 1.8203099966049194, 1.8362866640090942, 1.8773787021636963, 1.909440040588379, 1.9481252431869507, 1.9649043083190918, 1.9951611757278442, 2.0118141174316406, 2.045809030532837, 2.073556423187256, 2.0888848304748535, 2.119375467300415, 2.1437788009643555, 2.1604862213134766, 2.1826586723327637, 2.2015230655670166, 2.208883285522461, 2.2364115715026855, 2.255869150161743, 2.266190528869629, 2.286301851272583, 2.3001835346221924, 2.3213140964508057, 2.3286592960357666, 2.3467540740966797, 2.3660261631011963, 2.3697474002838135, 2.3852646350860596, 2.406163215637207, 2.416358709335327, 2.431807279586792, 2.439905881881714, 2.4524083137512207, 2.464097738265991, 2.4766829013824463, 2.4866340160369873, 2.494889497756958, 2.5070934295654297, 2.518214702606201, 2.5277957916259766, 2.537872552871704, 2.550931930541992, 2.5599942207336426, 2.568162202835083, 2.575171947479248, 2.587320327758789, 2.5950231552124023, 2.603569269180298, 2.613044261932373, 2.621084451675415, 2.6297309398651123, 2.64011549949646, 2.642320156097412, 2.6549298763275146, 2.660285234451294, 2.67226243019104, 2.675935745239258], "val_accuracy": [0.517300009727478, 0.5788999795913696, 0.621399998664856, 0.6625999808311462, 0.6399000287055969, 0.6948999762535095, 0.6862000226974487, 0.7024000287055969, 0.7034000158309937, 0.7113999724388123, 0.7218999862670898, 0.71670001745224, 0.7289000153541565, 0.7257999777793884, 0.7179999947547913, 0.7228999733924866, 0.7207000255584717, 0.7135999798774719, 0.7172999978065491, 0.718500018119812, 0.7254999876022339, 0.7199000120162964, 0.7239999771118164, 0.7195000052452087, 0.7228999733924866, 0.7153000235557556, 0.7129999995231628, 0.7203999757766724, 0.7164000272750854, 0.7171000242233276, 0.7210000157356262, 0.7152000069618225, 0.7170000076293945, 0.713100016117096, 0.7166000008583069, 0.714900016784668, 0.7160999774932861, 0.7192000150680542, 0.7138000130653381, 0.717199981212616, 0.7138000130653381, 0.7150999903678894, 0.7157999873161316, 0.7142000198364258, 0.7148000001907349, 0.7148000001907349, 0.7134000062942505, 0.717199981212616, 0.7139000296592712, 0.7139999866485596, 0.7186999917030334, 0.7146999835968018, 0.7160999774932861, 0.7168999910354614, 0.7153000235557556, 0.7142999768257141, 0.7157999873161316, 0.7161999940872192, 0.7163000106811523, 0.7171000242233276, 0.7174999713897705, 0.7163000106811523, 0.7150999903678894, 0.7156999707221985, 0.7166000008583069, 0.7167999744415283, 0.7161999940872192, 0.7153000235557556, 0.7160000205039978, 0.7148000001907349, 0.7164999842643738, 0.7160999774932861, 0.715499997138977, 0.71670001745224, 0.7157999873161316, 0.7159000039100647, 0.7171000242233276, 0.7160999774932861, 0.7156999707221985, 0.7164000272750854, 0.7156999707221985, 0.7159000039100647, 0.7157999873161316, 0.7156999707221985, 0.7160000205039978, 0.7156999707221985, 0.7166000008583069, 0.7156000137329102, 0.7160000205039978, 0.715499997138977, 0.7164999842643738, 0.7160999774932861, 0.7152000069618225, 0.7163000106811523, 0.714900016784668, 0.7160999774932861, 0.7150999903678894, 0.7152000069618225, 0.7160999774932861, 0.7153000235557556]}