{"loss": [1.6900639533996582, 1.215584635734558, 1.0319761037826538, 0.9158599376678467, 0.8313624858856201, 0.7634104490280151, 0.7068731188774109, 0.6592452526092529, 0.6165323257446289, 0.5787449479103088, 0.540492594242096, 0.5089156031608582, 0.4771255552768707, 0.4464642107486725, 0.4190524220466614, 0.39302101731300354, 0.3670656383037567, 0.3423324227333069, 0.31940963864326477, 0.29738864302635193, 0.27490416169166565, 0.2554610073566437, 0.23559115827083588, 0.21641214191913605, 0.1995532214641571, 0.1825348436832428, 0.1671411544084549, 0.15204668045043945, 0.13865862786769867, 0.1266976296901703, 0.11358162760734558, 0.10206865519285202, 0.09215223789215088, 0.08184996247291565, 0.07224555313587189, 0.065043143928051, 0.05778655409812927, 0.05109686031937599, 0.04468710348010063, 0.03928292915225029, 0.034309737384319305, 0.030588742345571518, 0.027246052399277687, 0.023977991193532944, 0.02119799517095089, 0.019007345661520958, 0.017080102115869522, 0.015353953465819359, 0.013827146030962467, 0.012644504196941853], "accuracy": [0.3839400112628937, 0.5676400065422058, 0.6359400153160095, 0.6799200177192688, 0.7102000117301941, 0.7331200242042542, 0.7543799877166748, 0.7694000005722046, 0.7859399914741516, 0.7990400195121765, 0.8119400143623352, 0.8245000243186951, 0.8358200192451477, 0.8456199765205383, 0.8567399978637695, 0.8650400042533875, 0.8765599727630615, 0.8840000033378601, 0.8916400074958801, 0.9008200168609619, 0.9088000059127808, 0.9157400131225586, 0.9258000254631042, 0.930620014667511, 0.9378600120544434, 0.9445400238037109, 0.9498999714851379, 0.9565399885177612, 0.9605600237846375, 0.9648200273513794, 0.9706799983978271, 0.974120020866394, 0.9777200222015381, 0.981939971446991, 0.98580002784729, 0.9877600073814392, 0.989799976348877, 0.9918400049209595, 0.9944599866867065, 0.9958199858665466, 0.9970800280570984, 0.9975399971008301, 0.9980199933052063, 0.9987999796867371, 0.9993000030517578, 0.9993199706077576, 0.9994000196456909, 0.9998000264167786, 0.9998400211334229, 0.9998800158500671], "val_loss": [1.299921989440918, 1.2309184074401855, 1.0365036725997925, 1.0095763206481934, 0.9508026242256165, 0.8542402386665344, 0.8552608489990234, 0.846703827381134, 0.837735652923584, 0.8194060325622559, 0.8227860331535339, 0.8450207710266113, 0.8581582307815552, 0.9229273200035095, 0.9409942626953125, 0.9144588112831116, 0.9015558362007141, 0.9762024283409119, 0.9305286407470703, 0.9814573526382446, 1.002745270729065, 1.0904370546340942, 1.084770917892456, 1.0664647817611694, 1.0952016115188599, 1.1483086347579956, 1.2068531513214111, 1.229764461517334, 1.2894933223724365, 1.2785604000091553, 1.3401892185211182, 1.3522393703460693, 1.3979350328445435, 1.440278172492981, 1.5202643871307373, 1.5240323543548584, 1.5606857538223267, 1.6276408433914185, 1.6524499654769897, 1.698296070098877, 1.7272802591323853, 1.7540736198425293, 1.8165026903152466, 1.8358664512634277, 1.8692119121551514, 1.8961032629013062, 1.9310094118118286, 1.9742023944854736, 1.9955841302871704, 2.0306591987609863], "val_accuracy": [0.5382000207901001, 0.5680000185966492, 0.6333000063896179, 0.649399995803833, 0.673799991607666, 0.705299973487854, 0.7053999900817871, 0.7114999890327454, 0.71670001745224, 0.7225000262260437, 0.722100019454956, 0.7135000228881836, 0.7178999781608582, 0.6998999714851379, 0.7049999833106995, 0.7171000242233276, 0.7186999917030334, 0.7163000106811523, 0.7260000109672546, 0.7156000137329102, 0.7174000144004822, 0.7064999938011169, 0.7142000198364258, 0.7159000039100647, 0.718500018119812, 0.7178000211715698, 0.710099995136261, 0.7177000045776367, 0.7037000060081482, 0.7157999873161316, 0.7153000235557556, 0.714900016784668, 0.7125999927520752, 0.718500018119812, 0.7103999853134155, 0.7095999717712402, 0.7117999792098999, 0.7056000232696533, 0.7074000239372253, 0.7103000283241272, 0.7092000246047974, 0.7099999785423279, 0.7093999981880188, 0.7099000215530396, 0.7095999717712402, 0.7098000049591064, 0.7085000276565552, 0.708299994468689, 0.7085000276565552, 0.7093999981880188]}