{"loss": [2.277543306350708, 2.07515025138855, 1.9349594116210938, 1.8585628271102905, 1.8061637878417969, 1.7659488916397095, 1.7317813634872437, 1.701878309249878, 1.6755465269088745, 1.6509370803833008, 1.627369999885559, 1.6048426628112793, 1.5834994316101074, 1.5647003650665283, 1.54641592502594, 1.5300261974334717, 1.5155576467514038, 1.5023776292800903, 1.490538239479065, 1.4800795316696167, 1.4706989526748657, 1.4622373580932617, 1.4547433853149414, 1.4477492570877075, 1.4410532712936401, 1.4346848726272583, 1.4288065433502197, 1.423227071762085, 1.4181758165359497, 1.4131195545196533, 1.407976746559143, 1.4035536050796509, 1.3988484144210815, 1.3943262100219727, 1.3902746438980103, 1.3860876560211182, 1.382380485534668, 1.3782700300216675, 1.374267816543579, 1.3710705041885376, 1.3673523664474487, 1.3638612031936646, 1.3604079484939575, 1.3570241928100586, 1.3538122177124023, 1.350616455078125, 1.3471766710281372, 1.3439788818359375, 1.3408764600753784, 1.3381208181381226], "accuracy": [0.14948000013828278, 0.25308001041412354, 0.30230000615119934, 0.3325999975204468, 0.35238000750541687, 0.36886000633239746, 0.38054001331329346, 0.39111998677253723, 0.40143999457359314, 0.4087800085544586, 0.41697999835014343, 0.4262799918651581, 0.4323599934577942, 0.4381200075149536, 0.4443199932575226, 0.4500400125980377, 0.4552600085735321, 0.4614199995994568, 0.4653399884700775, 0.4685400128364563, 0.471560001373291, 0.4758799970149994, 0.477620005607605, 0.48089998960494995, 0.4846400022506714, 0.4867199957370758, 0.4886400103569031, 0.49149999022483826, 0.49320000410079956, 0.4943599998950958, 0.49799999594688416, 0.4993399977684021, 0.5008999705314636, 0.5032200217247009, 0.5024799704551697, 0.5058199763298035, 0.5062599778175354, 0.5087000131607056, 0.5105400085449219, 0.5118600130081177, 0.5130800008773804, 0.5151200294494629, 0.515779972076416, 0.5168600082397461, 0.5195199847221375, 0.5200999975204468, 0.521340012550354, 0.5229600071907043, 0.5249199867248535, 0.525600016117096], "val_loss": [2.216979503631592, 1.9790021181106567, 1.8879046440124512, 1.8287074565887451, 1.7831412553787231, 1.7473689317703247, 1.7168619632720947, 1.6880015134811401, 1.6631232500076294, 1.646601915359497, 1.6189402341842651, 1.5978314876556396, 1.5792948007583618, 1.5586316585540771, 1.5429596900939941, 1.5286163091659546, 1.5142608880996704, 1.506127119064331, 1.4929763078689575, 1.4845589399337769, 1.4748811721801758, 1.482682466506958, 1.4606400728225708, 1.4549200534820557, 1.448479175567627, 1.4423404932022095, 1.437532663345337, 1.4323927164077759, 1.4285541772842407, 1.4254320859909058, 1.4179503917694092, 1.4117580652236938, 1.4098466634750366, 1.4056545495986938, 1.402437448501587, 1.3951845169067383, 1.3920344114303589, 1.3924144506454468, 1.3861385583877563, 1.3816437721252441, 1.3828191757202148, 1.3755403757095337, 1.373836874961853, 1.3702785968780518, 1.3660792112350464, 1.3630820512771606, 1.3608978986740112, 1.356353759765625, 1.3542808294296265, 1.3512588739395142], "val_accuracy": [0.2069000005722046, 0.28630000352859497, 0.326200008392334, 0.3458999991416931, 0.36469998955726624, 0.3693000078201294, 0.3840000033378601, 0.4016000032424927, 0.4050000011920929, 0.4092000126838684, 0.4196999967098236, 0.4255000054836273, 0.4348999857902527, 0.4406000077724457, 0.44440001249313354, 0.4528999924659729, 0.4560999870300293, 0.45739999413490295, 0.46380001306533813, 0.4675000011920929, 0.4706999957561493, 0.4668999910354614, 0.4742000102996826, 0.4790000021457672, 0.4781000018119812, 0.4851999878883362, 0.48350000381469727, 0.4896000027656555, 0.4864000082015991, 0.490200012922287, 0.4936000108718872, 0.49399998784065247, 0.49900001287460327, 0.5006999969482422, 0.4999000132083893, 0.5031999945640564, 0.5031999945640564, 0.5045999884605408, 0.505299985408783, 0.5051000118255615, 0.5041999816894531, 0.5085999965667725, 0.5102999806404114, 0.512499988079071, 0.5134000182151794, 0.5138000249862671, 0.51419997215271, 0.5144000053405762, 0.5171999931335449, 0.5188000202178955]}