{"loss": [1.7136377096176147, 1.3884910345077515, 1.2416905164718628, 1.1239384412765503, 1.0338066816329956, 0.9698049426078796, 0.9109269380569458, 0.8586928844451904, 0.8125102519989014, 0.7692303657531738, 0.7308014631271362, 0.696007490158081, 0.6640710830688477, 0.6335562467575073, 0.6048697829246521, 0.5764548778533936, 0.5484974384307861, 0.5240899920463562, 0.5003800392150879, 0.47757717967033386, 0.4557105600833893, 0.4319530129432678, 0.41192227602005005, 0.3901824653148651, 0.36840370297431946, 0.34819960594177246, 0.3297945559024811, 0.3108089864253998, 0.2934574484825134, 0.2760714590549469, 0.25834229588508606, 0.24015340209007263, 0.22511914372444153, 0.21049660444259644, 0.19365903735160828, 0.17876990139484406, 0.16388198733329773, 0.15015819668769836, 0.14113594591617584, 0.12722676992416382, 0.11463148146867752, 0.10476017743349075, 0.09594930708408356, 0.08762861043214798, 0.07911767065525055, 0.07324168086051941, 0.06479968875646591, 0.05719734728336334, 0.053866494446992874, 0.04637516662478447, 0.04372687637805939, 0.0377885065972805, 0.035522669553756714, 0.032322730869054794, 0.02970699965953827, 0.027068322524428368, 0.022521521896123886, 0.021077390760183334, 0.02080964855849743, 0.017717629671096802, 0.014576580375432968, 0.01821957156062126, 0.01514094602316618, 0.012783469632267952, 0.012171627022325993, 0.011083460412919521, 0.010832061991095543, 0.010407311841845512, 0.0088685667142272, 0.008599784225225449, 0.007766861002892256, 0.005256757605820894, 0.00728961918503046, 0.005813376046717167, 0.003933526575565338, 0.006132720969617367, 0.0035628252662718296, 0.004928204696625471, 0.003986258991062641, 0.007075157947838306, 0.004799284506589174, 0.005208770744502544, 0.005129345692694187, 0.0034178639762103558, 0.004176830407232046, 0.004028367809951305, 0.00457764184102416, 0.003424601163715124, 0.002656581113114953, 0.003203480737283826, 0.0034642580430954695, 0.000608893868047744, 0.0030430981423705816, 0.004573418293148279, 0.0009606636594980955, 0.002758615417405963, 0.0006839489215053618, 0.005417611915618181, 0.0014803367666900158, 0.005374223459511995], "accuracy": [0.3722600042819977, 0.5012999773025513, 0.5573999881744385, 0.6069200038909912, 0.6384400129318237, 0.661899983882904, 0.6840199828147888, 0.7020999789237976, 0.7176200151443481, 0.7327799797058105, 0.7461400032043457, 0.7592999935150146, 0.7712600231170654, 0.7824199795722961, 0.7903800010681152, 0.8009799718856812, 0.8106799721717834, 0.8187800049781799, 0.8260800242424011, 0.8354799747467041, 0.8431400060653687, 0.8501600027084351, 0.8573799729347229, 0.8651999831199646, 0.8718000054359436, 0.8808599710464478, 0.8869799971580505, 0.8942800164222717, 0.8998200297355652, 0.9051399827003479, 0.9119799733161926, 0.9198399782180786, 0.9236800074577332, 0.9289000034332275, 0.9347400069236755, 0.9409999847412109, 0.9458400011062622, 0.9516000151634216, 0.9546399712562561, 0.9589999914169312, 0.9640200138092041, 0.9683799743652344, 0.9707599878311157, 0.97461998462677, 0.9771199822425842, 0.9792799949645996, 0.981939971446991, 0.9841399788856506, 0.9855200052261353, 0.9884799718856812, 0.9887599945068359, 0.9910200238227844, 0.9917200207710266, 0.9922599792480469, 0.9937199950218201, 0.993939995765686, 0.9951800107955933, 0.9955400228500366, 0.9955999851226807, 0.996399998664856, 0.9976599812507629, 0.9960200190544128, 0.9969199895858765, 0.997759997844696, 0.997759997844696, 0.9980599880218506, 0.9979199767112732, 0.9976800084114075, 0.9985399842262268, 0.9984599947929382, 0.9983400106430054, 0.9991400241851807, 0.9987199902534485, 0.9988800287246704, 0.9994800090789795, 0.9986000061035156, 0.9994999766349792, 0.9994199872016907, 0.9995200037956238, 0.9984999895095825, 0.9991000294685364, 0.999019980430603, 0.9988399744033813, 0.9991599917411804, 0.9992600083351135, 0.9993600249290466, 0.9991000294685364, 0.9993399977684021, 0.9995999932289124, 0.9992799758911133, 0.9991400241851807, 1.0, 0.9993799924850464, 0.9988999962806702, 1.0, 0.9993000030517578, 1.0, 0.9986400008201599, 0.9997400045394897, 0.9983800053596497], "val_loss": [1.457594394683838, 1.2836312055587769, 1.1710747480392456, 1.0730993747711182, 1.017749547958374, 1.0702314376831055, 0.9665424823760986, 0.951730489730835, 0.8798989057540894, 0.8530781269073486, 0.8917146325111389, 0.8642606735229492, 0.8508410453796387, 0.8286806344985962, 0.8422887921333313, 0.8048467040061951, 0.8605464100837708, 0.806161642074585, 0.8335036039352417, 0.8554176688194275, 0.8558837175369263, 0.8728495240211487, 0.8601052761077881, 0.9508172869682312, 0.9029487371444702, 0.9498127102851868, 0.9684041142463684, 0.9895817637443542, 1.0076894760131836, 1.0382646322250366, 1.0631144046783447, 1.1169333457946777, 1.177660346031189, 1.1985870599746704, 1.1939786672592163, 1.2270922660827637, 1.2754513025283813, 1.340080976486206, 1.3874489068984985, 1.438623309135437, 1.4541758298873901, 1.5076074600219727, 1.5689889192581177, 1.6318250894546509, 1.6521427631378174, 1.7218608856201172, 1.7720096111297607, 1.8181813955307007, 1.9096893072128296, 1.8745661973953247, 1.9573172330856323, 1.9726592302322388, 2.0353684425354004, 2.089491128921509, 2.166381597518921, 2.1936161518096924, 2.275178909301758, 2.361557722091675, 2.2749521732330322, 2.317772150039673, 2.4001407623291016, 2.43625807762146, 2.4983508586883545, 2.4649245738983154, 2.5444347858428955, 2.577773332595825, 2.5813446044921875, 2.6146233081817627, 2.633387804031372, 2.6863255500793457, 2.7845687866210938, 2.719353437423706, 2.7386739253997803, 2.7686052322387695, 2.809114694595337, 2.77917742729187, 2.8967368602752686, 2.851167678833008, 2.931899070739746, 2.903510808944702, 2.962597370147705, 2.981288194656372, 2.967820405960083, 3.0502827167510986, 3.083521842956543, 3.040433883666992, 3.0911829471588135, 3.1455719470977783, 3.1169302463531494, 3.105816602706909, 3.119222640991211, 3.17451548576355, 3.245642900466919, 3.185396194458008, 3.2029759883880615, 3.2141170501708984, 3.5192272663116455, 3.255858898162842, 3.3268070220947266, 3.2341835498809814],