{"loss": [4.131991386413574, 2.3141863346099854, 2.3165512084960938, 2.315425395965576, 2.315866231918335, 2.3154447078704834, 2.316138982772827, 2.3158771991729736, 2.315779447555542, 2.315974473953247, 2.3155200481414795, 2.3160998821258545, 2.3149406909942627, 2.3149430751800537, 2.3158624172210693, 2.3154397010803223, 2.315512180328369, 2.3151493072509766, 2.3147263526916504, 2.315253973007202, 2.3148555755615234, 2.3158276081085205, 2.3160581588745117, 2.314779758453369, 2.3163418769836426, 2.315483331680298, 2.3142924308776855, 2.3154475688934326, 2.315575361251831, 2.315681219100952, 2.3145406246185303, 2.3155195713043213, 2.315131664276123, 2.3152997493743896, 2.315202474594116, 2.315774440765381, 2.31512713432312, 2.315727710723877, 2.315190553665161, 2.3155088424682617, 2.3152761459350586, 2.31549334526062, 2.3152432441711426, 2.3160462379455566, 2.3159210681915283, 2.314713954925537, 2.3156797885894775, 2.314427614212036, 2.315124273300171, 2.3158092498779297], "accuracy": [0.09870000183582306, 0.10134000331163406, 0.09926000237464905, 0.10041999816894531, 0.09861999750137329, 0.10010000318288803, 0.09960000216960907, 0.09830000251531601, 0.09867999702692032, 0.09883999824523926, 0.09855999797582626, 0.09991999715566635, 0.10023999959230423, 0.09926000237464905, 0.09961999952793121, 0.09821999818086624, 0.10006000101566315, 0.09914000332355499, 0.09932000190019608, 0.0995199978351593, 0.10100000351667404, 0.1008400022983551, 0.09942000359296799, 0.09985999763011932, 0.10152000188827515, 0.1008400022983551, 0.1008400022983551, 0.0989999994635582, 0.09907999634742737, 0.09864000231027603, 0.10102000087499619, 0.0993800014257431, 0.1016400009393692, 0.10152000188827515, 0.10012000054121017, 0.09939999878406525, 0.10142000019550323, 0.09976000338792801, 0.10388000309467316, 0.09492000192403793, 0.1005999967455864, 0.10106000304222107, 0.10057999938726425, 0.09843999892473221, 0.09836000204086304, 0.1004600003361702, 0.09802000224590302, 0.1009799987077713, 0.1005999967455864, 0.10007999837398529], "val_loss": [2.3194754123687744, 2.314157724380493, 2.312710762023926, 2.3104970455169678, 2.3139655590057373, 2.3172450065612793, 2.3187994956970215, 2.3100664615631104, 2.3194456100463867, 2.317476987838745, 2.310227632522583, 2.3178417682647705, 2.3159263134002686, 2.307438373565674, 2.308751344680786, 2.319565534591675, 2.3111650943756104, 2.3137693405151367, 2.324676752090454, 2.310213327407837, 2.3271987438201904, 2.3149755001068115, 2.310863494873047, 2.309141159057617, 2.315591335296631, 2.3122220039367676, 2.3085808753967285, 2.3142929077148438, 2.321819305419922, 2.3076746463775635, 2.311645984649658, 2.3088200092315674, 2.3071506023406982, 2.3098018169403076, 2.3234097957611084, 2.308711528778076, 2.311762809753418, 2.3115649223327637, 2.3079957962036133, 2.3127968311309814, 2.324571132659912, 2.3216428756713867, 2.3192944526672363, 2.309478521347046, 2.3097290992736816, 2.3081977367401123, 2.3072445392608643, 2.3059444427490234, 2.3265557289123535, 2.322190523147583], "val_accuracy": [0.10000000149011612, 0.10000000149011612, 0.10000000149011612, 0.10000000149011612, 0.10000000149011612, 0.10000000149011612, 0.10000000149011612, 0.10000000149011612, 0.10000000149011612, 0.10000000149011612, 0.10000000149011612, 0.10000000149011612, 0.10000000149011612, 0.10000000149011612, 0.10000000149011612, 0.10000000149011612, 0.10000000149011612, 0.10000000149011612, 0.10000000149011612, 0.10000000149011612, 0.10000000149011612, 0.10000000149011612, 0.10000000149011612, 0.10000000149011612, 0.10000000149011612, 0.10000000149011612, 0.10000000149011612, 0.10000000149011612, 0.10000000149011612, 0.10000000149011612, 0.10000000149011612, 0.10000000149011612, 0.10000000149011612, 0.10000000149011612, 0.10000000149011612, 0.10000000149011612, 0.10000000149011612, 0.10000000149011612, 0.10000000149011612, 0.10000000149011612, 0.10000000149011612, 0.10000000149011612, 0.10000000149011612, 0.10000000149011612, 0.10000000149011612, 0.10000000149011612, 0.10000000149011612, 0.10000000149011612, 0.10000000149011612, 0.10000000149011612]}