{"loss": [2.3065338134765625, 2.303884983062744, 2.303798198699951, 2.304008960723877, 2.3040497303009033, 2.30393385887146, 2.304131031036377, 2.303999423980713, 2.30397367477417, 2.3037774562835693, 2.3039913177490234, 2.3040435314178467, 2.303748607635498, 2.3041138648986816, 2.3039088249206543, 2.304239273071289, 2.3040971755981445, 2.30395245552063, 2.303966760635376, 2.3039658069610596, 2.3040833473205566, 2.304039239883423, 2.3041727542877197, 2.303983449935913, 2.304095506668091, 2.3040637969970703, 2.3040266036987305, 2.304142713546753, 2.3038384914398193, 2.304095506668091, 2.3040008544921875, 2.3039019107818604, 2.3038206100463867, 2.3040623664855957, 2.303961992263794, 2.304044485092163, 2.3040690422058105, 2.304030656814575, 2.304175853729248, 2.3040788173675537, 2.3040804862976074, 2.3037962913513184, 2.3042285442352295, 2.3039231300354004, 2.3036935329437256, 2.3041439056396484, 2.3039655685424805, 2.30395245552063, 2.304210901260376, 2.3040194511413574, 2.304001569747925, 2.3039610385894775, 2.3039848804473877, 2.3039002418518066, 2.3039627075195312, 2.3041350841522217, 2.3037655353546143, 2.3040151596069336, 2.3040308952331543, 2.3040616512298584, 2.3038063049316406, 2.3038136959075928, 2.3041064739227295, 2.304090976715088, 2.304044008255005, 2.3039627075195312, 2.304088830947876, 2.304157257080078, 2.3040521144866943, 2.304067850112915, 2.304023027420044, 2.3038480281829834, 2.303990364074707, 2.3039634227752686, 2.304131269454956, 2.303711414337158, 2.3038759231567383, 2.303921937942505, 2.3039352893829346, 2.3039567470550537, 2.304084300994873, 2.303959846496582, 2.3040828704833984, 2.3040473461151123, 2.303910493850708, 2.303910493850708, 2.303943634033203, 2.3038177490234375, 2.3040225505828857, 2.3040401935577393, 2.303877592086792, 2.303943634033203, 2.3036787509918213, 2.303905725479126, 2.304044008255005, 2.304016590118408, 2.3040761947631836, 2.303964614868164, 2.3041458129882812, 2.3038742542266846], "accuracy": [0.10238000005483627, 0.09978000074625015, 0.09870000183582306, 0.09882000088691711, 0.09741999953985214, 0.09809999912977219, 0.10035999864339828, 0.09976000338792801, 0.10012000054121017, 0.1012599989771843, 0.1003199964761734, 0.09889999777078629, 0.09929999709129333, 0.09911999851465225, 0.1009799987077713, 0.09775999933481216, 0.10001999884843826, 0.09963999688625336, 0.10080000013113022, 0.09914000332355499, 0.09935999661684036, 0.09892000257968903, 0.09793999791145325, 0.10106000304222107, 0.09917999804019928, 0.09929999709129333, 0.09933999925851822, 0.09790000319480896, 0.10093999654054642, 0.098860003054142, 0.10025999695062637, 0.09883999824523926, 0.09922000020742416, 0.09467999637126923, 0.10019999742507935, 0.09765999764204025, 0.09911999851465225, 0.0997999981045723, 0.09790000319480896, 0.09786000102758408, 0.09991999715566635, 0.1009799987077713, 0.09740000218153, 0.09907999634742737, 0.10226000100374222, 0.09860000014305115, 0.09821999818086624, 0.09904000163078308, 0.09722000360488892, 0.09786000102758408, 0.09873999655246735, 0.10127999633550644, 0.10057999938726425, 0.09758000075817108, 0.0997999981045723, 0.09910000115633011, 0.10113999992609024, 0.09793999791145325, 0.10142000019550323, 0.0996600016951561, 0.10209999978542328, 0.10028000175952911, 0.10050000250339508, 0.09798000007867813, 0.09922000020742416, 0.09839999675750732, 0.0989999994635582, 0.09740000218153, 0.1004600003361702, 0.1003199964761734, 0.10023999959230423, 0.09985999763011932, 0.09945999830961227, 0.09852000325918198, 0.09769999980926514, 0.10261999815702438, 0.10068000108003616, 0.10012000054121017, 0.10091999918222427, 0.09747999906539917, 0.10035999864339828, 0.09960000216960907, 0.09932000190019608, 0.0993800014257431, 0.10072000324726105, 0.10029999911785126, 0.09907999634742737, 0.09877999871969223, 0.09956000000238419, 0.09967999905347824, 0.10171999782323837, 0.09873999655246735, 0.09942000359296799, 0.10072000324726105, 0.10025999695062637, 0.09914000332355499, 0.09798000007867813, 0.10012000054121017, 0.09978000074625015, 0.10085999965667725], "val_loss": [2.3045358657836914, 2.303341865539551, 2.3045430183410645, 2.3041131496429443, 2.304654598236084, 2.303759813308716, 2.303584575653076, 2.30368971824646, 2.302830934524536, 2.3051578998565674, 2.3033149242401123, 2.303603410720825, 2.305182695388794, 2.303924560546875, 2.3031983375549316, 2.3036842346191406, 2.3036131858825684, 2.3034143447875977, 2.3038322925567627, 2.303293466567993, 2.3039441108703613, 2.3031089305877686, 2.3030154705047607, 2.303086042404175, 2.3033957481384277, 2.3037989139556885, 2.3037827014923096, 2.3038604259490967, 2.3040218353271484, 2.302967071533203, 2.3032760620117188, 2.3035953044891357, 2.3038885593414307, 2.303884267807007, 2.30387282371521, 2.3045401573181152, 2.303961753845215, 2.3032259941101074, 2.3040621280670166, 2.303316593170166, 2.3032307624816895, 2.303783893585205, 2.3041112422943115, 2.3037686347961426, 2.304244041442871, 2.3032209873199463, 2.304438591003418, 2.303365468978882, 2.302955150604248, 2.3037869930267334, 2.303579092025757, 2.303157329559326, 2.304262638092041, 2.3042678833007812, 2.3041250705718994, 2.3043172359466553, 2.3039944171905518, 2.303755283355713, 2.3036961555480957, 2.303201198577881, 2.3041765689849854, 2.303292989730835, 2.3040268421173096, 2.304678440093994, 2.3052921295166016, 2.303406000137329, 2.3033394813537598, 2.304295301437378, 2.3036975860595703, 2.30379056930542, 2.30356502532959, 2.3050856590270996, 2.303311347961426, 2.303211212158203, 2.303586006164551, 2.303921699523926, 2.3030285835266113, 2.3053319454193115, 2.304454803466797, 2.30469012260437, 2.3038811683654785, 2.304809093475342, 2.303377628326416, 2.3033506870269775, 2.3041436672210693, 2.305177688598633, 2.3034164905548096, 2.304439067840576, 2.3035888671875, 2.30363392829895, 2.304488182067871, 2.3028643131256104, 2.304959297180176, 2.3047702312469482, 2.303330659866333, 2.3051092624664307, 2.303738594055176, 2.3040170669555664, 2.30395245552063, 2.3050503730773926],