{"loss": [1.575392484664917, 1.2092612981796265, 1.0444968938827515, 0.9382219314575195, 0.8605958819389343, 0.7946627140045166, 0.737285315990448, 0.6843156218528748, 0.6362784504890442, 0.590522050857544, 0.5507975816726685, 0.5075626373291016, 0.4694351553916931, 0.42764419317245483, 0.39118534326553345, 0.3548430800437927, 0.32256537675857544, 0.2890458106994629, 0.2626727223396301, 0.23217865824699402, 0.20985959470272064, 0.18388205766677856, 0.161316379904747, 0.14511612057685852, 0.12665605545043945, 0.11296786367893219, 0.10001474618911743, 0.0865115150809288, 0.07739568501710892, 0.07249811291694641, 0.0599842369556427, 0.05770231783390045, 0.05632894113659859, 0.05328555777668953, 0.04575028270483017, 0.04346201568841934, 0.03836673125624657, 0.03791772574186325, 0.03714678809046745, 0.03880997747182846, 0.037350259721279144, 0.03324566408991814, 0.03155173733830452, 0.030276991426944733, 0.03146076574921608, 0.03149597719311714, 0.026449399068951607, 0.025559574365615845, 0.029381224885582924, 0.030393870547413826], "accuracy": [0.425680011510849, 0.5702199935913086, 0.6301000118255615, 0.670960009098053, 0.697160005569458, 0.7222599983215332, 0.7422599792480469, 0.7599400281906128, 0.7769399881362915, 0.7917400002479553, 0.8054800033569336, 0.8219000101089478, 0.8343799710273743, 0.8504199981689453, 0.8597400188446045, 0.8736799955368042, 0.8850200176239014, 0.8975800275802612, 0.9073200225830078, 0.917739987373352, 0.9248200058937073, 0.9349600076675415, 0.9426000118255615, 0.9487800002098083, 0.9558600187301636, 0.9609799981117249, 0.9645799994468689, 0.9700599908828735, 0.9737799763679504, 0.9751799702644348, 0.9804400205612183, 0.9802600145339966, 0.9814199805259705, 0.981719970703125, 0.984279990196228, 0.9857400059700012, 0.9869599938392639, 0.9871199727058411, 0.9876999855041504, 0.986739993095398, 0.987339973449707, 0.9887599945068359, 0.9896199703216553, 0.9894800186157227, 0.9892399907112122, 0.9892799854278564, 0.9910799860954285, 0.9910200238227844, 0.9900599718093872, 0.989579975605011], "val_loss": [1.3793342113494873, 1.1397737264633179, 1.046639084815979, 0.9612250924110413, 0.8972801566123962, 0.8687782287597656, 0.8778256773948669, 0.9045798778533936, 0.8748281002044678, 0.8580530285835266, 0.8672930598258972, 0.8828480243682861, 0.9493634700775146, 0.9460563659667969, 0.981636106967926, 1.0325747728347778, 1.0727590322494507, 1.122030258178711, 1.2002085447311401, 1.3228492736816406, 1.334213376045227, 1.4348022937774658, 1.5248830318450928, 1.575054407119751, 1.695124626159668, 1.8079185485839844, 1.8504798412322998, 1.9886119365692139, 2.0142529010772705, 2.106353759765625, 2.1992485523223877, 2.260205030441284, 2.2782235145568848, 2.4424190521240234, 2.4696199893951416, 2.5297999382019043, 2.673875331878662, 2.6336982250213623, 2.648109197616577, 2.8311901092529297, 2.77679443359375, 2.8858981132507324, 2.942669630050659, 2.91699481010437, 2.9954280853271484, 3.0925686359405518, 3.179474353790283, 3.344259023666382, 3.2229459285736084, 3.1554486751556396], "val_accuracy": [0.5095000267028809, 0.5927000045776367, 0.6352999806404114, 0.6624000072479248, 0.6869999766349792, 0.6988999843597412, 0.7062000036239624, 0.692300021648407, 0.7095999717712402, 0.715399980545044, 0.7214000225067139, 0.722100019454956, 0.7078999876976013, 0.7156999707221985, 0.7164000272750854, 0.7124000191688538, 0.7184000015258789, 0.7167999744415283, 0.715499997138977, 0.7124000191688538, 0.7164000272750854, 0.7103999853134155, 0.7111999988555908, 0.7080000042915344, 0.7125999927520752, 0.7106999754905701, 0.7049999833106995, 0.7092000246047974, 0.7050999999046326, 0.7067999839782715, 0.7032999992370605, 0.7031000256538391, 0.7067999839782715, 0.7034000158309937, 0.6984000205993652, 0.7045000195503235, 0.7049000263214111, 0.7077000141143799, 0.7027999758720398, 0.7032999992370605, 0.7034000158309937, 0.7034000158309937, 0.7095000147819519, 0.6973000168800354, 0.6991000175476074, 0.7059000134468079, 0.7006000280380249, 0.7006999850273132, 0.6984000205993652, 0.7032999992370605]}