{"loss": [2.3132123947143555, 2.3039653301239014, 2.3037543296813965, 2.303809642791748, 2.3038744926452637, 2.3039209842681885, 2.3040740489959717, 2.304032564163208, 2.3039705753326416, 2.3039963245391846, 2.3038852214813232, 2.3042120933532715, 2.304072141647339, 2.3041484355926514, 2.30407977104187, 2.3038926124572754, 2.304025888442993, 2.303966522216797, 2.3040525913238525, 2.303865671157837, 2.304119825363159, 2.3041152954101562, 2.303892135620117, 2.3041863441467285, 2.30395245552063, 2.304166555404663, 2.304197311401367, 2.3039324283599854, 2.3039867877960205, 2.3041281700134277, 2.3039352893829346, 2.3038947582244873, 2.304150342941284, 2.3040359020233154, 2.3041884899139404, 2.3040924072265625, 2.303663492202759, 2.304051637649536, 2.304055690765381, 2.3041491508483887, 2.303884506225586, 2.303952217102051, 2.3039581775665283, 2.303999423980713, 2.3039393424987793, 2.303999423980713, 2.303767204284668, 2.30409574508667, 2.303866147994995, 2.3038792610168457, 2.3039016723632812, 2.304058313369751, 2.3039050102233887, 2.303983688354492, 2.3038740158081055, 2.3040966987609863, 2.3040173053741455, 2.304253101348877, 2.3040266036987305, 2.3041677474975586, 2.303999900817871, 2.3039586544036865, 2.3040266036987305, 2.3039932250976562, 2.304391860961914, 2.304203510284424, 2.3040144443511963, 2.303929567337036, 2.30415678024292, 2.3040246963500977, 2.303889513015747, 2.303975820541382, 2.3041181564331055, 2.303892135620117, 2.303907871246338, 2.3040413856506348, 2.303919792175293, 2.3040130138397217, 2.3040804862976074, 2.3040225505828857, 2.3041532039642334, 2.303969621658325, 2.304124355316162, 2.3040778636932373, 2.3042800426483154, 2.3042244911193848, 2.3039286136627197, 2.303896188735962, 2.3038177490234375, 2.30417537689209, 2.3040969371795654, 2.303955554962158, 2.304111957550049, 2.303845167160034, 2.303966522216797, 2.3040902614593506, 2.304115056991577, 2.3038806915283203, 2.304015874862671, 2.304069757461548], "accuracy": [0.09888000041246414, 0.09815999865531921, 0.10108000040054321, 0.10193999856710434, 0.09997999668121338, 0.10109999775886536, 0.09787999838590622, 0.09830000251531601, 0.10115999728441238, 0.10175999999046326, 0.09956000000238419, 0.09734000265598297, 0.09808000177145004, 0.09827999770641327, 0.09923999756574631, 0.09942000359296799, 0.10096000134944916, 0.09904000163078308, 0.10136000066995621, 0.10093999654054642, 0.09790000319480896, 0.09957999736070633, 0.10034000128507614, 0.09811999648809433, 0.09842000156641006, 0.09876000136137009, 0.0979200005531311, 0.10041999816894531, 0.09867999702692032, 0.10137999802827835, 0.10165999829769135, 0.10066000372171402, 0.10001999884843826, 0.09818000346422195, 0.0987199991941452, 0.09901999682188034, 0.10063999891281128, 0.09786000102758408, 0.09982000291347504, 0.09926000237464905, 0.09994000196456909, 0.09956000000238419, 0.10168000310659409, 0.0993800014257431, 0.09991999715566635, 0.09880000352859497, 0.09818000346422195, 0.09796000272035599, 0.10040000081062317, 0.1003199964761734, 0.10019999742507935, 0.10175999999046326, 0.10051999986171722, 0.09880000352859497, 0.1011200025677681, 0.09790000319480896, 0.10050000250339508, 0.09848000109195709, 0.10016000270843506, 0.09730000048875809, 0.09910000115633011, 0.10106000304222107, 0.09883999824523926, 0.09961999952793121, 0.09756000339984894, 0.09948000311851501, 0.0997999981045723, 0.10183999687433243, 0.09876000136137009, 0.10080000013113022, 0.10001999884843826, 0.09935999661684036, 0.09916000068187714, 0.10012000054121017, 0.10080000013113022, 0.09920000284910202, 0.0996600016951561, 0.09916000068187714, 0.09849999845027924, 0.09737999737262726, 0.10034000128507614, 0.0996600016951561, 0.10025999695062637, 0.09811999648809433, 0.09669999778270721, 0.09718000143766403, 0.10115999728441238, 0.10007999837398529, 0.10047999769449234, 0.09985999763011932, 0.09802000224590302, 0.10012000054121017, 0.1004600003361702, 0.10131999850273132, 0.09961999952793121, 0.09802000224590302, 0.09703999757766724, 0.09963999688625336, 0.09706000238656998, 0.09944000095129013], "val_loss": [2.304455280303955, 2.302959442138672, 2.3032398223876953, 2.3040435314178467, 2.3040573596954346, 2.3030529022216797, 2.303683042526245, 2.3034815788269043, 2.304960250854492, 2.3035407066345215, 2.303795099258423, 2.303832769393921, 2.3036606311798096, 2.303300619125366, 2.303245782852173, 2.305096387863159, 2.3032052516937256, 2.303579092025757, 2.3035247325897217, 2.3040149211883545, 2.303337335586548, 2.3041598796844482, 2.3049159049987793, 2.3036391735076904, 2.303948163986206, 2.303288221359253, 2.3035495281219482, 2.3041234016418457, 2.3045663833618164, 2.3035173416137695, 2.304866313934326, 2.3049840927124023, 2.30351185798645, 2.3032517433166504, 2.303643226623535, 2.3036246299743652, 2.3044018745422363, 2.3036201000213623, 2.3040473461151123, 2.3039183616638184, 2.3051061630249023, 2.3043088912963867, 2.3031818866729736, 2.30361270904541, 2.302967071533203, 2.3032479286193848, 2.3031365871429443, 2.304600715637207, 2.3044979572296143, 2.30487060546875, 2.3031089305877686, 2.304091215133667, 2.3036792278289795, 2.3034019470214844, 2.3029439449310303, 2.303311824798584, 2.3033387660980225, 2.3035483360290527, 2.303757905960083, 2.3029584884643555, 2.3034143447875977, 2.303556442260742, 2.303572654724121, 2.304084539413452, 2.3033242225646973, 2.3036255836486816, 2.3055355548858643, 2.3032779693603516, 2.303147077560425, 2.3038835525512695, 2.3038928508758545, 2.304013729095459, 2.303408622741699, 2.3031814098358154, 2.3032796382904053, 2.303256034851074, 2.304658889770508, 2.304152250289917, 2.3037290573120117, 2.303593635559082, 2.303990125656128, 2.3036484718322754, 2.3039257526397705, 2.304316759109497, 2.303943395614624, 2.303461790084839, 2.3033578395843506, 2.3040404319763184, 2.3047637939453125, 2.303260326385498, 2.303361177444458, 2.3042562007904053, 2.303473711013794, 2.3038558959960938, 2.3037610054016113, 2.3047497272491455, 2.303598403930664, 2.304823160171509, 2.3040199279785156, 2.303725481033325],