{"loss": [1.8314608335494995, 1.6674121618270874, 1.6292848587036133, 1.599173903465271, 1.5882666110992432, 1.5785216093063354, 1.5726295709609985, 1.5680500268936157, 1.5598324537277222, 1.555380940437317, 1.5631401538848877, 1.5589674711227417, 1.552724838256836, 1.5550485849380493, 1.5485115051269531, 1.5476771593093872, 1.5538969039916992, 1.552105188369751, 1.5460251569747925, 1.548037052154541, 1.5481141805648804, 1.5464142560958862, 1.548357367515564, 1.555000901222229, 1.544466257095337, 1.5496433973312378, 1.551709532737732, 1.5487240552902222, 1.5478124618530273, 1.553078293800354, 1.5479477643966675, 1.5399450063705444, 1.5432761907577515, 1.5357881784439087, 1.544880747795105, 1.5344343185424805, 1.539611577987671, 1.5373780727386475, 1.5462288856506348, 1.5435022115707397, 1.5402381420135498, 1.5475027561187744, 1.5458298921585083, 1.5531175136566162, 1.5524166822433472, 1.5368623733520508, 1.5423297882080078, 1.5533729791641235, 1.5331015586853027, 1.5421383380889893], "accuracy": [0.3242399990558624, 0.39010000228881836, 0.40525999665260315, 0.41850000619888306, 0.41907998919487, 0.42636001110076904, 0.42750000953674316, 0.4322200119495392, 0.43463999032974243, 0.43553999066352844, 0.43327999114990234, 0.4390999972820282, 0.43772000074386597, 0.4365600049495697, 0.4399000108242035, 0.4411599934101105, 0.4383000135421753, 0.44082000851631165, 0.44218000769615173, 0.4443399906158447, 0.4390000104904175, 0.43942001461982727, 0.4431400001049042, 0.43869999051094055, 0.444599986076355, 0.4397599995136261, 0.4411199986934662, 0.4431400001049042, 0.4419200122356415, 0.43748000264167786, 0.44429999589920044, 0.4481399953365326, 0.44387999176979065, 0.4453200101852417, 0.4447399973869324, 0.44699999690055847, 0.446260005235672, 0.4492799937725067, 0.4459399878978729, 0.44453999400138855, 0.4459399878978729, 0.4430199861526489, 0.4429599940776825, 0.43876001238822937, 0.44036000967025757, 0.4426800012588501, 0.4445599913597107, 0.4389199912548065, 0.44846001267433167, 0.44707998633384705], "val_loss": [1.7008267641067505, 1.612616777420044, 1.6058207750320435, 1.6656421422958374, 1.5693950653076172, 1.5817731618881226, 1.5870335102081299, 1.545229196548462, 1.5460779666900635, 1.55112886428833, 1.516818881034851, 1.560072422027588, 1.583764672279358, 1.5677087306976318, 1.5789252519607544, 1.5730857849121094, 1.5519030094146729, 1.5769343376159668, 1.583695650100708, 1.5451202392578125, 1.552776575088501, 1.5959571599960327, 1.5476396083831787, 1.575655221939087, 1.5802780389785767, 1.5777326822280884, 1.5817452669143677, 1.5723614692687988, 1.54801607131958, 1.5661449432373047, 1.5929901599884033, 1.6082239151000977, 1.5678638219833374, 1.6228597164154053, 1.543073058128357, 1.5979703664779663, 1.5993378162384033, 1.5858639478683472, 1.5867780447006226, 1.5757334232330322, 1.5769975185394287, 1.6517823934555054, 1.562147855758667, 1.5619254112243652, 1.525626540184021, 1.5889453887939453, 1.5522403717041016, 1.5425688028335571, 1.594304084777832, 1.549670696258545], "val_accuracy": [0.3763999938964844, 0.4065999984741211, 0.4115000069141388, 0.4018999934196472, 0.42899999022483826, 0.42640000581741333, 0.42969998717308044, 0.4327000081539154, 0.43630000948905945, 0.44119998812675476, 0.44190001487731934, 0.4318999946117401, 0.435699999332428, 0.4287000000476837, 0.43560001254081726, 0.43059998750686646, 0.4343000054359436, 0.43160000443458557, 0.43320000171661377, 0.43779999017715454, 0.4361000061035156, 0.4156000018119812, 0.4350999891757965, 0.4205000102519989, 0.43140000104904175, 0.4431999921798706, 0.41510000824928284, 0.4474000036716461, 0.44699999690055847, 0.4499000012874603, 0.4212000072002411, 0.4250999987125397, 0.42879998683929443, 0.42100000381469727, 0.444599986076355, 0.42969998717308044, 0.421099990606308, 0.42800000309944153, 0.42399999499320984, 0.43959999084472656, 0.44749999046325684, 0.40459999442100525, 0.4300999939441681, 0.44119998812675476, 0.44929999113082886, 0.4287000000476837, 0.439300000667572, 0.4471000134944916, 0.43959999084472656, 0.44269999861717224]}