{"loss": [1.5137152671813965, 1.212355136871338, 1.09064781665802, 1.0172603130340576, 0.9548661708831787, 0.9082599878311157, 0.8731678128242493, 0.8409811854362488, 0.8135560750961304, 0.7806613445281982, 0.7582733035087585, 0.7377580404281616, 0.7165316939353943, 0.6986575722694397, 0.6815614700317383, 0.6676602363586426, 0.6526668667793274, 0.6359823346138, 0.6273828744888306, 0.6117112040519714, 0.6090489625930786, 0.5944376587867737, 0.5815742611885071, 0.5730441808700562, 0.5570230484008789, 0.5544317960739136, 0.5471212863922119, 0.5454590320587158, 0.5278277397155762, 0.5186866521835327, 0.5222476124763489, 0.5124437212944031, 0.5037023425102234, 0.4992505609989166, 0.49011239409446716, 0.48500895500183105, 0.49701860547065735, 0.4808267056941986, 0.4705183506011963, 0.47000929713249207, 0.4751743674278259, 0.4605627655982971, 0.4648759365081787, 0.4571712911128998, 0.44861119985580444, 0.45034870505332947, 0.44370484352111816, 0.449089914560318, 0.43858739733695984, 0.4411011040210724], "accuracy": [0.449319988489151, 0.5703200101852417, 0.614579975605011, 0.6431599855422974, 0.6643000245094299, 0.6812999844551086, 0.6937800049781799, 0.704479992389679, 0.7162799835205078, 0.7270799875259399, 0.7349799871444702, 0.7406200170516968, 0.7496799826622009, 0.7543200254440308, 0.7634400129318237, 0.7671800255775452, 0.7710400223731995, 0.7761200070381165, 0.7784600257873535, 0.7849000096321106, 0.7869200110435486, 0.7916399836540222, 0.7965999841690063, 0.7990599870681763, 0.8052800297737122, 0.8073800206184387, 0.8100399971008301, 0.8093600273132324, 0.8156999945640564, 0.8186799883842468, 0.8173400163650513, 0.822160005569458, 0.8242999911308289, 0.826740026473999, 0.8296200037002563, 0.8324999809265137, 0.8281000256538391, 0.8343999981880188, 0.8374599814414978, 0.8370599746704102, 0.8366199731826782, 0.8406199812889099, 0.8412799835205078, 0.8424800038337708, 0.8466600179672241, 0.8463199734687805, 0.8478599786758423, 0.8471400141716003, 0.8496999740600586, 0.8509799838066101], "val_loss": [1.285940408706665, 1.1227633953094482, 1.1601861715316772, 1.1409929990768433, 1.0279477834701538, 1.052788257598877, 1.0574581623077393, 1.0899767875671387, 0.9827322959899902, 1.0149449110031128, 1.0362827777862549, 1.0598517656326294, 1.0499012470245361, 1.059200644493103, 1.0955796241760254, 1.1170271635055542, 1.1259276866912842, 1.1075671911239624, 1.1466121673583984, 1.1484694480895996, 1.1643215417861938, 1.1968865394592285, 1.2214853763580322, 1.2147856950759888, 1.2985972166061401, 1.2443526983261108, 1.2913498878479004, 1.3181747198104858, 1.307875633239746, 1.3890421390533447, 1.3901641368865967, 1.4241355657577515, 1.3866552114486694, 1.522834062576294, 1.4809608459472656, 1.4574902057647705, 1.4904212951660156, 1.5021731853485107, 1.5706470012664795, 1.5359382629394531, 1.5724165439605713, 1.6226540803909302, 1.6240460872650146, 1.6820160150527954, 1.638978362083435, 1.7401291131973267, 1.6079572439193726, 1.6307355165481567, 1.7082619667053223, 1.750010371208191], "val_accuracy": [0.5443000197410583, 0.6046000123023987, 0.593500018119812, 0.6010000109672546, 0.6456000208854675, 0.6371999979019165, 0.6467000246047974, 0.6342999935150146, 0.6664999723434448, 0.666700005531311, 0.661899983882904, 0.6636000275611877, 0.6693000197410583, 0.6651999950408936, 0.6689000129699707, 0.6588000059127808, 0.652899980545044, 0.666700005531311, 0.6628000140190125, 0.65829998254776, 0.6622999906539917, 0.6633999943733215, 0.663100004196167, 0.6578999757766724, 0.6463000178337097, 0.6565999984741211, 0.6577000021934509, 0.6579999923706055, 0.6545000076293945, 0.6531000137329102, 0.6514000296592712, 0.6550999879837036, 0.6656000018119812, 0.640500009059906, 0.6571999788284302, 0.660099983215332, 0.64410001039505, 0.6525999903678894, 0.6442999839782715, 0.6538000106811523, 0.6496999859809875, 0.6417999863624573, 0.6531000137329102, 0.6444000005722046, 0.6399999856948853, 0.6434000134468079, 0.6500999927520752, 0.647599995136261, 0.6507999897003174, 0.6438000202178955]}