{"loss": [1.6897337436676025, 1.2978540658950806, 1.1468745470046997, 1.039327621459961, 0.9616172909736633, 0.8989708423614502, 0.8466022610664368, 0.7920592427253723, 0.7439437508583069, 0.7022390365600586, 0.655342698097229, 0.6166495084762573, 0.5786039233207703, 0.5481246709823608, 0.5106106400489807, 0.482522189617157, 0.44788166880607605, 0.4215984046459198, 0.3925597369670868, 0.3672885298728943, 0.3296021521091461, 0.3193233013153076, 0.3007550537586212, 0.2808910012245178, 0.2614428400993347, 0.2437143176794052, 0.22870101034641266, 0.22189918160438538, 0.20648892223834991, 0.18972867727279663, 0.19256015121936798, 0.17668457329273224, 0.16616064310073853, 0.15748943388462067, 0.1524353176355362, 0.14573056995868683, 0.134589284658432, 0.13350707292556763, 0.128235325217247, 0.12615205347537994, 0.12606637179851532, 0.11485627293586731, 0.11388296633958817, 0.11339421570301056, 0.10597045719623566, 0.10899140685796738, 0.10698086023330688, 0.09824468940496445, 0.1043541207909584, 0.10295864194631577, 0.1044028028845787, 0.08946339786052704, 0.10004933923482895, 0.09299872815608978, 0.08969845622777939, 0.09126320481300354, 0.09348715096712112, 0.0799073800444603, 0.0825541764497757, 0.0913517028093338, 0.08312017470598221, 0.07471484690904617, 0.07827088236808777, 0.0865405946969986, 0.07453866302967072, 0.08055064082145691, 0.07686793059110641, 0.07662022113800049, 0.07407636195421219, 0.07087130099534988, 0.08440253138542175, 0.07318537682294846, 0.08093446493148804, 0.07065346837043762, 0.07810407876968384, 0.07606867700815201, 0.07094060629606247, 0.06712368875741959, 0.07598786801099777, 0.06566412001848221, 0.07751111686229706, 0.07804366201162338, 0.06818917393684387, 0.06944209337234497, 0.06867483258247375, 0.07934023439884186, 0.07658515870571136, 0.072074294090271, 0.0718192458152771, 0.0661047101020813, 0.06916967034339905, 0.06113801151514053, 0.06950733065605164, 0.0646686777472496, 0.06370171159505844, 0.06752294301986694, 0.0614909902215004, 0.06700480729341507, 0.06004052236676216, 0.0566520020365715], "accuracy": [0.3713800013065338, 0.5343800187110901, 0.593779981136322, 0.6352599859237671, 0.6619399785995483, 0.6834999918937683, 0.7035199999809265, 0.7231199741363525, 0.7387400269508362, 0.7553799748420715, 0.7709400057792664, 0.7849199771881104, 0.7949000000953674, 0.8060799837112427, 0.8210200071334839, 0.8299599885940552, 0.8428000211715698, 0.8502799868583679, 0.8609399795532227, 0.8700799942016602, 0.8836600184440613, 0.8881000280380249, 0.8936799764633179, 0.8998200297355652, 0.9066200256347656, 0.914080023765564, 0.9206399917602539, 0.9225199818611145, 0.9280800223350525, 0.9332799911499023, 0.9333199858665466, 0.9391000270843506, 0.9423400163650513, 0.9454399943351746, 0.9474200010299683, 0.950659990310669, 0.954039990901947, 0.955020010471344, 0.9573799967765808, 0.9561600089073181, 0.9574400186538696, 0.9606599807739258, 0.9620400071144104, 0.9632200002670288, 0.9652600288391113, 0.9647799730300903, 0.9652400016784668, 0.9674800038337708, 0.9662399888038635, 0.9670600295066833, 0.9661200046539307, 0.9709799885749817, 0.9683200120925903, 0.9703999757766724, 0.9711999893188477, 0.9714800119400024, 0.9714199900627136, 0.9748600125312805, 0.9746800065040588, 0.9716600179672241, 0.9742799997329712, 0.9768000245094299, 0.9758800268173218, 0.9731000065803528, 0.9772800207138062, 0.9756799936294556, 0.9764800071716309, 0.9774199724197388, 0.9771199822425842, 0.97843998670578, 0.9754400253295898, 0.9788399934768677, 0.975600004196167, 0.9787999987602234, 0.9774600267410278, 0.9781000018119812, 0.9794399738311768, 0.9803400039672852, 0.9785199761390686, 0.9805399775505066, 0.9783400297164917, 0.9780600070953369, 0.9799799919128418, 0.9800999760627747, 0.9797199964523315, 0.9782000184059143, 0.9787200093269348, 0.9797999858856201, 0.9796000123023987, 0.9817399978637695, 0.9809799790382385, 0.9822800159454346, 0.9807199835777283, 0.9825800061225891, 0.9818000197410583, 0.9811999797821045, 0.9826800227165222, 0.9816200137138367, 0.9832800030708313, 0.9840599894523621], "val_loss": [1.431077003479004, 1.3353843688964844, 1.4040656089782715, 1.041884422302246, 1.0107357501983643, 0.9933648705482483, 1.0124708414077759, 0.9583697319030762, 0.9696823358535767, 0.9795140624046326, 1.0466959476470947, 1.0397242307662964, 1.0424176454544067, 1.1583606004714966, 1.2436381578445435, 1.1649318933486938, 1.165188193321228, 1.2578227519989014, 1.329146146774292, 1.3997490406036377, 1.506264090538025, 1.5058653354644775, 1.583317518234253, 1.7121214866638184, 1.7976386547088623, 1.7851250171661377, 1.900120735168457, 1.9482048749923706, 2.123246192932129, 2.1858179569244385, 2.215108871459961, 2.28460955619812, 2.3633079528808594, 2.3719568252563477, 2.5404510498046875, 2.59806489944458, 2.6243860721588135, 2.798022747039795, 2.8692643642425537, 2.9449641704559326, 2.8801987171173096, 2.9884896278381348, 2.9846575260162354, 3.1344125270843506, 3.2051377296447754, 3.218026638031006, 3.2470242977142334, 3.288444995880127, 3.386765956878662, 3.441826581954956, 3.3527636528015137, 3.5610313415527344, 3.59435772895813, 3.6055655479431152, 3.719925880432129, 3.931950330734253, 3.9111199378967285, 3.959130048751831, 3.9903342723846436, 3.7697973251342773, 4.040439128875732, 4.00260591506958, 4.103776454925537, 4.013182163238525, 4.149631023406982, 4.296436309814453, 4.168216228485107, 4.392847061157227, 4.345546722412109, 4.52159309387207, 4.295778274536133, 4.365583419799805, 4.398696422576904, 4.484370231628418, 4.555041790008545, 4.540490627288818, 4.734508037567139, 4.726795196533203, 4.742518424987793, 4.634050369262695, 4.818989276885986, 4.815127372741699, 4.800233364105225, 4.923798084259033, 5.0302276611328125, 4.979598522186279, 4.830686092376709, 5.062850475311279, 5.1015119552612305, 5.094761371612549, 5.023612022399902, 5.0829854011535645, 5.144800186157227, 5.301926612854004, 5.170529842376709, 5.251404762268066, 5.296952247619629, 5.368127346038818, 5.3444504737854, 5.381522178649902],