{"loss": [2.371903657913208, 2.3063576221466064, 2.306166172027588, 2.306182384490967, 2.3063321113586426, 2.306648015975952, 2.3064653873443604, 2.3063673973083496, 2.306506633758545, 2.306645393371582, 2.3065707683563232, 2.306647777557373, 2.306717872619629, 2.3063251972198486, 2.307335376739502, 2.3066060543060303, 2.306286096572876, 2.306504726409912, 2.306295156478882, 2.306514263153076, 2.3067102432250977, 2.3061211109161377, 2.306706190109253, 2.306666374206543, 2.306579113006592, 2.3070755004882812, 2.3067846298217773, 2.306809425354004, 2.3067729473114014, 2.3064441680908203, 2.3065507411956787, 2.306530475616455, 2.3063442707061768, 2.3065786361694336, 2.3058829307556152, 2.3066394329071045, 2.306629180908203, 2.3063416481018066, 2.307257652282715, 2.306475877761841, 2.3066418170928955, 2.306440830230713, 2.307110548019409, 2.306367874145508, 2.306504726409912, 2.306666612625122, 2.3065643310546875, 2.3063244819641113, 2.3065085411071777, 2.3062942028045654], "accuracy": [0.09790000319480896, 0.09963999688625336, 0.1003199964761734, 0.10085999965667725, 0.10100000351667404, 0.09855999797582626, 0.10063999891281128, 0.10034000128507614, 0.10087999701499939, 0.10165999829769135, 0.09950000047683716, 0.10072000324726105, 0.1005999967455864, 0.10119999945163727, 0.09957999736070633, 0.10013999789953232, 0.09950000047683716, 0.10081999748945236, 0.09898000210523605, 0.10013999789953232, 0.09883999824523926, 0.10075999796390533, 0.10041999816894531, 0.10080000013113022, 0.10013999789953232, 0.09914000332355499, 0.0993800014257431, 0.10180000215768814, 0.10025999695062637, 0.09892000257968903, 0.10087999701499939, 0.10035999864339828, 0.09910000115633011, 0.09905999898910522, 0.10029999911785126, 0.10136000066995621, 0.09907999634742737, 0.10208000242710114, 0.09749999642372131, 0.09907999634742737, 0.09997999668121338, 0.09978000074625015, 0.10029999911785126, 0.10028000175952911, 0.09935999661684036, 0.09803999960422516, 0.10056000202894211, 0.10100000351667404, 0.09830000251531601, 0.10072000324726105], "val_loss": [2.3056485652923584, 2.30391526222229, 2.308056116104126, 2.3074076175689697, 2.305927038192749, 2.308828592300415, 2.307466983795166, 2.307813882827759, 2.3064119815826416, 2.306276798248291, 2.308177947998047, 2.307250499725342, 2.30458402633667, 2.3046350479125977, 2.3041582107543945, 2.3033885955810547, 2.3062663078308105, 2.3058080673217773, 2.304781436920166, 2.304405927658081, 2.3059909343719482, 2.3048558235168457, 2.305020570755005, 2.309605360031128, 2.305025815963745, 2.3056275844573975, 2.3063290119171143, 2.306962490081787, 2.307952880859375, 2.304206132888794, 2.30505633354187, 2.307718515396118, 2.30442476272583, 2.304548740386963, 2.307286024093628, 2.306441307067871, 2.30598783493042, 2.3062281608581543, 2.3055179119110107, 2.305704116821289, 2.305854558944702, 2.3055107593536377, 2.3108811378479004, 2.307424306869507, 2.3079447746276855, 2.30855655670166, 2.3059747219085693, 2.3070719242095947, 2.3135178089141846, 2.3050639629364014], "val_accuracy": [0.10000000149011612, 0.10000000149011612, 0.10000000149011612, 0.10000000149011612, 0.10000000149011612, 0.10000000149011612, 0.10000000149011612, 0.10000000149011612, 0.10000000149011612, 0.10000000149011612, 0.10000000149011612, 0.10000000149011612, 0.10000000149011612, 0.10000000149011612, 0.10000000149011612, 0.10000000149011612, 0.10000000149011612, 0.10000000149011612, 0.10000000149011612, 0.10000000149011612, 0.10000000149011612, 0.10000000149011612, 0.10000000149011612, 0.10000000149011612, 0.10000000149011612, 0.10000000149011612, 0.10000000149011612, 0.10000000149011612, 0.10000000149011612, 0.10000000149011612, 0.10000000149011612, 0.10000000149011612, 0.10000000149011612, 0.10000000149011612, 0.10000000149011612, 0.10000000149011612, 0.10000000149011612, 0.10000000149011612, 0.10000000149011612, 0.10000000149011612, 0.10000000149011612, 0.10000000149011612, 0.10000000149011612, 0.10000000149011612, 0.10000000149011612, 0.10000000149011612, 0.10000000149011612, 0.10000000149011612, 0.10000000149011612, 0.10000000149011612]}