{"loss": [1.5306084156036377, 1.2275861501693726, 1.1169219017028809, 1.0439940690994263, 0.9965518116950989, 0.964594841003418, 0.9229523539543152, 0.8956722617149353, 0.8787242770195007, 0.8575408458709717, 0.8392778038978577, 0.8203155994415283, 0.8065391182899475, 0.788826584815979, 0.7855650782585144, 0.7745367288589478, 0.7551360726356506, 0.754759669303894, 0.7326793670654297, 0.7252599000930786, 0.7153326272964478, 0.7047537565231323, 0.7006705403327942, 0.6823235154151917, 0.6776074767112732, 0.6670169234275818, 0.6664446592330933, 0.6588981747627258, 0.6477776765823364, 0.642575204372406, 0.637394905090332, 0.6302486062049866, 0.6207478046417236, 0.6140897870063782, 0.606451153755188, 0.5976960062980652, 0.5945967435836792, 0.5909109115600586, 0.5888715982437134, 0.5843650102615356, 0.5800955295562744, 0.5716643333435059, 0.5643094778060913, 0.5654164552688599, 0.5575094819068909, 0.5521208643913269, 0.5516341924667358, 0.5494744777679443, 0.5477900505065918, 0.5471249222755432, 0.5275429487228394, 0.541080892086029, 0.5363233089447021, 0.5296915769577026, 0.5235448479652405, 0.5188605785369873, 0.5108593106269836, 0.510325014591217, 0.525885283946991, 0.504752516746521, 0.5080162882804871, 0.5055405497550964, 0.5061138868331909, 0.5071009993553162, 0.5062984228134155, 0.4994855523109436, 0.4955112040042877, 0.49804162979125977, 0.5023092031478882, 0.49424222111701965, 0.48153141140937805, 0.4853149652481079, 0.4883216321468353, 0.48429328203201294, 0.48518282175064087, 0.4804951846599579, 0.48385512828826904, 0.479480117559433, 0.4791431128978729, 0.47331950068473816, 0.483193039894104, 0.4663880467414856, 0.479087769985199, 0.4660923182964325, 0.48016154766082764, 0.46449705958366394, 0.4787692725658417, 0.4581194221973419, 0.46192070841789246, 0.4809967577457428, 0.46057507395744324, 0.4715180993080139, 0.4777175486087799, 0.4675927758216858, 0.4663560092449188, 0.4645010828971863, 0.45604291558265686, 0.4684953987598419, 0.4645940661430359, 0.4755081534385681], "accuracy": [0.43876001238822937, 0.563979983329773, 0.6030600070953369, 0.6330199837684631, 0.6477400064468384, 0.6603800058364868, 0.67603999376297, 0.6843199729919434, 0.690280020236969, 0.6988000273704529, 0.7058799862861633, 0.7128400206565857, 0.7153199911117554, 0.7211599946022034, 0.7229999899864197, 0.727180004119873, 0.7342600226402283, 0.7333199977874756, 0.7398599982261658, 0.7452999949455261, 0.7477800250053406, 0.7521799802780151, 0.7537999749183655, 0.7590799927711487, 0.7594799995422363, 0.7633000016212463, 0.7631999850273132, 0.7674800157546997, 0.7708399891853333, 0.773639976978302, 0.774179995059967, 0.77538001537323, 0.7805600166320801, 0.7832199931144714, 0.7855200171470642, 0.7889999747276306, 0.7885000109672546, 0.7896599769592285, 0.7925199866294861, 0.7933200001716614, 0.797540009021759, 0.7978600263595581, 0.8000199794769287, 0.8026800155639648, 0.8047199845314026, 0.806119978427887, 0.8064200282096863, 0.8076000213623047, 0.8084999918937683, 0.8088399767875671, 0.8146799802780151, 0.8118199706077576, 0.813539981842041, 0.8139399886131287, 0.8179200291633606, 0.8194400072097778, 0.8214399814605713, 0.8215000033378601, 0.817579984664917, 0.8234800100326538, 0.8223999738693237, 0.824679970741272, 0.8238400220870972, 0.8257200121879578, 0.8235399723052979, 0.8274800181388855, 0.8308799862861633, 0.8284400105476379, 0.8286200165748596, 0.8280400037765503, 0.8337600231170654, 0.8331000208854675, 0.8320800065994263, 0.8333200216293335, 0.834879994392395, 0.8350200057029724, 0.834559977054596, 0.8356000185012817, 0.8374599814414978, 0.8380399942398071, 0.8349999785423279, 0.8397200107574463, 0.8375200033187866, 0.8426600098609924, 0.8364199995994568, 0.8427000045776367, 0.8401600122451782, 0.8459200263023376, 0.8436599969863892, 0.8396999835968018, 0.8436400294303894, 0.841159999370575, 0.8381999731063843, 0.8412600159645081, 0.8451600074768066, 0.843500018119812, 0.847819983959198, 0.8426799774169922, 0.8429399728775024, 0.8407999873161316], "val_loss": [1.2805663347244263, 1.2682867050170898, 1.2072725296020508, 1.0465755462646484, 1.0950440168380737, 1.026916265487671, 1.0222948789596558, 1.0539045333862305, 1.0450397729873657, 1.0142133235931396, 1.0492918491363525, 1.1394648551940918, 1.0521535873413086, 1.0233452320098877, 1.1244357824325562, 1.1020731925964355, 1.0579293966293335, 1.115881085395813, 1.1081806421279907, 1.0781145095825195, 1.1463885307312012, 1.138153314590454, 1.1230748891830444, 1.226863980293274, 1.1363530158996582, 1.1721081733703613, 1.1431076526641846, 1.178159236907959, 1.2209326028823853, 1.2281500101089478, 1.2138729095458984, 1.2547944784164429, 1.2684129476547241, 1.276017427444458, 1.2716047763824463, 1.2747862339019775, 1.3631134033203125, 1.313065528869629, 1.3673993349075317, 1.4469808340072632, 1.3782260417938232, 1.4123159646987915, 1.4372611045837402, 1.495608925819397, 1.5084989070892334, 1.463355541229248, 1.4554786682128906, 1.4969362020492554, 1.4845103025436401, 1.4874625205993652, 1.543218731880188, 1.5448212623596191, 1.4989081621170044, 1.5776259899139404, 1.5953933000564575, 1.6168307065963745, 1.6802728176116943, 1.6707181930541992, 1.624402403831482, 1.6794301271438599, 1.669724941253662, 1.7216662168502808, 1.7773964405059814, 1.7562570571899414, 1.7266892194747925, 1.677488923072815, 1.7123316526412964, 1.7303599119186401, 1.8365190029144287, 1.8706743717193604, 1.8460026979446411, 1.9978199005126953, 1.8374650478363037, 1.7974214553833008, 2.112484931945801, 1.9420379400253296, 1.9100614786148071, 1.8250625133514404, 1.9174927473068237, 2.0842416286468506, 1.989465594291687, 1.918355107307434, 1.9495495557785034, 2.0058436393737793, 2.084078073501587, 2.0291643142700195, 1.9432024955749512, 2.0205044746398926, 2.1641623973846436, 1.9811773300170898, 2.17307710647583, 2.0334150791168213, 2.013397455215454, 2.0107743740081787, 2.2607877254486084, 2.081120252609253, 2.1342344284057617, 2.1140923500061035, 2.167489767074585, 2.1500637531280518],