{"loss": [11.527109146118164, 2.3075504302978516, 2.307215690612793, 2.307025671005249, 2.3070223331451416, 2.3074951171875, 2.3071115016937256, 2.307269334793091, 2.307488441467285, 2.307039976119995, 2.307272434234619, 2.3068056106567383, 2.307093858718872, 2.3070950508117676, 2.3070805072784424, 2.307363748550415, 2.307433843612671, 2.3073484897613525, 2.3069047927856445, 2.307032585144043, 2.307215690612793, 2.30721116065979, 2.3070032596588135, 2.3071722984313965, 2.3065834045410156, 2.3069968223571777, 2.3072779178619385, 2.3072073459625244, 2.307173490524292, 2.307295083999634, 2.3071959018707275, 2.3075506687164307, 2.3071389198303223, 2.3069279193878174, 2.306899309158325, 2.306976795196533, 2.3064122200012207, 2.307149887084961, 2.306889295578003, 2.3070433139801025, 2.306852340698242, 2.307042121887207, 2.3071436882019043, 2.307382106781006, 2.307119369506836, 2.3068199157714844, 2.307248830795288, 2.306752920150757, 2.3068268299102783, 2.3071296215057373, 2.306746482849121, 2.307021141052246, 2.306755304336548, 2.307185411453247, 2.307098388671875, 2.3071515560150146, 2.3072454929351807, 2.306636333465576, 2.307673454284668, 2.307225465774536, 2.306610584259033, 2.3071062564849854, 2.3069007396698, 2.3071022033691406, 2.3069229125976562, 2.3071815967559814, 2.306859016418457, 2.3068742752075195, 2.3074228763580322, 2.3068902492523193, 2.307220220565796, 2.306701183319092, 2.3070695400238037, 2.307237148284912, 2.3075082302093506, 2.3070247173309326, 2.307600975036621, 2.3072028160095215, 2.30731463432312, 2.307119131088257, 2.3068783283233643, 2.3071277141571045, 2.3066554069519043, 2.307209014892578, 2.3070647716522217, 2.3074538707733154, 2.306981325149536, 2.306964635848999, 2.306971788406372, 2.3075366020202637, 2.3072378635406494, 2.307034492492676, 2.30684757232666, 2.306901216506958, 2.3070762157440186, 2.3071513175964355, 2.3069629669189453, 2.3072211742401123, 2.306652545928955, 2.306995153427124], "accuracy": [0.10080000013113022, 0.10028000175952911, 0.09960000216960907, 0.09873999655246735, 0.10087999701499939, 0.09803999960422516, 0.09865999966859818, 0.09880000352859497, 0.09799999743700027, 0.09839999675750732, 0.10012000054121017, 0.1003199964761734, 0.10168000310659409, 0.10109999775886536, 0.0983399972319603, 0.09849999845027924, 0.10013999789953232, 0.09793999791145325, 0.09901999682188034, 0.0993800014257431, 0.10028000175952911, 0.10102000087499619, 0.09910000115633011, 0.1005999967455864, 0.09972000122070312, 0.09873999655246735, 0.09831999987363815, 0.0996600016951561, 0.09939999878406525, 0.09989999979734421, 0.09926000237464905, 0.10075999796390533, 0.09842000156641006, 0.09957999736070633, 0.10006000101566315, 0.09802000224590302, 0.10217999666929245, 0.09923999756574631, 0.0997999981045723, 0.10140000283718109, 0.10189999639987946, 0.10051999986171722, 0.10023999959230423, 0.0975399985909462, 0.09876000136137009, 0.10121999680995941, 0.09724000096321106, 0.09916000068187714, 0.10264000296592712, 0.10022000223398209, 0.09839999675750732, 0.10118000209331512, 0.09997999668121338, 0.09839999675750732, 0.10034000128507614, 0.09793999791145325, 0.09837999939918518, 0.10130000114440918, 0.09811999648809433, 0.09967999905347824, 0.10127999633550644, 0.10068000108003616, 0.10137999802827835, 0.09746000170707703, 0.09827999770641327, 0.09873999655246735, 0.10199999809265137, 0.10025999695062637, 0.09864000231027603, 0.09923999756574631, 0.09860000014305115, 0.10175999999046326, 0.0989999994635582, 0.09877999871969223, 0.0995199978351593, 0.10134000331163406, 0.09870000183582306, 0.1001800000667572, 0.09741999953985214, 0.10023999959230423, 0.09926000237464905, 0.10025999695062637, 0.09873999655246735, 0.09944000095129013, 0.1011200025677681, 0.10007999837398529, 0.100040003657341, 0.10080000013113022, 0.09873999655246735, 0.0982000008225441, 0.10261999815702438, 0.10143999755382538, 0.09995999932289124, 0.09982000291347504, 0.09870000183582306, 0.09826000034809113, 0.09997999668121338, 0.0983399972319603, 0.10035999864339828, 0.09989999979734421], "val_loss": [2.3086564540863037, 2.305143117904663, 2.3069329261779785, 2.30704665184021, 2.3046061992645264, 2.3085877895355225, 2.305042028427124, 2.310389995574951, 2.307666301727295, 2.309314250946045, 2.3072421550750732, 2.305352210998535, 2.309096336364746, 2.308212995529175, 2.3064699172973633, 2.307147741317749, 2.305507183074951, 2.309100389480591, 2.3069770336151123, 2.306093454360962, 2.3096587657928467, 2.3051059246063232, 2.308278799057007, 2.3138670921325684, 2.3038837909698486, 2.3073813915252686, 2.3082540035247803, 2.305405378341675, 2.307821273803711, 2.3099684715270996, 2.3061158657073975, 2.3084895610809326, 2.304891586303711, 2.30757212638855, 2.3053972721099854, 2.310849905014038, 2.305535316467285, 2.3067171573638916, 2.310171604156494, 2.3089377880096436, 2.309828042984009, 2.307398796081543, 2.305048704147339, 2.304982900619507, 2.306854248046875, 2.3065714836120605, 2.3044028282165527, 2.3082785606384277, 2.3073885440826416, 2.3084535598754883, 2.3060245513916016, 2.3085601329803467, 2.307734251022339, 2.3083088397979736, 2.304488182067871, 2.303846597671509, 2.3057334423065186, 2.305683135986328, 2.3067474365234375, 2.306236982345581, 2.3055684566497803, 2.3075919151306152, 2.3077733516693115, 2.3064815998077393, 2.305447578430176, 2.30495023727417, 2.3103325366973877, 2.3136518001556396, 2.305041551589966, 2.305799722671509, 2.304264545440674, 2.3098602294921875, 2.3092806339263916, 2.3052585124969482, 2.3063580989837646, 2.309899091720581, 2.3051109313964844, 2.306165933609009, 2.3055505752563477, 2.3084404468536377, 2.3067355155944824, 2.305593252182007, 2.309988021850586, 2.3096725940704346, 2.3118250370025635, 2.3055219650268555, 2.305433511734009, 2.308168649673462, 2.305018901824951, 2.311229705810547, 2.3099067211151123, 2.3059065341949463, 2.3046505451202393, 2.306591749191284, 2.307145118713379, 2.303910255432129, 2.3067588806152344, 2.3065009117126465, 2.3046884536743164, 2.306438684463501],