{"loss": [7.093326091766357, 2.3155691623687744, 2.31612491607666, 2.3157272338867188, 2.315573215484619, 2.3158786296844482, 2.315573215484619, 2.3151919841766357, 2.3139142990112305, 2.315490245819092, 2.315080404281616, 2.3152894973754883, 2.3147828578948975, 2.3151276111602783, 2.3156814575195312, 2.3158762454986572, 2.315664052963257, 2.315512180328369, 2.315333366394043, 2.315396785736084, 2.315262794494629, 2.315697431564331, 2.3161680698394775, 2.313814640045166, 2.3163979053497314, 2.315814733505249, 2.3159217834472656, 2.3146512508392334, 2.3161098957061768, 2.3149619102478027, 2.3159713745117188, 2.316110610961914, 2.3146374225616455, 2.315885543823242, 2.3154289722442627, 2.3153343200683594, 2.3149912357330322, 2.315126895904541, 2.315768241882324, 2.3150975704193115, 2.3149406909942627, 2.3155648708343506, 2.3155198097229004, 2.3153998851776123, 2.3162624835968018, 2.3155417442321777, 2.315291166305542, 2.315321922302246, 2.315542459487915, 2.3156747817993164, 2.3171756267547607, 2.31600022315979, 2.315917491912842, 2.31624174118042, 2.3151886463165283, 2.314849615097046, 2.3151652812957764, 2.3159892559051514, 2.315108060836792, 2.3151986598968506, 2.3148419857025146, 2.3164491653442383, 2.3150720596313477, 2.3160524368286133, 2.3153579235076904, 2.3151848316192627, 2.316403865814209, 2.316188335418701, 2.3155012130737305, 2.31557035446167, 2.3154456615448, 2.3150200843811035, 2.3153791427612305, 2.3154258728027344, 2.315709114074707, 2.3148369789123535, 2.314927577972412, 2.315505266189575, 2.3154661655426025, 2.314779281616211, 2.316089153289795, 2.31522274017334, 2.3149378299713135, 2.3158977031707764, 2.315141201019287, 2.3153722286224365, 2.31451416015625, 2.3152759075164795, 2.314964532852173, 2.3151068687438965, 2.314842939376831, 2.3153183460235596, 2.3151087760925293, 2.3151919841766357, 2.3155875205993652, 2.3161349296569824, 2.3148739337921143, 2.3164212703704834, 2.314800500869751, 2.3150863647460938], "accuracy": [0.100040003657341, 0.09967999905347824, 0.10102000087499619, 0.09932000190019608, 0.09892000257968903, 0.09762000292539597, 0.10063999891281128, 0.10038000345230103, 0.10080000013113022, 0.09893999993801117, 0.10019999742507935, 0.09985999763011932, 0.10000000149011612, 0.09920000284910202, 0.10044000297784805, 0.10040000081062317, 0.09989999979734421, 0.10153999924659729, 0.10270000249147415, 0.09898000210523605, 0.10035999864339828, 0.10075999796390533, 0.09984000027179718, 0.10075999796390533, 0.10025999695062637, 0.10199999809265137, 0.09889999777078629, 0.10283999890089035, 0.09873999655246735, 0.09911999851465225, 0.09972000122070312, 0.09882000088691711, 0.10006000101566315, 0.10162000358104706, 0.09984000027179718, 0.10056000202894211, 0.10023999959230423, 0.10041999816894531, 0.10085999965667725, 0.10233999788761139, 0.10007999837398529, 0.09994000196456909, 0.09826000034809113, 0.10000000149011612, 0.09831999987363815, 0.09898000210523605, 0.10041999816894531, 0.10044000297784805, 0.10000000149011612, 0.09948000311851501, 0.09849999845027924, 0.09889999777078629, 0.10075999796390533, 0.09798000007867813, 0.1014999970793724, 0.09972000122070312, 0.09905999898910522, 0.09849999845027924, 0.0980599969625473, 0.10051999986171722, 0.09929999709129333, 0.10074000060558319, 0.09898000210523605, 0.09743999689817429, 0.09730000048875809, 0.10012000054121017, 0.09895999729633331, 0.09922000020742416, 0.09852000325918198, 0.10121999680995941, 0.0995199978351593, 0.10051999986171722, 0.09994000196456909, 0.10007999837398529, 0.09976000338792801, 0.1021599993109703, 0.09843999892473221, 0.09967999905347824, 0.09849999845027924, 0.10316000133752823, 0.10143999755382538, 0.09956000000238419, 0.09870000183582306, 0.10090000182390213, 0.10227999836206436, 0.09973999857902527, 0.10153999924659729, 0.09978000074625015, 0.09867999702692032, 0.10357999801635742, 0.09818000346422195, 0.10147999972105026, 0.1020599976181984, 0.10010000318288803, 0.10072000324726105, 0.10035999864339828, 0.10056000202894211, 0.100040003657341, 0.10236000269651413, 0.09876000136137009], "val_loss": [2.317843437194824, 2.3144524097442627, 2.3170034885406494, 2.3103253841400146, 2.313601016998291, 2.318844795227051, 2.323380470275879, 2.3114655017852783, 2.319424867630005, 2.3261311054229736, 2.3131802082061768, 2.335733652114868, 2.3111984729766846, 2.3099913597106934, 2.3130180835723877, 2.3181090354919434, 2.3188304901123047, 2.3103530406951904, 2.3126070499420166, 2.312201499938965, 2.3155884742736816, 2.323941707611084, 2.3225924968719482, 2.30777645111084, 2.3147695064544678, 2.3115923404693604, 2.329354763031006, 2.309680700302124, 2.315542697906494, 2.31320858001709, 2.324125051498413, 2.321809768676758, 2.316629409790039, 2.3187379837036133, 2.3193891048431396, 2.308396100997925, 2.317225933074951, 2.32377552986145, 2.309346914291382, 2.337782144546509, 2.3097786903381348, 2.3222737312316895, 2.3144826889038086, 2.3063042163848877, 2.322418212890625, 2.3088839054107666, 2.3153977394104004, 2.312525510787964, 2.3124730587005615, 2.317319869995117, 2.314289093017578, 2.312253713607788, 2.3217122554779053, 2.3137075901031494, 2.314908981323242, 2.325226068496704, 2.3221452236175537, 2.313666343688965, 2.311239004135132, 2.3107261657714844, 2.3089683055877686, 2.3102352619171143, 2.3244235515594482, 2.3183441162109375, 2.3148577213287354, 2.311816453933716, 2.3215198516845703, 2.3124613761901855, 2.309255361557007, 2.309981107711792, 2.307955026626587, 2.314754009246826, 2.3189361095428467, 2.31250262260437, 2.313732624053955, 2.3120648860931396, 2.311551809310913, 2.315006732940674, 2.311695098876953, 2.313657760620117, 2.305605173110962, 2.3154850006103516, 2.31017804145813, 2.318018674850464, 2.324537754058838, 2.3123300075531006, 2.3118088245391846, 2.3097033500671387, 2.3118669986724854, 2.334369421005249, 2.323284149169922, 2.318878173828125, 2.3136470317840576, 2.3158419132232666, 2.3192944526672363, 2.3095428943634033, 2.315945863723755, 2.3154616355895996, 2.309558391571045, 2.310966968536377],