{"loss": [2.392507314682007, 2.3063817024230957, 2.306124448776245, 2.3063814640045166, 2.306523323059082, 2.3065547943115234, 2.306335687637329, 2.3063271045684814, 2.306317090988159, 2.3065779209136963, 2.3065176010131836, 2.3063442707061768, 2.3058924674987793, 2.30591082572937, 2.3064985275268555, 2.306302547454834, 2.306412696838379, 2.3065669536590576, 2.3065671920776367, 2.3062450885772705, 2.306222438812256, 2.306464910507202, 2.3063578605651855, 2.306307077407837, 2.3067190647125244, 2.305945873260498, 2.3067078590393066, 2.306610584259033, 2.306212902069092, 2.3066914081573486, 2.306366205215454, 2.306511640548706, 2.3064866065979004, 2.3065056800842285, 2.3065602779388428, 2.3068718910217285, 2.306363344192505, 2.3068456649780273, 2.3065173625946045, 2.3064076900482178, 2.3062987327575684, 2.306504011154175, 2.306297540664673, 2.306285858154297, 2.306471586227417, 2.3067476749420166, 2.306793212890625, 2.3066611289978027, 2.3068008422851562, 2.3062915802001953], "accuracy": [0.09843999892473221, 0.10102000087499619, 0.10068000108003616, 0.09826000034809113, 0.10057999938726425, 0.09824000298976898, 0.10041999816894531, 0.10074000060558319, 0.10224000364542007, 0.09960000216960907, 0.09870000183582306, 0.098580002784729, 0.10202000290155411, 0.10183999687433243, 0.09831999987363815, 0.09860000014305115, 0.10056000202894211, 0.09956000000238419, 0.09830000251531601, 0.09944000095129013, 0.10100000351667404, 0.100040003657341, 0.09790000319480896, 0.09892000257968903, 0.09826000034809113, 0.10174000263214111, 0.09948000311851501, 0.09945999830961227, 0.10146000236272812, 0.09978000074625015, 0.10023999959230423, 0.09982000291347504, 0.09922000020742416, 0.10028000175952911, 0.09944000095129013, 0.09802000224590302, 0.0993800014257431, 0.09798000007867813, 0.10038000345230103, 0.09969999641180038, 0.09888000041246414, 0.09728000313043594, 0.09914000332355499, 0.1031000018119812, 0.10016000270843506, 0.09984000027179718, 0.09867999702692032, 0.09790000319480896, 0.09713999927043915, 0.10085999965667725], "val_loss": [2.304539203643799, 2.304121971130371, 2.3049983978271484, 2.305999517440796, 2.305983543395996, 2.3050034046173096, 2.3083620071411133, 2.3056581020355225, 2.30587100982666, 2.3081212043762207, 2.304316520690918, 2.3062033653259277, 2.3059592247009277, 2.307750940322876, 2.3078019618988037, 2.3085811138153076, 2.3059496879577637, 2.3055245876312256, 2.3134095668792725, 2.3052423000335693, 2.307692289352417, 2.3076999187469482, 2.308054208755493, 2.3054451942443848, 2.3064370155334473, 2.307877779006958, 2.306302785873413, 2.3055360317230225, 2.310201406478882, 2.3090577125549316, 2.3058242797851562, 2.308258295059204, 2.3048479557037354, 2.3048593997955322, 2.310680866241455, 2.30497670173645, 2.3054959774017334, 2.3066205978393555, 2.303445339202881, 2.304100275039673, 2.305809259414673, 2.308807373046875, 2.3063127994537354, 2.304567813873291, 2.308624029159546, 2.3067872524261475, 2.3057870864868164, 2.3053817749023438, 2.303938388824463, 2.307084560394287], "val_accuracy": [0.10000000149011612, 0.10000000149011612, 0.10000000149011612, 0.10000000149011612, 0.10000000149011612, 0.10000000149011612, 0.10000000149011612, 0.10000000149011612, 0.10000000149011612, 0.10000000149011612, 0.10000000149011612, 0.10000000149011612, 0.10000000149011612, 0.10000000149011612, 0.10000000149011612, 0.10000000149011612, 0.10000000149011612, 0.10000000149011612, 0.10000000149011612, 0.10000000149011612, 0.10000000149011612, 0.10000000149011612, 0.10000000149011612, 0.10000000149011612, 0.10000000149011612, 0.10000000149011612, 0.10000000149011612, 0.10000000149011612, 0.10000000149011612, 0.10000000149011612, 0.10000000149011612, 0.10000000149011612, 0.10000000149011612, 0.10000000149011612, 0.10000000149011612, 0.10000000149011612, 0.10000000149011612, 0.10000000149011612, 0.10000000149011612, 0.10000000149011612, 0.10000000149011612, 0.10000000149011612, 0.10000000149011612, 0.10000000149011612, 0.10000000149011612, 0.10000000149011612, 0.10000000149011612, 0.10000000149011612, 0.10000000149011612, 0.10000000149011612]}