{"loss": [1.43576979637146, 1.0459574460983276, 0.8907324075698853, 0.7944091558456421, 0.7211361527442932, 0.6644741892814636, 0.6150164008140564, 0.5693802237510681, 0.5250275135040283, 0.48573872447013855, 0.4475393295288086, 0.4121372401714325, 0.3834616541862488, 0.34831735491752625, 0.31826695799827576, 0.302184134721756, 0.27000585198402405, 0.2574423551559448, 0.23553428053855896, 0.21487706899642944, 0.20662683248519897, 0.18990863859653473, 0.17917169630527496, 0.17919136583805084, 0.15349945425987244, 0.16072383522987366, 0.15044985711574554, 0.14836709201335907, 0.14545373618602753, 0.12600503861904144, 0.13028793036937714, 0.12464415282011032, 0.13430404663085938, 0.11731498688459396, 0.1201610267162323, 0.11345116049051285, 0.11326635628938675, 0.10874629765748978, 0.11273303627967834, 0.10592348873615265, 0.11033930629491806, 0.1042117029428482, 0.101216159760952, 0.10291150212287903, 0.10401937365531921, 0.10246409475803375, 0.09418686479330063, 0.09575696289539337, 0.09337647259235382, 0.10047145187854767], "accuracy": [0.48236000537872314, 0.6331200003623962, 0.6901400089263916, 0.7232800126075745, 0.7478799819946289, 0.7679399847984314, 0.7847399711608887, 0.8006799817085266, 0.8154399991035461, 0.8273599743843079, 0.8422999978065491, 0.8521199822425842, 0.8630800247192383, 0.8756600022315979, 0.8868600130081177, 0.8924599885940552, 0.9035000205039978, 0.9074599742889404, 0.9140599966049194, 0.9224200248718262, 0.9256399869918823, 0.9321399927139282, 0.9350799918174744, 0.9367200136184692, 0.945360004901886, 0.9432799816131592, 0.946619987487793, 0.9473400115966797, 0.9484599828720093, 0.9552599787712097, 0.9545199871063232, 0.9556400179862976, 0.9526600241661072, 0.959559977054596, 0.9586399793624878, 0.9599000215530396, 0.9604399800300598, 0.9618399739265442, 0.962119996547699, 0.9642000198364258, 0.9617199897766113, 0.9656999707221985, 0.9661999940872192, 0.9656999707221985, 0.9661800265312195, 0.9667199850082397, 0.9684399962425232, 0.9686400294303894, 0.9692599773406982, 0.9665399789810181], "val_loss": [1.2774323225021362, 1.0568442344665527, 0.9362459182739258, 0.8583577275276184, 0.8420368432998657, 0.8151393532752991, 0.8252624869346619, 0.8507528305053711, 0.8927059769630432, 0.8890597820281982, 0.9192287921905518, 0.9454669952392578, 1.0051312446594238, 1.030019760131836, 1.1427494287490845, 1.158129096031189, 1.2837786674499512, 1.2484986782073975, 1.299680471420288, 1.4001538753509521, 1.46023690700531, 1.590821623802185, 1.6075220108032227, 1.658793330192566, 1.7876148223876953, 1.933379888534546, 1.8325332403182983, 1.9908725023269653, 1.9720244407653809, 1.9988772869110107, 2.1385092735290527, 2.1538262367248535, 2.2046895027160645, 2.2692947387695312, 2.23148250579834, 2.3209333419799805, 2.3746960163116455, 2.3822996616363525, 2.4376449584960938, 2.4962728023529053, 2.332396984100342, 2.524536609649658, 2.5083062648773193, 2.715684652328491, 2.5540664196014404, 2.7010462284088135, 2.917043447494507, 2.6886651515960693, 2.7708077430725098, 2.6407623291015625], "val_accuracy": [0.5460000038146973, 0.6220999956130981, 0.6739000082015991, 0.7010999917984009, 0.7138000130653381, 0.7243000268936157, 0.7189000248908997, 0.713699996471405, 0.7145000100135803, 0.7149999737739563, 0.7254999876022339, 0.7245000004768372, 0.708299994468689, 0.7138000130653381, 0.7020999789237976, 0.7131999731063843, 0.6940000057220459, 0.7063000202178955, 0.708899974822998, 0.7002000212669373, 0.6978999972343445, 0.6875, 0.7016000151634216, 0.7013999819755554, 0.6955000162124634, 0.6937999725341797, 0.7010999917984009, 0.6948999762535095, 0.6934999823570251, 0.7021999955177307, 0.6913999915122986, 0.6952000260353088, 0.6898000240325928, 0.6960999965667725, 0.6956999897956848, 0.690500020980835, 0.6951000094413757, 0.699400007724762, 0.684499979019165, 0.6972000002861023, 0.6917999982833862, 0.6967999935150146, 0.6920999884605408, 0.685699999332428, 0.6895999908447266, 0.6887999773025513, 0.676800012588501, 0.6912999749183655, 0.6909999847412109, 0.699999988079071]}