{"loss": [2.3997178077697754, 2.3060882091522217, 2.3063600063323975, 2.3063743114471436, 2.3065435886383057, 2.3064990043640137, 2.306420087814331, 2.306328296661377, 2.306555986404419, 2.3064568042755127, 2.306466817855835, 2.306222677230835, 2.3066911697387695, 2.306152582168579, 2.3065273761749268, 2.3064663410186768, 2.306002616882324, 2.3063483238220215, 2.306586503982544, 2.306856155395508, 2.3066046237945557, 2.3063580989837646, 2.306487798690796, 2.306770086288452, 2.306668996810913, 2.3067774772644043, 2.3063528537750244, 2.3064498901367188, 2.3062891960144043, 2.306931972503662, 2.306645154953003, 2.3061540126800537, 2.3064017295837402, 2.3064124584198, 2.3062386512756348, 2.306546688079834, 2.3066368103027344, 2.306184768676758, 2.306689739227295, 2.306522846221924, 2.306816816329956, 2.306380271911621, 2.3064424991607666, 2.3063793182373047, 2.3066763877868652, 2.3065907955169678, 2.3065295219421387, 2.306492567062378, 2.306429862976074, 2.3066792488098145, 2.3064889907836914, 2.3061606884002686, 2.306356906890869, 2.3063833713531494, 2.3066861629486084, 2.3064990043640137, 2.3066420555114746, 2.30674147605896, 2.306715250015259, 2.3067076206207275, 2.3064236640930176, 2.3065927028656006, 2.3064019680023193, 2.306701898574829, 2.3064160346984863, 2.306096315383911, 2.3064401149749756, 2.3063771724700928, 2.3065719604492188, 2.306525707244873, 2.3060011863708496, 2.306781053543091, 2.3062446117401123, 2.3064982891082764, 2.306433916091919, 2.3068032264709473, 2.306572914123535, 2.306509017944336, 2.3066654205322266, 2.3067123889923096, 2.306488513946533, 2.3065836429595947, 2.3063695430755615, 2.3059258460998535, 2.3067009449005127, 2.3063266277313232, 2.3065497875213623, 2.306637763977051, 2.306368350982666, 2.305677652359009, 2.306464433670044, 2.3061864376068115, 2.306190252304077, 2.306091785430908, 2.3066253662109375, 2.3064911365509033, 2.3068737983703613, 2.30647349357605, 2.3062949180603027, 2.3064181804656982], "accuracy": [0.10041999816894531, 0.10183999687433243, 0.10057999938726425, 0.09956000000238419, 0.09927999973297119, 0.09911999851465225, 0.098860003054142, 0.09978000074625015, 0.09855999797582626, 0.10142000019550323, 0.09944000095129013, 0.09877999871969223, 0.1001800000667572, 0.09967999905347824, 0.10115999728441238, 0.10068000108003616, 0.1011200025677681, 0.10209999978542328, 0.09963999688625336, 0.09948000311851501, 0.10057999938726425, 0.10007999837398529, 0.0993800014257431, 0.0979200005531311, 0.10057999938726425, 0.09736000001430511, 0.10238000005483627, 0.09950000047683716, 0.09973999857902527, 0.09666000306606293, 0.09922000020742416, 0.09957999736070633, 0.09914000332355499, 0.09935999661684036, 0.09973999857902527, 0.09997999668121338, 0.09932000190019608, 0.10119999945163727, 0.09736000001430511, 0.09997999668121338, 0.095660001039505, 0.09910000115633011, 0.09935999661684036, 0.09895999729633331, 0.09892000257968903, 0.09914000332355499, 0.10034000128507614, 0.09939999878406525, 0.0983399972319603, 0.10068000108003616, 0.10109999775886536, 0.10078000277280807, 0.10025999695062637, 0.10294000059366226, 0.09811999648809433, 0.09916000068187714, 0.10091999918222427, 0.0975399985909462, 0.09929999709129333, 0.09647999703884125, 0.09845999628305435, 0.09961999952793121, 0.10056000202894211, 0.098860003054142, 0.10010000318288803, 0.1006999984383583, 0.098580002784729, 0.0995199978351593, 0.09893999993801117, 0.10136000066995621, 0.10000000149011612, 0.10146000236272812, 0.09935999661684036, 0.10193999856710434, 0.10113999992609024, 0.09793999791145325, 0.09852000325918198, 0.09889999777078629, 0.09939999878406525, 0.09730000048875809, 0.10001999884843826, 0.09808000177145004, 0.10047999769449234, 0.10363999754190445, 0.09842000156641006, 0.0997999981045723, 0.10063999891281128, 0.09719999879598618, 0.09818000346422195, 0.1009799987077713, 0.10159999877214432, 0.10260000079870224, 0.10100000351667404, 0.10007999837398529, 0.09634000062942505, 0.0997999981045723, 0.09741999953985214, 0.09944000095129013, 0.09967999905347824, 0.09969999641180038], "val_loss": [2.3043394088745117, 2.305840015411377, 2.3051884174346924, 2.3070731163024902, 2.307159662246704, 2.3085854053497314, 2.3080313205718994, 2.305619716644287, 2.304541826248169, 2.305246114730835, 2.305941104888916, 2.30794620513916, 2.3042211532592773, 2.305516481399536, 2.3072903156280518, 2.3036820888519287, 2.3074188232421875, 2.3086459636688232, 2.305375099182129, 2.3046133518218994, 2.3047080039978027, 2.304293155670166, 2.308436155319214, 2.3068456649780273, 2.306183338165283, 2.3096768856048584, 2.3072991371154785, 2.310366630554199, 2.3041481971740723, 2.3086836338043213, 2.306128978729248, 2.3046202659606934, 2.307223081588745, 2.307670831680298, 2.308590888977051, 2.3045766353607178, 2.3046047687530518, 2.3037028312683105, 2.304349899291992, 2.3063266277313232, 2.3057398796081543, 2.308245897293091, 2.3047780990600586, 2.303271770477295, 2.305816888809204, 2.3054850101470947, 2.304879903793335, 2.304293632507324, 2.307896852493286, 2.3073582649230957, 2.3054733276367188, 2.3057262897491455, 2.3069326877593994, 2.3054232597351074, 2.305436372756958, 2.306703805923462, 2.3057186603546143, 2.3106329441070557, 2.3055005073547363, 2.305947780609131, 2.3047544956207275, 2.304579257965088, 2.3070974349975586, 2.304960012435913, 2.304898262023926, 2.305203437805176, 2.314105272293091, 2.305987596511841, 2.304830551147461, 2.3074512481689453, 2.3109636306762695, 2.306309461593628, 2.304657459259033, 2.3148856163024902, 2.306386947631836, 2.305583953857422, 2.307133674621582, 2.308518886566162, 2.3090415000915527, 2.3072593212127686, 2.30745792388916, 2.3055474758148193, 2.3036584854125977, 2.3069911003112793, 2.306281328201294, 2.304537296295166, 2.3039793968200684, 2.3053081035614014, 2.3058934211730957, 2.304966688156128, 2.309685230255127, 2.307910203933716, 2.3045623302459717, 2.3045825958251953, 2.303799629211426, 2.303211212158203, 2.3042333126068115, 2.30562162399292, 2.309095621109009, 2.3080520629882812],