{"loss": [1.5080658197402954, 1.1334590911865234, 1.0084739923477173, 0.9312402606010437, 0.8706615567207336, 0.8244767189025879, 0.7912692427635193, 0.7558271884918213, 0.7290731072425842, 0.7038081884384155, 0.6803681254386902, 0.6566434502601624, 0.6353974342346191, 0.6181211471557617, 0.5939540863037109, 0.5785797834396362, 0.5609759092330933, 0.5414643287658691, 0.5283228158950806, 0.513920783996582, 0.5040510296821594, 0.49256277084350586, 0.47051483392715454, 0.47554662823677063, 0.45499128103256226, 0.44898566603660583, 0.44444045424461365, 0.43875211477279663, 0.41654250025749207, 0.4233112931251526, 0.418047696352005, 0.4044704735279083, 0.4018597900867462, 0.40242549777030945, 0.3890557289123535, 0.4033539593219757, 0.3785138726234436, 0.3795526921749115, 0.3841354250907898, 0.37327468395233154, 0.37260276079177856, 0.3732583522796631, 0.3674674332141876, 0.36055684089660645, 0.36855483055114746, 0.3602406978607178, 0.35851725935935974, 0.3522554039955139, 0.3529147803783417, 0.35350924730300903, 0.3524031639099121, 0.34984222054481506, 0.350200355052948, 0.3419429659843445, 0.3631751835346222, 0.33417004346847534, 0.3517429232597351, 0.3339202404022217, 0.3491416871547699, 0.3412713408470154, 0.3378102481365204, 0.3438872694969177, 0.32904425263404846, 0.3466223180294037, 0.3316177427768707, 0.3481871485710144, 0.32855066657066345, 0.34958726167678833, 0.3333418667316437, 0.34483128786087036, 0.33746999502182007, 0.3374175727367401, 0.336364209651947, 0.34084922075271606, 0.3299242854118347, 0.3312913179397583, 0.33989039063453674, 0.32091212272644043, 0.3553369641304016, 0.3363804817199707, 0.32616758346557617, 0.33790522813796997, 0.32605794072151184, 0.33819687366485596, 0.34245747327804565, 0.3288072645664215, 0.3276389539241791, 0.32567745447158813, 0.33879339694976807, 0.329039067029953, 0.3482367694377899, 0.3370262384414673, 0.3377051055431366, 0.3270450830459595, 0.33717480301856995, 0.33823198080062866, 0.3248145878314972, 0.32804304361343384, 0.32674333453178406, 0.34362009167671204], "accuracy": [0.454039990901947, 0.6001200079917908, 0.6442199945449829, 0.674560010433197, 0.6949599981307983, 0.7093200087547302, 0.7221800088882446, 0.7358400225639343, 0.7424200177192688, 0.7512999773025513, 0.760860025882721, 0.7677199840545654, 0.7753199934959412, 0.7811800241470337, 0.789080023765564, 0.7958800196647644, 0.8003000020980835, 0.8085200190544128, 0.8122199773788452, 0.8169000148773193, 0.821940004825592, 0.8276200294494629, 0.8316400051116943, 0.8309000134468079, 0.8373399972915649, 0.8409799933433533, 0.8441600203514099, 0.8428199887275696, 0.8535400032997131, 0.8491600155830383, 0.8526999950408936, 0.8599200248718262, 0.8589199781417847, 0.8596199750900269, 0.8632599711418152, 0.8606399893760681, 0.8674200177192688, 0.8664399981498718, 0.8685399889945984, 0.8705800175666809, 0.8718400001525879, 0.8718400001525879, 0.8722400069236755, 0.8762800097465515, 0.8749200105667114, 0.8779199719429016, 0.8774999976158142, 0.8801400065422058, 0.8808599710464478, 0.880840003490448, 0.8802599906921387, 0.8837400078773499, 0.8822199702262878, 0.8857399821281433, 0.879859983921051, 0.8868799805641174, 0.8833600282669067, 0.8887799978256226, 0.8833199739456177, 0.8871999979019165, 0.8903599977493286, 0.8894400000572205, 0.8920400142669678, 0.8890399932861328, 0.8919199705123901, 0.8885200023651123, 0.8936600089073181, 0.887939989566803, 0.8924400210380554, 0.8878200054168701, 0.8894199728965759, 0.8907999992370605, 0.8935999870300293, 0.8921399712562561, 0.8942000269889832, 0.8945000171661377, 0.8937399983406067, 0.8982399702072144, 0.8875200152397156, 0.8939800262451172, 0.8952800035476685, 0.8945000171661377, 0.8969799876213074, 0.8935800194740295, 0.8942800164222717, 0.89683997631073, 0.9001200199127197, 0.8979799747467041, 0.8947399854660034, 0.898419976234436, 0.8925600051879883, 0.897159993648529, 0.8962000012397766, 0.8991600275039673, 0.8967999815940857, 0.8964999914169312, 0.90065997838974, 0.899399995803833, 0.9007599949836731, 0.897599995136261], "val_loss": [1.2906227111816406, 1.1120511293411255, 1.052836298942566, 1.0248874425888062, 1.0193911790847778, 1.001268982887268, 1.0353832244873047, 1.0107855796813965, 1.0593582391738892, 1.0602850914001465, 1.077131748199463, 1.0755574703216553, 1.164486289024353, 1.1346726417541504, 1.1556572914123535, 1.1747384071350098, 1.205691933631897, 1.2677638530731201, 1.3122680187225342, 1.3127821683883667, 1.4079186916351318, 1.3968638181686401, 1.4672855138778687, 1.5866312980651855, 1.5081716775894165, 1.5878479480743408, 1.678161859512329, 1.5976769924163818, 1.713432788848877, 1.6507458686828613, 1.6774635314941406, 1.7624101638793945, 1.8070515394210815, 1.7895207405090332, 1.8674613237380981, 1.84492027759552, 1.9385080337524414, 1.945584774017334, 2.039515733718872, 2.008272171020508, 1.9933874607086182, 1.9916486740112305, 2.033480644226074, 2.378816604614258, 2.113605260848999, 2.0992300510406494, 2.139986991882324, 2.264542818069458, 2.298936605453491, 2.32961368560791, 2.2945311069488525, 2.36954665184021, 2.3983447551727295, 2.285818338394165, 2.4055428504943848, 2.4941184520721436, 2.364156723022461, 2.454082727432251, 2.4617204666137695, 2.5244503021240234, 2.4555628299713135, 2.5264410972595215, 2.573498487472534, 2.50924015045166, 2.6448841094970703, 2.6384687423706055, 2.6712207794189453, 2.6352944374084473, 2.885544538497925, 2.762544870376587, 2.7227344512939453, 2.878653049468994, 2.6869430541992188, 2.8719465732574463, 2.6544618606567383, 2.6750481128692627, 2.770352602005005, 2.873488664627075, 2.8620669841766357, 2.8932383060455322, 3.0162551403045654, 2.9265310764312744, 3.036092519760132, 3.072049379348755, 2.9755237102508545, 2.9586141109466553, 2.9828968048095703, 3.2207183837890625, 3.136556625366211, 3.2056331634521484, 3.2070891857147217, 3.0901315212249756, 3.0974597930908203, 3.1427202224731445, 3.325749635696411, 3.038821220397949, 3.31093430519104, 3.3637051582336426, 3.376558303833008, 3.580719232559204],