{"loss": [2.306880235671997, 2.3039777278900146, 2.303936719894409, 2.3039817810058594, 2.303807258605957, 2.3039255142211914, 2.303947925567627, 2.303924322128296, 2.3038134574890137, 2.3041155338287354, 2.3040101528167725, 2.3039941787719727, 2.303929328918457, 2.3039448261260986, 2.303948163986206, 2.3040847778320312, 2.3038148880004883, 2.3036839962005615, 2.304206132888794, 2.3040730953216553, 2.303924322128296, 2.304150342941284, 2.304229259490967, 2.3038525581359863, 2.303905725479126, 2.304032564163208, 2.3041651248931885, 2.3040311336517334, 2.3039374351501465, 2.3041889667510986, 2.3039066791534424, 2.303988218307495, 2.30426287651062, 2.3040931224823, 2.3038394451141357, 2.303920030593872, 2.3041913509368896, 2.3038997650146484, 2.3038318157196045, 2.3038947582244873, 2.3037891387939453, 2.304046630859375, 2.3041820526123047, 2.303891181945801, 2.3040032386779785, 2.3040077686309814, 2.3039534091949463, 2.3038501739501953, 2.303986072540283, 2.3039395809173584, 2.304011821746826, 2.303776502609253, 2.3037872314453125, 2.303973436355591, 2.303938865661621, 2.3038060665130615, 2.3038463592529297, 2.3040411472320557, 2.30403470993042, 2.304044008255005, 2.304114580154419, 2.304100275039673, 2.304212808609009, 2.3039445877075195, 2.3039205074310303, 2.3039584159851074, 2.3039324283599854, 2.3037710189819336, 2.303870439529419, 2.303936004638672, 2.303887128829956, 2.304117202758789, 2.3040196895599365, 2.304145574569702, 2.304039716720581, 2.3038318157196045, 2.30403995513916, 2.303901195526123, 2.3041021823883057, 2.304044485092163, 2.3040640354156494, 2.303994655609131, 2.30397891998291, 2.303823947906494, 2.304098129272461, 2.3039700984954834, 2.3039815425872803, 2.3040621280670166, 2.3037853240966797, 2.303792715072632, 2.303737163543701, 2.3038876056671143, 2.3040761947631836, 2.3038904666900635, 2.304072856903076, 2.304147958755493, 2.3040525913238525, 2.3038008213043213, 2.304095983505249, 2.3039937019348145], "accuracy": [0.0995199978351593, 0.10152000188827515, 0.09826000034809113, 0.09802000224590302, 0.10066000372171402, 0.09995999932289124, 0.09985999763011932, 0.09855999797582626, 0.09945999830961227, 0.09976000338792801, 0.09892000257968903, 0.10113999992609024, 0.09855999797582626, 0.09839999675750732, 0.09724000096321106, 0.09762000292539597, 0.09969999641180038, 0.10214000195264816, 0.0983399972319603, 0.09758000075817108, 0.0993800014257431, 0.09818000346422195, 0.0987199991941452, 0.09799999743700027, 0.10108000040054321, 0.09926000237464905, 0.09697999805212021, 0.09893999993801117, 0.0966000035405159, 0.1004600003361702, 0.1020599976181984, 0.09954000264406204, 0.09641999751329422, 0.09854000061750412, 0.09926000237464905, 0.09997999668121338, 0.09824000298976898, 0.10087999701499939, 0.10279999673366547, 0.098860003054142, 0.10174000263214111, 0.09933999925851822, 0.09985999763011932, 0.09854000061750412, 0.098860003054142, 0.09839999675750732, 0.09839999675750732, 0.10034000128507614, 0.09950000047683716, 0.09973999857902527, 0.09740000218153, 0.09967999905347824, 0.09852000325918198, 0.09904000163078308, 0.10044000297784805, 0.09956000000238419, 0.10137999802827835, 0.09916000068187714, 0.10050000250339508, 0.09873999655246735, 0.09839999675750732, 0.0989999994635582, 0.09808000177145004, 0.10019999742507935, 0.10053999722003937, 0.09984000027179718, 0.09775999933481216, 0.09904000163078308, 0.1004600003361702, 0.09861999750137329, 0.09995999932289124, 0.09811999648809433, 0.10136000066995621, 0.09843999892473221, 0.09764000028371811, 0.1004600003361702, 0.09777999669313431, 0.09989999979734421, 0.0987199991941452, 0.09963999688625336, 0.09843999892473221, 0.10053999722003937, 0.10034000128507614, 0.10047999769449234, 0.09939999878406525, 0.098580002784729, 0.10025999695062637, 0.09839999675750732, 0.09988000243902206, 0.10158000141382217, 0.10131999850273132, 0.100040003657341, 0.09895999729633331, 0.09826000034809113, 0.10140000283718109, 0.09749999642372131, 0.09893999993801117, 0.10016000270843506, 0.09954000264406204, 0.09818000346422195], "val_loss": [2.3037641048431396, 2.303523302078247, 2.3054702281951904, 2.3046226501464844, 2.303997755050659, 2.304567813873291, 2.3036253452301025, 2.303969621658325, 2.3044018745422363, 2.3036229610443115, 2.303767681121826, 2.304274559020996, 2.3046460151672363, 2.304358720779419, 2.3044018745422363, 2.3032736778259277, 2.3041701316833496, 2.303530216217041, 2.3038485050201416, 2.303375244140625, 2.303321123123169, 2.3038055896759033, 2.303832530975342, 2.3031623363494873, 2.303142547607422, 2.3035151958465576, 2.3036251068115234, 2.3036675453186035, 2.3040452003479004, 2.303051471710205, 2.3053505420684814, 2.3039004802703857, 2.303562879562378, 2.303668975830078, 2.3059678077697754, 2.30366587638855, 2.304582118988037, 2.3048079013824463, 2.30330491065979, 2.304236650466919, 2.304734945297241, 2.3033251762390137, 2.3030762672424316, 2.3041892051696777, 2.303295135498047, 2.303476333618164, 2.3038806915283203, 2.305049419403076, 2.3046982288360596, 2.30359148979187, 2.3033037185668945, 2.3034605979919434, 2.3043994903564453, 2.305196762084961, 2.3034491539001465, 2.303473472595215, 2.303317070007324, 2.303440570831299, 2.304655075073242, 2.3036961555480957, 2.30338454246521, 2.3030760288238525, 2.304248809814453, 2.3037586212158203, 2.3040215969085693, 2.304518938064575, 2.3037898540496826, 2.3039097785949707, 2.304844379425049, 2.3038783073425293, 2.3045032024383545, 2.3043391704559326, 2.3061280250549316, 2.303041458129883, 2.3037707805633545, 2.3036539554595947, 2.304534912109375, 2.303889751434326, 2.3034939765930176, 2.304267644882202, 2.3037288188934326, 2.304236650466919, 2.3035707473754883, 2.3038547039031982, 2.3034961223602295, 2.304175615310669, 2.3038809299468994, 2.3033294677734375, 2.3051092624664307, 2.303565263748169, 2.303823947906494, 2.303257465362549, 2.3031296730041504, 2.304154634475708, 2.30364990234375, 2.303882122039795, 2.304258108139038, 2.3047215938568115, 2.3035459518432617, 2.3030903339385986],