{"loss": [1.559000015258789, 1.1516025066375732, 0.9813638925552368, 0.8685867190361023, 0.7912609577178955, 0.7281033396720886, 0.6745408773422241, 0.630050539970398, 0.5936663150787354, 0.5642270445823669, 0.5386096239089966, 0.5175146460533142, 0.5055789351463318, 0.4837798476219177, 0.474627822637558, 0.4667471945285797, 0.45922303199768066, 0.4479397237300873, 0.4444263279438019, 0.4371514916419983, 0.4366007149219513, 0.4329322576522827, 0.43069249391555786, 0.43057456612586975, 0.4355776607990265, 0.42902734875679016, 0.42267370223999023, 0.4386101961135864, 0.43181928992271423, 0.4224507510662079, 0.43123847246170044, 0.4353577196598053, 0.44259223341941833, 0.4329873025417328, 0.442157506942749, 0.4435272216796875, 0.43636757135391235, 0.44993406534194946, 0.44367414712905884, 0.4559813141822815, 0.4487653970718384, 0.4637797772884369, 0.46229737997055054, 0.45632827281951904, 0.4721386432647705, 0.4661530554294586, 0.47587794065475464, 0.4865339398384094, 0.48355796933174133, 0.46577492356300354], "accuracy": [0.43560001254081726, 0.5960599780082703, 0.658079981803894, 0.6974800229072571, 0.7243000268936157, 0.746399998664856, 0.7652599811553955, 0.7803999781608582, 0.7950800061225891, 0.8049399852752686, 0.8160600066184998, 0.8238000273704529, 0.8287400007247925, 0.835099995136261, 0.840719997882843, 0.8424999713897705, 0.8461400270462036, 0.850059986114502, 0.8539000153541565, 0.8550599813461304, 0.859279990196228, 0.8616999983787537, 0.858460009098053, 0.860480010509491, 0.8602200150489807, 0.862500011920929, 0.8650799989700317, 0.8610399961471558, 0.8650000095367432, 0.8648599982261658, 0.8650400042533875, 0.8651599884033203, 0.8634600043296814, 0.8633800148963928, 0.8633400201797485, 0.8622400164604187, 0.8650400042533875, 0.8608800172805786, 0.8656200170516968, 0.8589000105857849, 0.8623200058937073, 0.860040009021759, 0.8604599833488464, 0.8598600029945374, 0.8564599752426147, 0.8576800227165222, 0.8530799746513367, 0.8551599979400635, 0.8567600250244141, 0.8577399849891663], "val_loss": [1.311343789100647, 1.2615283727645874, 0.9725528359413147, 0.9474688768386841, 0.915639340877533, 1.0095279216766357, 0.9432864189147949, 0.8946525454521179, 0.9052232503890991, 1.0534555912017822, 1.0333820581436157, 1.1360174417495728, 1.1551672220230103, 1.235580563545227, 1.258386254310608, 1.1527005434036255, 1.3280987739562988, 1.3447456359863281, 1.3741320371627808, 1.700407862663269, 1.8835252523422241, 1.611785650253296, 1.3799412250518799, 1.5155500173568726, 1.7595808506011963, 2.0325846672058105, 1.8290855884552002, 1.6345309019088745, 1.4207217693328857, 1.9449771642684937, 1.4723509550094604, 2.5339229106903076, 2.064659357070923, 1.657120704650879, 1.6207813024520874, 1.4304414987564087, 1.6870228052139282, 1.6980458498001099, 1.8723502159118652, 2.088198184967041, 2.0550496578216553, 2.1215109825134277, 2.094923973083496, 2.2762272357940674, 2.4381086826324463, 1.7937921285629272, 1.4702783823013306, 2.3391945362091064, 1.6966757774353027, 2.547024726867676], "val_accuracy": [0.5264000296592712, 0.5629000067710876, 0.6646000146865845, 0.670199990272522, 0.6934000253677368, 0.6700000166893005, 0.7017999887466431, 0.704800009727478, 0.7117999792098999, 0.7055000066757202, 0.6956999897956848, 0.7157999873161316, 0.7060999870300293, 0.6937000155448914, 0.7110000252723694, 0.7056000232696533, 0.6827999949455261, 0.7035999894142151, 0.6917999982833862, 0.678600013256073, 0.6859999895095825, 0.6376000046730042, 0.7017999887466431, 0.6906999945640564, 0.6833999752998352, 0.6610999703407288, 0.6941999793052673, 0.6559000015258789, 0.6976000070571899, 0.7035999894142151, 0.6840999722480774, 0.6401000022888184, 0.6926000118255615, 0.6809999942779541, 0.6761999726295471, 0.6693000197410583, 0.6730999946594238, 0.6801999807357788, 0.6766999959945679, 0.6825000047683716, 0.6549000144004822, 0.676800012588501, 0.670799970626831, 0.6873000264167786, 0.689300000667572, 0.6827999949455261, 0.6773999929428101, 0.6672000288963318, 0.6611999869346619, 0.6603000164031982]}