{"loss": [2.049565315246582, 1.6842961311340332, 1.6717512607574463, 1.6763534545898438, 1.6792775392532349, 1.6913281679153442, 1.6985598802566528, 1.7197648286819458, 1.716396689414978, 1.7070754766464233, 1.7469452619552612, 1.7217258214950562, 1.7267545461654663, 1.716891884803772, 1.7215499877929688, 1.7138315439224243, 1.7178404331207275, 1.7180664539337158, 1.7235451936721802, 1.7319738864898682, 1.7630798816680908, 1.7443710565567017, 1.7335267066955566, 1.7433630228042603, 1.7520713806152344, 1.740783452987671, 1.746384859085083, 1.764691710472107, 1.7447410821914673, 1.7472560405731201, 1.7392702102661133, 1.7610379457473755, 1.772329568862915, 1.763893961906433, 1.743054986000061, 1.7651517391204834, 1.7486408948898315, 1.7681565284729004, 1.7527748346328735, 1.770064115524292, 1.7549140453338623, 1.7407774925231934, 1.7338963747024536, 1.7364215850830078, 1.7222323417663574, 1.7189515829086304, 1.712237000465393, 1.7207257747650146, 1.6999495029449463, 1.697513222694397], "accuracy": [0.26561999320983887, 0.39232000708580017, 0.40195998549461365, 0.3978399932384491, 0.3925800025463104, 0.3873400092124939, 0.3887600004673004, 0.3752000033855438, 0.37676000595092773, 0.37946000695228577, 0.36719998717308044, 0.3722800016403198, 0.3683199882507324, 0.3725599944591522, 0.3743000030517578, 0.3767400085926056, 0.376120001077652, 0.3724200129508972, 0.37237998843193054, 0.3689599931240082, 0.36041998863220215, 0.3675999939441681, 0.36616000533103943, 0.3707199990749359, 0.3633800148963928, 0.3605799973011017, 0.3664399981498718, 0.3603399991989136, 0.36715999245643616, 0.3622399866580963, 0.36550000309944153, 0.3560599982738495, 0.3539600074291229, 0.35350000858306885, 0.36017999053001404, 0.3527800142765045, 0.358240008354187, 0.35409998893737793, 0.35627999901771545, 0.35725998878479004, 0.36427998542785645, 0.36489999294281006, 0.364980012178421, 0.365200012922287, 0.3756999969482422, 0.37338000535964966, 0.3756200075149536, 0.37630000710487366, 0.38350000977516174, 0.38308000564575195], "val_loss": [1.7635577917099, 1.6236066818237305, 1.561582088470459, 1.6125761270523071, 1.6673173904418945, 1.7190219163894653, 1.74361252784729, 1.6392014026641846, 1.667598009109497, 1.792749047279358, 1.687483549118042, 1.6653300523757935, 1.8698029518127441, 1.7596927881240845, 1.8108885288238525, 1.7373979091644287, 1.678308367729187, 1.6874024868011475, 1.6713775396347046, 1.6364715099334717, 1.7777677774429321, 1.6608880758285522, 1.9329415559768677, 1.6528267860412598, 1.6836427450180054, 1.6511956453323364, 1.779112458229065, 1.6788990497589111, 1.6627298593521118, 1.7414640188217163, 1.7616223096847534, 1.7937771081924438, 1.9809832572937012, 1.7616174221038818, 1.8346418142318726, 1.7298794984817505, 1.7449525594711304, 1.8021689653396606, 1.837018370628357, 1.8290464878082275, 2.179619073867798, 1.762891411781311, 1.6851601600646973, 1.697972297668457, 1.8036328554153442, 1.8269544839859009, 1.7430615425109863, 1.6314401626586914, 1.7640734910964966, 1.961751937866211], "val_accuracy": [0.37549999356269836, 0.4099999964237213, 0.4325999915599823, 0.4212000072002411, 0.37310001254081726, 0.3684999942779541, 0.3901999890804291, 0.4016999900341034, 0.3783999979496002, 0.37380000948905945, 0.3885999917984009, 0.3874000012874603, 0.3025999963283539, 0.36320000886917114, 0.3529999852180481, 0.35910001397132874, 0.3781999945640564, 0.3815000057220459, 0.37770000100135803, 0.4034000039100647, 0.35350000858306885, 0.3799999952316284, 0.28700000047683716, 0.40209999680519104, 0.3855000138282776, 0.3788999915122986, 0.36629998683929443, 0.3781999945640564, 0.38280001282691956, 0.35510000586509705, 0.3517000079154968, 0.35690000653266907, 0.29100000858306885, 0.3450999855995178, 0.3522999882698059, 0.3621000051498413, 0.384799987077713, 0.3231000006198883, 0.35530000925064087, 0.34209999442100525, 0.26339998841285706, 0.3635999858379364, 0.375, 0.3677999973297119, 0.3422999978065491, 0.3506999909877777, 0.38019999861717224, 0.3901999890804291, 0.36329999566078186, 0.28369998931884766]}