{"loss": [4.84568452835083, 2.3068037033081055, 2.3067069053649902, 2.306382894515991, 2.306506872177124, 2.3069307804107666, 2.3064990043640137, 2.306750535964966, 2.3066320419311523, 2.30678653717041, 2.3070058822631836, 2.3063130378723145, 2.3068010807037354, 2.3063013553619385, 2.3065693378448486, 2.3066322803497314, 2.306969165802002, 2.306649923324585, 2.306954860687256, 2.3062849044799805, 2.306612253189087, 2.3063507080078125, 2.306875705718994, 2.3067374229431152, 2.306771755218506, 2.3067338466644287, 2.3061721324920654, 2.306309223175049, 2.3066811561584473, 2.306556224822998, 2.3067736625671387, 2.3065972328186035, 2.306705951690674, 2.30622935295105, 2.306718111038208, 2.306631326675415, 2.3066346645355225, 2.3066868782043457, 2.3067517280578613, 2.3069279193878174, 2.3065202236175537, 2.306591510772705, 2.3067386150360107, 2.3067846298217773, 2.306642770767212, 2.3062191009521484, 2.306816816329956, 2.3066585063934326, 2.3065290451049805, 2.3071393966674805], "accuracy": [0.10134000331163406, 0.09933999925851822, 0.10108000040054321, 0.1014999970793724, 0.09960000216960907, 0.09743999689817429, 0.10081999748945236, 0.09752000123262405, 0.09837999939918518, 0.09852000325918198, 0.09641999751329422, 0.10000000149011612, 0.09821999818086624, 0.10113999992609024, 0.09956000000238419, 0.0979200005531311, 0.09668000042438507, 0.09935999661684036, 0.09696000069379807, 0.10143999755382538, 0.09883999824523926, 0.1012599989771843, 0.09920000284910202, 0.09895999729633331, 0.09976000338792801, 0.0993800014257431, 0.10264000296592712, 0.09985999763011932, 0.10041999816894531, 0.10057999938726425, 0.0995199978351593, 0.10010000318288803, 0.09775999933481216, 0.10000000149011612, 0.09948000311851501, 0.09824000298976898, 0.09907999634742737, 0.10041999816894531, 0.09848000109195709, 0.09997999668121338, 0.10127999633550644, 0.0987199991941452, 0.09923999756574631, 0.09960000216960907, 0.0987199991941452, 0.10113999992609024, 0.09765999764204025, 0.10063999891281128, 0.10143999755382538, 0.09470000118017197], "val_loss": [2.306096315383911, 2.30501127243042, 2.3049089908599854, 2.3049421310424805, 2.3086838722229004, 2.309908390045166, 2.3069872856140137, 2.307772159576416, 2.3089287281036377, 2.3072187900543213, 2.30570387840271, 2.3071351051330566, 2.307990789413452, 2.306159496307373, 2.304980754852295, 2.306464672088623, 2.3051083087921143, 2.3100645542144775, 2.3070602416992188, 2.3063511848449707, 2.3057401180267334, 2.3057467937469482, 2.3085312843322754, 2.30530047416687, 2.3048596382141113, 2.3073768615722656, 2.307112455368042, 2.3069300651550293, 2.3077034950256348, 2.305072546005249, 2.3047966957092285, 2.306216239929199, 2.3104939460754395, 2.308300256729126, 2.3059499263763428, 2.306225299835205, 2.3046164512634277, 2.304810047149658, 2.305316686630249, 2.305849313735962, 2.307741403579712, 2.310243844985962, 2.3064966201782227, 2.306549072265625, 2.308155059814453, 2.3051860332489014, 2.3082454204559326, 2.3060834407806396, 2.3055078983306885, 2.3075482845306396], "val_accuracy": [0.10000000149011612, 0.10000000149011612, 0.10000000149011612, 0.10000000149011612, 0.10000000149011612, 0.10000000149011612, 0.10000000149011612, 0.10000000149011612, 0.10000000149011612, 0.10000000149011612, 0.10000000149011612, 0.10000000149011612, 0.10000000149011612, 0.10000000149011612, 0.10000000149011612, 0.10000000149011612, 0.10000000149011612, 0.10000000149011612, 0.10000000149011612, 0.10000000149011612, 0.10000000149011612, 0.10000000149011612, 0.10000000149011612, 0.10000000149011612, 0.10000000149011612, 0.10000000149011612, 0.10000000149011612, 0.10000000149011612, 0.10000000149011612, 0.10000000149011612, 0.10000000149011612, 0.10000000149011612, 0.10000000149011612, 0.10000000149011612, 0.10000000149011612, 0.10000000149011612, 0.10000000149011612, 0.10000000149011612, 0.10000000149011612, 0.10000000149011612, 0.10000000149011612, 0.10000000149011612, 0.10000000149011612, 0.10000000149011612, 0.10000000149011612, 0.10000000149011612, 0.10000000149011612, 0.10000000149011612, 0.10000000149011612, 0.10000000149011612]}