{"loss": [8.061022758483887, 8.059045791625977, 8.059042930603027, 8.059039115905762, 8.059042930603027, 8.059038162231445, 8.05904483795166, 8.059042930603027, 8.059043884277344, 8.059039115905762, 8.059045791625977, 8.059036254882812, 8.05904483795166, 8.05904769897461, 8.059041023254395], "accuracy": [0.09984000027179718, 0.10000000149011612, 0.10000000149011612, 0.10000000149011612, 0.10000000149011612, 0.10000000149011612, 0.10000000149011612, 0.10000000149011612, 0.10000000149011612, 0.10000000149011612, 0.10000000149011612, 0.10000000149011612, 0.10000000149011612, 0.10000000149011612, 0.10000000149011612], "val_loss": [8.05904483795166, 8.05904483795166, 8.05904483795166, 8.05904483795166, 8.05904483795166, 8.05904483795166, 8.05904483795166, 8.05904483795166, 8.05904483795166, 8.05904483795166, 8.05904483795166, 8.05904483795166, 8.05904483795166, 8.05904483795166, 8.05904483795166], "val_accuracy": [0.10000000149011612, 0.10000000149011612, 0.10000000149011612, 0.10000000149011612, 0.10000000149011612, 0.10000000149011612, 0.10000000149011612, 0.10000000149011612, 0.10000000149011612, 0.10000000149011612, 0.10000000149011612, 0.10000000149011612, 0.10000000149011612, 0.10000000149011612, 0.10000000149011612]}