{"loss": [8.061271667480469, 8.059041023254395, 8.059036254882812, 8.059045791625977, 8.059037208557129, 8.059042930603027, 8.059046745300293, 8.059049606323242, 8.059038162231445, 8.059039115905762], "accuracy": [0.09995999932289124, 0.10000000149011612, 0.10000000149011612, 0.10000000149011612, 0.10000000149011612, 0.10000000149011612, 0.10000000149011612, 0.10000000149011612, 0.10000000149011612, 0.10000000149011612], "val_loss": [8.05904769897461, 8.05904769897461, 8.05904769897461, 8.05904769897461, 8.05904769897461, 8.05904769897461, 8.05904769897461, 8.05904769897461, 8.05904769897461, 8.05904769897461], "val_accuracy": [0.10000000149011612, 0.10000000149011612, 0.10000000149011612, 0.10000000149011612, 0.10000000149011612, 0.10000000149011612, 0.10000000149011612, 0.10000000149011612, 0.10000000149011612, 0.10000000149011612]}