{"loss": [1.772396445274353, 1.3358211517333984, 1.143282413482666, 1.006949543952942, 0.9128205180168152, 0.8334836959838867, 0.7688285112380981, 0.7130107283592224, 0.6643121242523193, 0.6200261116027832, 0.5805492997169495, 0.5519538521766663, 0.5255534052848816, 0.5100361108779907, 0.4872262179851532, 0.47610703110694885, 0.45749202370643616, 0.44877946376800537, 0.44371506571769714, 0.43073418736457825, 0.42952367663383484, 0.43793192505836487, 0.42868003249168396, 0.4186953604221344, 0.43263429403305054, 0.4198281168937683, 0.42083004117012024, 0.4192448556423187, 0.41067826747894287, 0.4225081205368042, 0.41892769932746887, 0.4289906919002533, 0.42811641097068787, 0.42851030826568604, 0.4269748032093048, 0.429525226354599, 0.43093183636665344, 0.43746504187583923, 0.4230928122997284, 0.4361116290092468, 0.4467689096927643, 0.4688156247138977, 0.4430661201477051, 0.447735071182251, 0.47198283672332764, 0.4548787474632263, 0.48818913102149963, 0.4358553886413574, 0.44281184673309326, 0.4781585931777954], "accuracy": [0.3524399995803833, 0.5211399793624878, 0.5950400233268738, 0.6413000226020813, 0.677299976348877, 0.7051399946212769, 0.7275199890136719, 0.7489200234413147, 0.7638400197029114, 0.7814800143241882, 0.7944200038909912, 0.803879976272583, 0.8141000270843506, 0.8194800019264221, 0.8284199833869934, 0.8335599899291992, 0.8392400145530701, 0.8434399962425232, 0.8457599878311157, 0.8517600297927856, 0.8522400259971619, 0.850820004940033, 0.8550199866294861, 0.8591200113296509, 0.8521199822425842, 0.8584200143814087, 0.8596600294113159, 0.8603399991989136, 0.864139974117279, 0.8614799976348877, 0.8652399778366089, 0.8599600195884705, 0.8616999983787537, 0.8640199899673462, 0.8629000186920166, 0.8629199862480164, 0.8640000224113464, 0.8605200052261353, 0.8665599822998047, 0.8634600043296814, 0.8597599864006042, 0.8552799820899963, 0.8621199727058411, 0.8612599968910217, 0.8543800115585327, 0.8601199984550476, 0.8514599800109863, 0.8670799732208252, 0.8668400049209595, 0.8575999736785889], "val_loss": [1.5332906246185303, 1.247089147567749, 1.440199375152588, 1.0476765632629395, 1.080177903175354, 1.0012933015823364, 1.5153887271881104, 0.9855822324752808, 1.0259172916412354, 1.1558341979980469, 1.1762354373931885, 1.2238799333572388, 1.257523536682129, 1.2262331247329712, 1.3022820949554443, 1.286745548248291, 1.4110996723175049, 1.412543773651123, 1.3655803203582764, 1.5447826385498047, 1.611642599105835, 1.6040939092636108, 1.5691518783569336, 1.5810976028442383, 1.7085750102996826, 1.6962640285491943, 1.822541356086731, 1.7429094314575195, 1.7915571928024292, 1.8109312057495117, 1.874569296836853, 1.8806926012039185, 1.9394757747650146, 2.2409093379974365, 1.8948426246643066, 2.1252262592315674, 1.833570122718811, 2.058790922164917, 2.037766695022583, 1.9952784776687622, 1.980724811553955, 1.9793517589569092, 1.9123311042785645, 2.1467058658599854, 2.019819974899292, 2.2542049884796143, 2.031705141067505, 2.2200546264648438, 2.165714740753174, 2.2972843647003174], "val_accuracy": [0.4251999855041504, 0.5559999942779541, 0.5177000164985657, 0.6348999738693237, 0.6301000118255615, 0.6542999744415283, 0.5649999976158142, 0.675000011920929, 0.6739000082015991, 0.652999997138977, 0.6608999967575073, 0.6581000089645386, 0.6536999940872192, 0.6614999771118164, 0.6588000059127808, 0.6639000177383423, 0.6518999934196472, 0.6570000052452087, 0.6574000120162964, 0.6359999775886536, 0.6324999928474426, 0.6376000046730042, 0.6341999769210815, 0.6456000208854675, 0.6359999775886536, 0.6430000066757202, 0.6380000114440918, 0.6380000114440918, 0.6093999743461609, 0.6297000050544739, 0.6377000212669373, 0.6312999725341797, 0.6324999928474426, 0.6065000295639038, 0.6276999711990356, 0.6011000275611877, 0.6353999972343445, 0.6258000135421753, 0.6299999952316284, 0.6227999925613403, 0.6327999830245972, 0.6172000169754028, 0.6209999918937683, 0.6074000000953674, 0.6266999840736389, 0.5889999866485596, 0.6324999928474426, 0.6279000043869019, 0.6388999819755554, 0.6044999957084656]}