{"loss": [2.299534320831299, 2.2878098487854004, 2.257406711578369, 2.150646209716797, 2.0169193744659424, 1.9560790061950684, 1.9028115272521973, 1.8489547967910767, 1.7995692491531372, 1.7552192211151123, 1.7155858278274536, 1.6791141033172607, 1.6440781354904175, 1.615180253982544, 1.584696888923645, 1.555245280265808, 1.5291391611099243, 1.5052616596221924, 1.4829515218734741, 1.4655367136001587, 1.4457526206970215, 1.4297597408294678, 1.4132386445999146, 1.39774489402771, 1.3815549612045288, 1.3672531843185425, 1.353712558746338, 1.3386244773864746, 1.3268407583236694, 1.3148505687713623, 1.30193293094635, 1.2905515432357788, 1.2819678783416748, 1.2695746421813965, 1.2617673873901367, 1.2503695487976074, 1.2418851852416992, 1.2310985326766968, 1.222574234008789, 1.2135919332504272, 1.2039973735809326, 1.1976079940795898, 1.1877461671829224, 1.179791808128357, 1.1719943284988403, 1.1638896465301514, 1.1547151803970337, 1.1487541198730469, 1.140101432800293, 1.1322301626205444], "accuracy": [0.12309999763965607, 0.1628199964761734, 0.19351999461650848, 0.2309200018644333, 0.2584399878978729, 0.28336000442504883, 0.3065600097179413, 0.3297800123691559, 0.3494400084018707, 0.36480000615119934, 0.3789199888706207, 0.39381998777389526, 0.4053199887275696, 0.4183200001716614, 0.4268200099468231, 0.4389599859714508, 0.4497799873352051, 0.4585599899291992, 0.46685999631881714, 0.4709799885749817, 0.48072001338005066, 0.4878000020980835, 0.494159996509552, 0.4997200071811676, 0.506879985332489, 0.5141599774360657, 0.520039975643158, 0.526639997959137, 0.529259979724884, 0.533079981803894, 0.5390400290489197, 0.5426599979400635, 0.5474200248718262, 0.5504800081253052, 0.5544000267982483, 0.5605000257492065, 0.5619999766349792, 0.5658000111579895, 0.5698000192642212, 0.5746600031852722, 0.5765600204467773, 0.5809199810028076, 0.5846400260925293, 0.5879799723625183, 0.5892800092697144, 0.5943599939346313, 0.5964000225067139, 0.5989199876785278, 0.6025599837303162, 0.60343998670578], "val_loss": [2.294522762298584, 2.27811861038208, 2.223726511001587, 2.064655303955078, 1.981695294380188, 1.9276562929153442, 1.8774685859680176, 1.8147798776626587, 1.7788218259811401, 1.7272546291351318, 1.7040045261383057, 1.6767878532409668, 1.6463935375213623, 1.681793212890625, 1.6079851388931274, 1.5506988763809204, 1.5518347024917603, 1.487282156944275, 1.5204888582229614, 1.5285775661468506, 1.4505850076675415, 1.430494785308838, 1.498729944229126, 1.41902494430542, 1.3808469772338867, 1.4078311920166016, 1.4290263652801514, 1.331445574760437, 1.34866464138031, 1.3394484519958496, 1.3204208612442017, 1.3224942684173584, 1.3288142681121826, 1.331510305404663, 1.300229549407959, 1.2927249670028687, 1.2546437978744507, 1.2653526067733765, 1.2284809350967407, 1.2388635873794556, 1.2198143005371094, 1.2587645053863525, 1.3132597208023071, 1.1946516036987305, 1.193421721458435, 1.1977941989898682, 1.2078748941421509, 1.2588505744934082, 1.1783896684646606, 1.22542405128479], "val_accuracy": [0.1476999968290329, 0.17800000309944153, 0.21770000457763672, 0.24639999866485596, 0.2680000066757202, 0.30090001225471497, 0.32199999690055847, 0.3508000075817108, 0.3603000044822693, 0.3797999918460846, 0.38119998574256897, 0.3959999978542328, 0.4066999852657318, 0.39239999651908875, 0.4203999936580658, 0.43810001015663147, 0.44670000672340393, 0.46639999747276306, 0.45969998836517334, 0.45509999990463257, 0.48019999265670776, 0.4893999993801117, 0.46209999918937683, 0.4934999942779541, 0.5063999891281128, 0.5044000148773193, 0.4936000108718872, 0.5260000228881836, 0.5210000276565552, 0.5277000069618225, 0.5299000144004822, 0.5192000269889832, 0.5288000106811523, 0.5223000049591064, 0.5404000282287598, 0.5476999878883362, 0.5562000274658203, 0.5569000244140625, 0.5622000098228455, 0.5645999908447266, 0.5667999982833862, 0.5532000064849854, 0.5299999713897705, 0.5782999992370605, 0.5809999704360962, 0.5809999704360962, 0.5737000107765198, 0.5565000176429749, 0.5806999802589417, 0.5634999871253967]}