{"loss": [1.8552134037017822, 1.4166688919067383, 1.2337868213653564, 1.1056054830551147, 1.0097280740737915, 0.9336534142494202, 0.8630122542381287, 0.8019431233406067, 0.7505126595497131, 0.7029864192008972, 0.6552044153213501, 0.6125577092170715, 0.571186363697052, 0.5340525507926941, 0.494411438703537, 0.46048828959465027, 0.427481472492218, 0.3938194811344147, 0.36328840255737305, 0.33785733580589294, 0.307844340801239, 0.2913177013397217, 0.2709719240665436, 0.24822594225406647, 0.23367413878440857, 0.22402183711528778, 0.20849338173866272, 0.20086707174777985, 0.19434818625450134, 0.17979800701141357, 0.17153039574623108, 0.16673384606838226, 0.16319486498832703, 0.14149820804595947, 0.14425097405910492, 0.13908810913562775, 0.14547233283519745, 0.13968615233898163, 0.14296849071979523, 0.1465754210948944, 0.13001781702041626, 0.11714334040880203, 0.12063559889793396, 0.12079637497663498, 0.11983171850442886, 0.10596824437379837, 0.11722952127456665, 0.11509738117456436, 0.11712536960840225, 0.11093305796384811, 0.08808271586894989, 0.08050280809402466, 0.07512950152158737, 0.09430674463510513, 0.1056889221072197, 0.10922069102525711, 0.09249861538410187, 0.09049853682518005, 0.10050129145383835, 0.10559871047735214, 0.09036277234554291, 0.09185845404863358, 0.08125662058591843, 0.08945629000663757, 0.07817381620407104, 0.09452909231185913, 0.0886109247803688, 0.08604228496551514, 0.09146392345428467, 0.08250853419303894, 0.07967358082532883, 0.05687369778752327, 0.07697857171297073, 0.08139339089393616, 0.09755852818489075, 0.09869031608104706, 0.07548794150352478, 0.10381227731704712, 0.10960613191127777, 0.0818367749452591, 0.07952150702476501, 0.09480609744787216, 0.08592697232961655, 0.06815367192029953, 0.09388263523578644, 0.08056331425905228, 0.08230028301477432, 0.07901772856712341, 0.0742463693022728, 0.09560783952474594, 0.0843113586306572, 0.06437085568904877, 0.07280781120061874, 0.0682264119386673, 0.06942681968212128, 0.09820478409528732, 0.10401902347803116, 0.10144297778606415, 0.08004830777645111, 0.10160060226917267], "accuracy": [0.3229199945926666, 0.493120014667511, 0.5631399750709534, 0.6095200181007385, 0.6455399990081787, 0.6718800067901611, 0.698199987411499, 0.7181000113487244, 0.7402200102806091, 0.7526800036430359, 0.7714599967002869, 0.785040020942688, 0.800000011920929, 0.8111000061035156, 0.8260599970817566, 0.8364800214767456, 0.8474400043487549, 0.8611000180244446, 0.8710200190544128, 0.8792399764060974, 0.8914600014686584, 0.8952599763870239, 0.9021000266075134, 0.9100199937820435, 0.9168800115585327, 0.9200999736785889, 0.9261000156402588, 0.9290400147438049, 0.9300400018692017, 0.9355199933052063, 0.9382200241088867, 0.9408800005912781, 0.942080020904541, 0.9501399993896484, 0.9492599964141846, 0.9498999714851379, 0.9491000175476074, 0.9507799744606018, 0.950439989566803, 0.9503399729728699, 0.9552000164985657, 0.9588000178337097, 0.9587200284004211, 0.9582399725914001, 0.9592000246047974, 0.962660014629364, 0.961359977722168, 0.9611999988555908, 0.9607599973678589, 0.9626799821853638, 0.9705399870872498, 0.9730200171470642, 0.9740599989891052, 0.969539999961853, 0.9654200077056885, 0.9637600183486938, 0.9684000015258789, 0.9701200127601624, 0.9677000045776367, 0.9658200144767761, 0.9696999788284302, 0.9701399803161621, 0.9735400080680847, 0.9708200097084045, 0.9742000102996826, 0.969760000705719, 0.9709799885749817, 0.9729800224304199, 0.9713799953460693, 0.9735999703407288, 0.9744799733161926, 0.9817799925804138, 0.9758999943733215, 0.9743199944496155, 0.9694399833679199, 0.9698799848556519, 0.9757999777793884, 0.9681400060653687, 0.9675599932670593, 0.9739599823951721, 0.9757599830627441, 0.9710999727249146, 0.9728800058364868, 0.9782199859619141, 0.972599983215332, 0.975059986114502, 0.9742400050163269, 0.9763399958610535, 0.9776600003242493, 0.9716799855232239, 0.9751999974250793, 0.979640007019043, 0.9781200289726257, 0.9791799783706665, 0.9796599745750427, 0.9721800088882446, 0.9699199795722961, 0.9697399735450745, 0.9757000207901001, 0.9704999923706055], "val_loss": [1.5334144830703735, 1.3460966348648071, 1.1546483039855957, 1.1269408464431763, 1.1988433599472046, 0.9754830002784729, 0.9523786902427673, 0.9415692090988159, 0.8992802500724792, 0.9272245168685913, 0.927081823348999, 1.0190916061401367, 0.9218471646308899, 0.9550054669380188, 0.9782562255859375, 1.0233330726623535, 1.038572072982788, 1.0509446859359741, 1.2107901573181152, 1.2137237787246704, 1.270696759223938, 1.398586392402649, 1.431427001953125, 1.473783254623413, 1.4724470376968384, 1.8372304439544678, 1.6058266162872314, 1.6956826448440552, 1.7099217176437378, 1.8351078033447266, 1.834030270576477, 1.9049984216690063, 1.8901351690292358, 2.098936080932617, 2.0458154678344727, 2.142521619796753, 2.2563648223876953, 2.2853684425354004, 2.3502509593963623, 2.3092377185821533, 2.3235387802124023, 2.5580456256866455, 2.3700239658355713, 2.522062063217163, 2.4931507110595703, 2.46799373626709, 2.6545610427856445, 2.577322006225586, 2.655626058578491, 2.7994518280029297, 2.73885178565979, 2.844453811645508, 2.8316943645477295, 3.2437543869018555, 3.0239861011505127, 2.8150434494018555, 3.1485111713409424, 3.0328800678253174, 3.1248042583465576, 2.960221290588379, 3.0121288299560547, 2.9513566493988037, 3.270979642868042, 3.085637092590332, 3.2336344718933105, 3.1765551567077637, 3.2858784198760986, 3.2994272708892822, 3.359586000442505, 3.6110661029815674, 3.3043251037597656, 3.2982804775238037, 3.3359155654907227, 3.469998836517334, 3.388422727584839, 3.3387234210968018, 4.032095432281494, 3.5252432823181152, 3.3455610275268555, 3.530017852783203, 3.874990224838257, 3.6258766651153564, 3.374001979827881, 4.244753360748291, 3.5568788051605225, 3.7041738033294678, 3.6528098583221436, 3.6835238933563232, 3.697550058364868, 3.6559770107269287, 3.7865941524505615, 3.878380060195923, 3.8401241302490234, 4.044981479644775, 4.238677501678467, 4.079124450683594, 4.00571346282959, 3.875624179840088, 4.158461570739746, 3.9119975566864014],