{"loss": [1.7446421384811401, 1.304947018623352, 1.140397548675537, 1.0213547945022583, 0.9347055554389954, 0.8594315052032471, 0.7914015650749207, 0.7405418753623962, 0.6954741477966309, 0.6488898992538452, 0.6160724759101868, 0.580838143825531, 0.5503230094909668, 0.5317867994308472, 0.5124514102935791, 0.49512234330177307, 0.4832269549369812, 0.4767043888568878, 0.46509477496147156, 0.4524329602718353, 0.4393107295036316, 0.4449448883533478, 0.4363749921321869, 0.44018104672431946, 0.42985180020332336, 0.4327983558177948, 0.4360067844390869, 0.422920823097229, 0.43458425998687744, 0.4315544068813324, 0.4293588697910309, 0.42380496859550476, 0.4488477408885956, 0.4359208345413208, 0.4433290362358093, 0.4427124261856079, 0.4400796890258789, 0.45684385299682617, 0.47039473056793213, 0.4625537097454071, 0.4579225778579712, 0.4636196494102478, 0.4592289328575134, 0.4765070676803589, 0.4700271785259247, 0.4820113778114319, 0.4797707796096802, 0.4893741309642792, 0.4959529936313629, 0.48757198452949524, 0.5031605362892151, 0.4763333201408386, 0.4864601492881775, 0.50319904088974, 0.49785614013671875, 0.502877950668335, 0.49473750591278076, 0.49423977732658386, 0.5079561471939087, 0.5091923475265503, 0.5214539766311646, 0.5007649064064026, 0.5055551528930664, 0.5262270569801331, 0.5052574872970581, 0.5116134881973267, 0.5275412201881409, 0.5163015127182007, 0.542678713798523, 0.5415160655975342, 0.532494306564331, 0.5449450612068176, 0.5380485653877258, 0.5630152225494385, 0.562637209892273, 0.5343140363693237, 0.5195348858833313, 0.5436039566993713, 0.5505605936050415, 0.5284764170646667, 0.5398979783058167, 0.5708796381950378, 0.5659031867980957, 0.5856146216392517, 0.5693826079368591, 0.5947303771972656, 0.568817675113678, 0.5660723447799683, 0.5565207004547119, 0.618648111820221, 0.5916630625724792, 0.5760110020637512, 0.574364423751831, 0.5889483690261841, 0.5771519541740417, 0.6064361333847046, 0.6371621489524841, 0.5919573903083801, 0.6134766936302185, 0.5937001705169678], "accuracy": [0.36687999963760376, 0.5340200066566467, 0.5931800007820129, 0.6413000226020813, 0.6690599918365479, 0.6964200139045715, 0.7194799780845642, 0.7376199960708618, 0.7539399862289429, 0.7694799900054932, 0.7799800038337708, 0.7939000129699707, 0.8065800070762634, 0.8111400008201599, 0.8181800246238708, 0.8265600204467773, 0.8298400044441223, 0.8340200185775757, 0.8372399806976318, 0.841920018196106, 0.8479800224304199, 0.8438799977302551, 0.8511599898338318, 0.8489000201225281, 0.8541799783706665, 0.8539400100708008, 0.8530200123786926, 0.8579000234603882, 0.8559399843215942, 0.8550400137901306, 0.8572199940681458, 0.86080002784729, 0.8533200025558472, 0.8561999797821045, 0.8561999797821045, 0.8568999767303467, 0.8586599826812744, 0.853600025177002, 0.8506199717521667, 0.85343998670578, 0.8562800288200378, 0.853600025177002, 0.8539400100708008, 0.8520799875259399, 0.8537999987602234, 0.8507800102233887, 0.8485000133514404, 0.8493800163269043, 0.8487399816513062, 0.8502399921417236, 0.847540020942688, 0.8538399934768677, 0.8534600138664246, 0.8469600081443787, 0.8490200042724609, 0.8473600149154663, 0.8512200117111206, 0.8512399792671204, 0.8493599891662598, 0.846340000629425, 0.8466399908065796, 0.851140022277832, 0.8502799868583679, 0.8455600142478943, 0.8513799905776978, 0.8489800095558167, 0.8471599817276001, 0.8500000238418579, 0.8429399728775024, 0.8446599841117859, 0.8443400263786316, 0.8418800234794617, 0.8460999727249146, 0.8389599919319153, 0.8413800001144409, 0.8465399742126465, 0.8506199717521667, 0.8451200127601624, 0.8434600234031677, 0.8483200073242188, 0.8467199802398682, 0.8392199873924255, 0.8404600024223328, 0.8368600010871887, 0.8372600078582764, 0.8345000147819519, 0.8416799902915955, 0.8409600257873535, 0.8454399704933167, 0.8306599855422974, 0.8373000025749207, 0.8401600122451782, 0.840499997138977, 0.8388800024986267, 0.8395599722862244, 0.8356800079345703, 0.8274800181388855, 0.8366199731826782, 0.8326399922370911, 0.8376399874687195], "val_loss": [1.4694594144821167, 1.219168782234192, 1.0963008403778076, 1.134480357170105, 1.0330798625946045, 1.007699728012085, 1.0836215019226074, 1.0616406202316284, 1.093002438545227, 1.0580065250396729, 1.4902149438858032, 1.2591999769210815, 1.1769874095916748, 1.1953020095825195, 1.198762059211731, 1.3122005462646484, 1.4515008926391602, 1.361859917640686, 1.3801217079162598, 1.4731054306030273, 1.6828558444976807, 1.6314343214035034, 1.5740671157836914, 1.4657268524169922, 1.7723140716552734, 1.7312068939208984, 1.6272400617599487, 1.8417984247207642, 1.684740424156189, 1.8851814270019531, 1.8501759767532349, 1.8688130378723145, 1.7820603847503662, 1.870667815208435, 1.768559217453003, 1.9180353879928589, 1.8691388368606567, 2.1444294452667236, 1.940747857093811, 1.9719657897949219, 1.8841396570205688, 2.0200767517089844, 2.103264570236206, 2.2382264137268066, 2.3160126209259033, 2.041865348815918, 1.9364861249923706, 2.043773651123047, 2.032355546951294, 2.1446192264556885, 2.22217059135437, 1.9991929531097412, 2.198798656463623, 2.0431058406829834, 2.0513219833374023, 2.162122964859009, 2.1555864810943604, 2.0999021530151367, 2.2490479946136475, 2.3182241916656494, 2.151869773864746, 2.209717035293579, 2.183004379272461, 2.3232316970825195, 2.1295156478881836, 2.3523545265197754, 2.404223918914795, 2.496535539627075, 2.3455753326416016, 2.3328022956848145, 2.4330456256866455, 2.4590799808502197, 2.492887020111084, 2.235719919204712, 2.1005992889404297, 2.3157906532287598, 2.610234260559082, 2.3796327114105225, 2.2193944454193115, 2.2880210876464844, 2.4929466247558594, 2.50345778465271, 2.4336624145507812, 2.2521274089813232, 2.636556625366211, 2.4453928470611572, 2.43204927444458, 2.3644495010375977, 2.259685754776001, 2.628325939178467, 2.546380043029785, 2.4602527618408203, 2.3442416191101074, 2.7524619102478027, 2.5682294368743896, 2.474243640899658, 2.458003044128418, 2.6445677280426025, 2.546264886856079, 2.6054928302764893], "val_accuracy": [0.4699999988079071, 0.5663999915122986, 0.6086000204086304, 0.597599983215332, 0.6503000259399414, 0.6520000100135803, 0.6398000121116638, 0.6491000056266785, 0.6499999761581421, 0.6606000065803528, 0.5896999835968018, 0.6334999799728394, 0.6568999886512756, 0.6647999882698059, 0.6671000123023987, 0.6396999955177307, 0.6362000107765198, 0.6434000134468079, 0.6546000242233276, 0.6383000016212463, 0.6306999921798706, 0.626800000667572, 0.6355000138282776, 0.6525999903678894, 0.6169999837875366, 0.6588000059127808, 0.6416000127792358, 0.5843999981880188, 0.6351000070571899, 0.6118999719619751, 0.635200023651123, 0.6272000074386597, 0.6378999948501587, 0.633899986743927, 0.644599974155426, 0.6355999708175659, 0.6269999742507935, 0.5953999757766724, 0.6316999793052673, 0.6330000162124634, 0.6179999709129333, 0.6022999882698059, 0.6226999759674072, 0.5983999967575073, 0.5979999899864197, 0.6262000203132629, 0.6348999738693237, 0.608299970626831, 0.619700014591217, 0.6123999953269958, 0.5734000205993652, 0.6342999935150146, 0.6187000274658203, 0.6180999875068665, 0.6470000147819519, 0.6158999800682068, 0.6100999712944031, 0.6254000067710876, 0.6166999936103821, 0.6043999791145325, 0.5587000250816345, 0.6244999766349792, 0.6177999973297119, 0.600600004196167, 0.5968000292778015, 0.60589998960495, 0.5938000082969666, 0.6050999760627747, 0.6215000152587891, 0.5911999940872192, 0.6191999912261963, 0.6017000079154968, 0.5781999826431274, 0.6161999702453613, 0.6147000193595886, 0.6100000143051147, 0.6061999797821045, 0.6126999855041504, 0.6159999966621399, 0.6184999942779541, 0.6008999943733215, 0.6086999773979187, 0.6004999876022339, 0.611299991607666, 0.5781000256538391, 0.6256999969482422, 0.5978000164031982, 0.6100999712944031, 0.5942999720573425, 0.6032000184059143, 0.5899999737739563, 0.6193000078201294, 0.6233000159263611, 0.5706999897956848, 0.5891000032424927, 0.6050000190734863, 0.6172000169754028, 0.59579998254776, 0.6014000177383423, 0.5781999826431274]}