{"loss": [2.264404773712158, 2.0144028663635254, 1.8291401863098145, 1.6814793348312378, 1.5754808187484741, 1.5083961486816406, 1.4612864255905151, 1.4221984148025513, 1.384897232055664, 1.3505653142929077, 1.3176735639572144, 1.2856122255325317, 1.256083607673645, 1.2277753353118896, 1.1996415853500366, 1.1748626232147217, 1.149254322052002, 1.1257504224777222, 1.1023367643356323, 1.0837790966033936, 1.0625587701797485, 1.0432562828063965, 1.026268720626831, 1.0084590911865234, 0.9910458326339722, 0.9747750163078308, 0.9602580666542053, 0.9443636536598206, 0.9330378770828247, 0.9170668125152588, 0.9027852416038513, 0.8887511491775513, 0.8750183582305908, 0.8619468212127686, 0.8488737344741821, 0.8376877307891846, 0.8262186646461487, 0.8148293495178223, 0.8019194602966309, 0.790358304977417, 0.7812324166297913, 0.7683625221252441, 0.760738730430603, 0.7478106021881104, 0.7397391200065613, 0.7301086783409119, 0.7193597555160522, 0.7109066247940063, 0.6996685862541199, 0.692444920539856, 0.683071494102478, 0.6743569374084473, 0.6647936105728149, 0.6578919291496277, 0.6465984582901001, 0.6401421427726746, 0.6320309638977051, 0.6231390833854675, 0.6153246164321899, 0.6060012578964233, 0.5968539118766785, 0.5916650295257568, 0.5818637013435364, 0.5750026106834412, 0.5685041546821594, 0.5593291521072388, 0.5515450239181519, 0.5443282723426819, 0.5364862680435181, 0.5276773571968079, 0.5224030613899231, 0.5140008926391602, 0.5073090195655823, 0.49958887696266174, 0.4922215938568115, 0.4836236238479614, 0.47709518671035767, 0.47091028094291687, 0.46285533905029297, 0.45464473962783813, 0.44797563552856445, 0.441295325756073, 0.4352819621562958, 0.42532140016555786, 0.42151743173599243, 0.41305088996887207, 0.4065379798412323, 0.3984681963920593, 0.3907057046890259, 0.3862937092781067, 0.3788745701313019, 0.37145382165908813, 0.36507511138916016, 0.3583104610443115, 0.3519023358821869, 0.345397025346756, 0.3371756672859192, 0.33332738280296326, 0.3259376287460327, 0.3176528215408325], "accuracy": [0.17057999968528748, 0.26517999172210693, 0.3418799936771393, 0.3934600055217743, 0.42706000804901123, 0.4571000039577484, 0.4736599922180176, 0.4885199964046478, 0.5042399764060974, 0.5172600150108337, 0.530780017375946, 0.544920027256012, 0.5565999746322632, 0.5682600140571594, 0.5781199932098389, 0.5892599821090698, 0.5982999801635742, 0.6078000068664551, 0.6158000230789185, 0.6228399872779846, 0.6286200284957886, 0.6368799805641174, 0.6422399878501892, 0.6490799784660339, 0.6568999886512756, 0.6606799960136414, 0.6641799807548523, 0.6705399751663208, 0.6739599704742432, 0.6812199950218201, 0.6863600015640259, 0.6895999908447266, 0.6950399875640869, 0.7006400227546692, 0.7058600187301636, 0.7092000246047974, 0.7157999873161316, 0.7184799909591675, 0.7224400043487549, 0.7271999716758728, 0.7303599715232849, 0.734499990940094, 0.7372199892997742, 0.7416599988937378, 0.7448199987411499, 0.7480999827384949, 0.7506600022315979, 0.7545999884605408, 0.7597000002861023, 0.7613400220870972, 0.7641800045967102, 0.7654799818992615, 0.7702800035476685, 0.7721800208091736, 0.7778400182723999, 0.7801399827003479, 0.7827399969100952, 0.7839999794960022, 0.7891200184822083, 0.791159987449646, 0.7935199737548828, 0.796500027179718, 0.7997599840164185, 0.801639974117279, 0.8046000003814697, 0.8078600168228149, 0.8107600212097168, 0.8132799863815308, 0.81632000207901, 0.8173999786376953, 0.8212400078773499, 0.8217599987983704, 0.8257399797439575, 0.8272600173950195, 0.8304399847984314, 0.8353000283241272, 0.8360400199890137, 0.8380200266838074, 0.8409000039100647, 0.8427600264549255, 0.84579998254776, 0.8486199975013733, 0.8501600027084351, 0.8548200130462646, 0.8545399904251099, 0.8586999773979187, 0.8601400256156921, 0.8644800186157227, 0.8675199747085571, 0.8676000237464905, 0.8700000047683716, 0.8740400075912476, 0.8752999901771545, 0.8785600066184998, 0.8799399733543396, 0.8822399973869324, 0.8845800161361694, 0.8879600167274475, 0.8895599842071533, 0.891319990158081], "val_loss": [2.1516926288604736, 1.921034812927246, 1.7249490022659302, 1.6991970539093018, 2.1628811359405518, 1.5479782819747925, 1.502701759338379, 1.432982087135315, 1.4111438989639282, 1.3622334003448486, 1.3426483869552612, 1.3531352281570435, 1.253057599067688, 1.496230959892273, 1.2819433212280273, 1.1930208206176758, 1.2178122997283936, 1.1391866207122803, 1.134093999862671, 1.1079654693603516, 1.1310335397720337, 1.1308248043060303, 1.0520190000534058, 1.045334815979004, 1.0271319150924683, 1.0300108194351196, 1.0361391305923462, 1.022095799446106, 0.9978312253952026, 1.0032322406768799, 0.975885272026062, 0.9853879809379578, 0.9756820201873779, 0.9611991047859192, 1.0340415239334106, 0.9293333292007446, 0.9589114189147949, 0.917849600315094, 0.9649606347084045, 0.9659959673881531, 0.9879283905029297, 0.9174817204475403, 0.9136014580726624, 0.9810457229614258, 0.8965784907341003, 0.9173736572265625, 0.9230770468711853, 0.9357852339744568, 0.9094406366348267, 0.8867769241333008, 0.9191778302192688, 0.89841628074646, 0.895011305809021, 0.9056436419487, 0.9472789168357849, 0.9067390561103821, 0.9255909323692322, 0.9121111035346985, 0.9035089015960693, 0.9371218681335449, 0.8947343826293945, 0.8974953293800354, 0.899734377861023, 0.9184070229530334, 0.9025421142578125, 0.8930555582046509, 0.9431068301200867, 0.9144400358200073, 0.9244839549064636, 0.9816585779190063, 0.933000385761261, 0.9981443285942078, 0.9508196115493774, 0.9445256590843201, 0.9302623867988586, 0.9683623909950256, 0.9585465788841248, 0.9618816375732422, 1.0034509897232056, 0.9558444619178772, 0.9750765562057495, 0.9860082864761353, 0.9802851676940918, 1.0174494981765747, 1.0165072679519653, 1.0310550928115845, 1.0825248956680298, 1.0473436117172241, 1.1007068157196045, 1.0444700717926025, 1.0541276931762695, 1.140908122062683, 1.0428141355514526, 1.1623682975769043, 1.072425365447998, 1.1054209470748901, 1.124369740486145, 1.1393496990203857, 1.121688723564148, 1.1699955463409424],