{"loss": [2.0873775482177734, 1.725529432296753, 1.511929988861084, 1.3863307237625122, 1.2968251705169678, 1.225446343421936, 1.1633211374282837, 1.1077696084976196, 1.0564979314804077, 1.0081132650375366, 0.9688076376914978, 0.9299549460411072, 0.8934832811355591, 0.8598132729530334, 0.8293647170066833, 0.8005895018577576, 0.7711595296859741, 0.7469177842140198, 0.7193287014961243, 0.6971390843391418, 0.6733264923095703, 0.6512272953987122, 0.6273553967475891, 0.605851411819458, 0.5861542820930481, 0.5639676451683044, 0.545883297920227, 0.52655029296875, 0.5068935751914978, 0.48749852180480957, 0.4673592448234558, 0.4503568708896637, 0.43209484219551086, 0.4149702787399292, 0.39722007513046265, 0.3788334131240845, 0.362506628036499, 0.3469330966472626, 0.3284037113189697, 0.3118414282798767, 0.29666006565093994, 0.2798445224761963, 0.26223552227020264, 0.2513062357902527, 0.23567670583724976, 0.2228783667087555, 0.20871125161647797, 0.1938287913799286, 0.18371649086475372, 0.17106901109218597], "accuracy": [0.2368600070476532, 0.3799799978733063, 0.45684000849723816, 0.5041199922561646, 0.5384200215339661, 0.5679600238800049, 0.5892599821090698, 0.6104400157928467, 0.6263200044631958, 0.6467800140380859, 0.660539984703064, 0.6732800006866455, 0.6875399947166443, 0.6995000243186951, 0.7112399935722351, 0.7208999991416931, 0.7313600182533264, 0.7397599816322327, 0.7491999864578247, 0.7538599967956543, 0.7637199759483337, 0.7744200229644775, 0.781059980392456, 0.7876799702644348, 0.7968599796295166, 0.8031200170516968, 0.8083199858665466, 0.8154600262641907, 0.8226600289344788, 0.8297600150108337, 0.8360400199890137, 0.8421400189399719, 0.847599983215332, 0.854640007019043, 0.861739993095398, 0.8693400025367737, 0.8742200136184692, 0.8782399892807007, 0.8853600025177002, 0.8913400173187256, 0.8954799771308899, 0.9017000198364258, 0.9078400135040283, 0.9112200140953064, 0.9172599911689758, 0.9215800166130066, 0.9261000156402588, 0.9321200251579285, 0.9365000128746033, 0.940779983997345], "val_loss": [1.9866998195648193, 1.583450436592102, 1.6130748987197876, 1.323482632637024, 1.2468503713607788, 1.4231396913528442, 1.1852327585220337, 1.1455600261688232, 1.156098484992981, 1.0536452531814575, 1.0333091020584106, 1.0204418897628784, 1.0051369667053223, 1.1559269428253174, 1.002922773361206, 0.9383198022842407, 0.9439868927001953, 0.9764270782470703, 0.9639002680778503, 0.9360706806182861, 0.9383438229560852, 1.0429095029830933, 0.9156938195228577, 0.9669816493988037, 0.9642685651779175, 0.9349385499954224, 1.0206576585769653, 0.9676430821418762, 1.0157114267349243, 1.0328986644744873, 1.0064152479171753, 0.9941087961196899, 1.0920065641403198, 1.0668879747390747, 1.107040286064148, 1.0976089239120483, 1.1185302734375, 1.129662036895752, 1.1566020250320435, 1.2623262405395508, 1.2437498569488525, 1.2623692750930786, 1.5840094089508057, 1.3631060123443604, 1.472855806350708, 1.4118345975875854, 1.440858244895935, 1.5140420198440552, 1.511457920074463, 1.6038349866867065], "val_accuracy": [0.30809998512268066, 0.43299999833106995, 0.42170000076293945, 0.5217999815940857, 0.5498999953269958, 0.5027999877929688, 0.5752000212669373, 0.5899999737739563, 0.597599983215332, 0.6255000233650208, 0.6297000050544739, 0.6360999941825867, 0.6467999815940857, 0.6085000038146973, 0.6488000154495239, 0.6744999885559082, 0.6692000031471252, 0.6629999876022339, 0.669700026512146, 0.6819999814033508, 0.6793000102043152, 0.660099983215332, 0.6926000118255615, 0.6776000261306763, 0.6791999936103821, 0.694100022315979, 0.6729000210762024, 0.6858000159263611, 0.6747000217437744, 0.6833000183105469, 0.6883999705314636, 0.6930999755859375, 0.6793000102043152, 0.6848999857902527, 0.6815000176429749, 0.6866999864578247, 0.6922000050544739, 0.689300000667572, 0.6894000172615051, 0.6766999959945679, 0.6747000217437744, 0.6829000115394592, 0.6406999826431274, 0.6801999807357788, 0.656499981880188, 0.6732000112533569, 0.6825000047683716, 0.6787999868392944, 0.6802999973297119, 0.6754999756813049]}