{"loss": [1.8402988910675049, 1.494744896888733, 1.3910303115844727, 1.3160407543182373, 1.255095362663269, 1.204135775566101, 1.1586629152297974, 1.118388056755066, 1.082180142402649, 1.0501220226287842, 1.0211896896362305, 0.9956361055374146, 0.9713950157165527, 0.9493027329444885, 0.9284135103225708, 0.9078367948532104, 0.8884318470954895, 0.8713208436965942, 0.85601806640625, 0.8369255661964417, 0.8220677375793457, 0.8059738278388977, 0.7928661704063416, 0.7778602242469788, 0.7641193866729736, 0.7511141896247864, 0.7386403679847717, 0.7267888784408569, 0.7128710150718689, 0.7032293081283569, 0.691776692867279, 0.6803000569343567, 0.669336199760437, 0.6580635905265808, 0.6480414271354675, 0.6370353698730469, 0.6291133761405945, 0.62000572681427, 0.6098443269729614, 0.5995667576789856, 0.5916633009910583, 0.582827091217041, 0.5736486315727234, 0.5653272867202759, 0.556712806224823, 0.5459385514259338, 0.5378462672233582, 0.5303707718849182, 0.5208945870399475, 0.514431357383728, 0.5049941539764404, 0.4977758526802063, 0.4888581335544586, 0.48152977228164673, 0.47396963834762573, 0.46630963683128357, 0.4591900706291199, 0.4525816738605499, 0.4436507523059845, 0.43717527389526367, 0.42946508526802063, 0.42315948009490967, 0.415372759103775, 0.4077233076095581, 0.401244580745697, 0.3935716450214386, 0.3875279426574707, 0.38106250762939453, 0.37429219484329224, 0.36720022559165955, 0.36038678884506226, 0.3546024262905121, 0.34773486852645874, 0.3407130837440491, 0.33521920442581177, 0.32922452688217163, 0.32230547070503235, 0.3158307671546936, 0.3086834251880646, 0.3036366105079651, 0.29791733622550964, 0.2926923632621765, 0.2857949733734131, 0.28032931685447693, 0.2755095660686493, 0.268787145614624, 0.2626481354236603, 0.2566995322704315, 0.251278281211853, 0.24564331769943237, 0.24087242782115936, 0.23502704501152039, 0.22905659675598145, 0.2245422601699829, 0.2186286300420761, 0.21388402581214905, 0.2091841846704483, 0.20409144461154938, 0.19886305928230286, 0.1940089911222458], "accuracy": [0.3274199962615967, 0.4627400040626526, 0.5030400156974792, 0.5351399779319763, 0.557420015335083, 0.5759999752044678, 0.5949400067329407, 0.6083199977874756, 0.6230400204658508, 0.6355199813842773, 0.6461799740791321, 0.6547399759292603, 0.6645600199699402, 0.671459972858429, 0.6787999868392944, 0.6851599812507629, 0.6928399801254272, 0.6997600197792053, 0.7033600211143494, 0.7125399708747864, 0.7161999940872192, 0.7229999899864197, 0.7246800065040588, 0.7331200242042542, 0.7379400134086609, 0.7424600124359131, 0.7465000152587891, 0.7484599947929382, 0.7544400095939636, 0.7592800259590149, 0.7624199986457825, 0.7663599848747253, 0.7701600193977356, 0.7754600048065186, 0.7777000069618225, 0.7817400097846985, 0.7844600081443787, 0.7891600131988525, 0.7912399768829346, 0.7943800091743469, 0.7978399991989136, 0.8003600239753723, 0.8027999997138977, 0.8080000281333923, 0.8101199865341187, 0.814079999923706, 0.8156599998474121, 0.8187199831008911, 0.8214799761772156, 0.8254799842834473, 0.8271600008010864, 0.8309800028800964, 0.8346800208091736, 0.8375200033187866, 0.839460015296936, 0.841480016708374, 0.8450999855995178, 0.847540020942688, 0.8498200178146362, 0.8523600101470947, 0.855400025844574, 0.8568199872970581, 0.8600800037384033, 0.8622199892997742, 0.8649399876594543, 0.8675600290298462, 0.8711400032043457, 0.8729199767112732, 0.874459981918335, 0.8774799704551697, 0.8808000087738037, 0.8819199800491333, 0.8835600018501282, 0.887719988822937, 0.8883000016212463, 0.8920800089836121, 0.8942599892616272, 0.896340012550354, 0.8988800048828125, 0.9021599888801575, 0.9011800289154053, 0.9053599834442139, 0.906499981880188, 0.9088000059127808, 0.9099199771881104, 0.9129800200462341, 0.914900004863739, 0.9172599911689758, 0.9185400009155273, 0.920960009098053, 0.9223600029945374, 0.9244599938392639, 0.9275599718093872, 0.9298800230026245, 0.9312199950218201, 0.9328399896621704, 0.9342799782752991, 0.9366000294685364, 0.9373599886894226, 0.9404799938201904], "val_loss": [1.5837318897247314, 1.4275301694869995, 1.3793659210205078, 1.311416745185852, 1.2228317260742188, 1.245883584022522, 1.1516586542129517, 1.1503008604049683, 1.112825870513916, 1.0834598541259766, 1.0904953479766846, 1.0432199239730835, 1.1932837963104248, 1.0089161396026611, 0.979897141456604, 1.0270425081253052, 0.9407910108566284, 0.9258432388305664, 0.9451608657836914, 0.9123877882957458, 0.9155478477478027, 0.9212468862533569, 0.897739052772522, 0.9435235261917114, 0.894335150718689, 0.8964594006538391, 0.8939911127090454, 0.9146515727043152, 0.8716356158256531, 0.9352170825004578, 0.8734943270683289, 0.9166265726089478, 0.8344816565513611, 0.9001734256744385, 0.8859888911247253, 0.8496004939079285, 0.9131336808204651, 0.8416032195091248, 0.8460403084754944, 0.848666787147522, 0.8499070405960083, 0.8480576872825623, 0.8785727620124817, 0.8861597776412964, 0.8423729538917542, 0.8764811754226685, 0.8689638376235962, 0.8561156988143921, 0.9163201451301575, 0.9397523403167725, 0.878720223903656, 0.8651653528213501, 0.9233478307723999, 0.9262837767601013, 0.8932124972343445, 0.9623157382011414, 0.8803498148918152, 0.8877789974212646, 0.9407976269721985, 0.9431098699569702, 0.9491391777992249, 1.0245065689086914, 0.9322865009307861, 0.9677598476409912, 0.9068928956985474, 0.9737690687179565, 0.9426751732826233, 0.9615590572357178, 0.9935486316680908, 0.9917871952056885, 0.9637641310691833, 0.9686375260353088, 0.9951306581497192, 0.9937926530838013, 1.0378146171569824, 1.006605625152588, 1.0364598035812378, 1.0342074632644653, 1.0577090978622437, 1.050105333328247, 1.084277868270874, 1.061216950416565, 1.1144914627075195, 1.096376657485962, 1.088781714439392, 1.1245038509368896, 1.106141209602356, 1.1374130249023438, 1.158630609512329, 1.1690309047698975, 1.174926519393921, 1.1979068517684937, 1.2082226276397705, 1.2009466886520386, 1.2086900472640991, 1.230480670928955, 1.260056972503662, 1.2602174282073975, 1.302809238433838, 1.2839915752410889],