{"loss": [2.086000442504883, 1.8217617273330688, 1.7077127695083618, 1.6245125532150269, 1.5600420236587524, 1.5110719203948975, 1.4746301174163818, 1.4442051649093628, 1.416999340057373, 1.393629789352417, 1.371203899383545, 1.351394534111023, 1.3322495222091675, 1.3131593465805054, 1.2972749471664429, 1.2815135717391968, 1.2661973237991333, 1.251633882522583, 1.2376065254211426, 1.2237098217010498, 1.2110286951065063, 1.1990909576416016, 1.1868078708648682, 1.1755048036575317, 1.164223074913025, 1.1536239385604858, 1.1433442831039429, 1.133737564086914, 1.1242433786392212, 1.115935206413269, 1.1070047616958618, 1.0979713201522827, 1.0888783931732178, 1.0812873840332031, 1.0733518600463867, 1.065246820449829, 1.0595859289169312, 1.0523930788040161, 1.0441584587097168, 1.037379264831543, 1.031723976135254, 1.0239614248275757, 1.0184926986694336, 1.0117855072021484, 1.0049123764038086, 0.9998183846473694, 0.9941697120666504, 0.988014817237854, 0.981886625289917, 0.9766324758529663], "accuracy": [0.23372000455856323, 0.34261998534202576, 0.3832800090312958, 0.41260001063346863, 0.4357599914073944, 0.45245999097824097, 0.46779999136924744, 0.48263999819755554, 0.49235999584198, 0.5027599930763245, 0.5131400227546692, 0.5212000012397766, 0.5279399752616882, 0.5366600155830383, 0.5427200198173523, 0.5476199984550476, 0.5532600283622742, 0.5603399872779846, 0.5656200051307678, 0.5710800290107727, 0.575760006904602, 0.5794600248336792, 0.586359977722168, 0.5902600288391113, 0.594219982624054, 0.5986599922180176, 0.6026399731636047, 0.6058800220489502, 0.6085600256919861, 0.6119800209999084, 0.6139199733734131, 0.6186800003051758, 0.6205999851226807, 0.6259599924087524, 0.6287800073623657, 0.6304600238800049, 0.632099986076355, 0.6351799964904785, 0.6382799744606018, 0.6403599977493286, 0.6422399878501892, 0.6459000110626221, 0.6481800079345703, 0.6502599716186523, 0.6534799933433533, 0.6545199751853943, 0.6566600203514099, 0.6587399840354919, 0.660040020942688, 0.6641799807548523], "val_loss": [1.8942641019821167, 1.742045521736145, 1.6627459526062012, 1.5843573808670044, 1.535392165184021, 1.4989081621170044, 1.4567301273345947, 1.4479016065597534, 1.400692343711853, 1.3934407234191895, 1.3688160181045532, 1.3421481847763062, 1.342913031578064, 1.3057842254638672, 1.2974430322647095, 1.290068507194519, 1.2778786420822144, 1.264629602432251, 1.2454854249954224, 1.238511562347412, 1.2324057817459106, 1.2053582668304443, 1.2021305561065674, 1.18672776222229, 1.1819123029708862, 1.1968272924423218, 1.1586735248565674, 1.1467976570129395, 1.160071611404419, 1.1446951627731323, 1.1301138401031494, 1.1238785982131958, 1.1349639892578125, 1.1080139875411987, 1.1103373765945435, 1.1155427694320679, 1.1165311336517334, 1.1001803874969482, 1.1216555833816528, 1.073563814163208, 1.095736026763916, 1.0584548711776733, 1.0754904747009277, 1.0555692911148071, 1.052951693534851, 1.0559628009796143, 1.0657966136932373, 1.0522648096084595, 1.0283195972442627, 1.0359574556350708], "val_accuracy": [0.3190999925136566, 0.38029998540878296, 0.3991999924182892, 0.42410001158714294, 0.446399986743927, 0.4551999866962433, 0.4742000102996826, 0.4767000079154968, 0.49729999899864197, 0.4984999895095825, 0.5153999924659729, 0.5206999778747559, 0.5282999873161316, 0.5371999740600586, 0.5407999753952026, 0.548799991607666, 0.5508000254631042, 0.5546000003814697, 0.5595999956130981, 0.5654000043869019, 0.5665000081062317, 0.5770000219345093, 0.5799999833106995, 0.5863000154495239, 0.5842000246047974, 0.5827999711036682, 0.5986999869346619, 0.5968999862670898, 0.5960000157356262, 0.5999000072479248, 0.602400004863739, 0.607699990272522, 0.6003999710083008, 0.616100013256073, 0.6144000291824341, 0.6055999994277954, 0.6116999983787537, 0.6151000261306763, 0.6035000085830688, 0.6269000172615051, 0.6191999912261963, 0.6358000040054321, 0.6273000240325928, 0.6373999714851379, 0.628000020980835, 0.6306999921798706, 0.6322000026702881, 0.6337000131607056, 0.6456000208854675, 0.6444000005722046]}