{"loss": [2.077024221420288, 1.7786612510681152, 1.6766223907470703, 1.6142137050628662, 1.5649656057357788, 1.521562933921814, 1.4842482805252075, 1.4532005786895752, 1.4265999794006348, 1.4022126197814941, 1.379813551902771, 1.3602038621902466, 1.3409953117370605, 1.32278311252594, 1.3063760995864868, 1.289299488067627, 1.2740517854690552, 1.259256362915039, 1.2456769943237305, 1.2325865030288696, 1.220258116722107, 1.2074663639068604, 1.1974104642868042, 1.1846401691436768, 1.1752365827560425, 1.1630282402038574, 1.1531486511230469, 1.1432698965072632, 1.1338533163070679, 1.1257216930389404, 1.1167104244232178, 1.108954906463623, 1.100066900253296, 1.092046856880188, 1.0832029581069946, 1.0755703449249268, 1.0681233406066895, 1.060154914855957, 1.0525202751159668, 1.044599175453186, 1.03844153881073, 1.0313867330551147, 1.0250158309936523, 1.0179842710494995, 1.0106596946716309, 1.0062780380249023, 0.9993656277656555, 0.9938648343086243, 0.9870818257331848, 0.9818731546401978, 0.976267397403717, 0.9703853130340576, 0.9651116132736206, 0.9589941501617432, 0.954249918460846, 0.9496009945869446, 0.9430634379386902, 0.9387803077697754, 0.9341323375701904, 0.9289774894714355, 0.9247921109199524, 0.9205375909805298, 0.9143712520599365, 0.9111498594284058, 0.906614363193512, 0.9010254740715027, 0.8970699310302734, 0.8931167125701904, 0.8888229727745056, 0.884550929069519, 0.8803339600563049, 0.8759875893592834, 0.8710417747497559, 0.8684648275375366, 0.864558219909668, 0.8591243028640747, 0.857111930847168, 0.8524055480957031, 0.849179208278656, 0.8453018665313721, 0.8415399193763733, 0.8372223377227783, 0.8340743184089661, 0.8292216658592224, 0.8264331817626953, 0.822192907333374, 0.8188738822937012, 0.8155686855316162, 0.8117839694023132, 0.8081188797950745, 0.8045839071273804, 0.8014482855796814, 0.7986927628517151, 0.7946133017539978, 0.790887713432312, 0.7887304425239563, 0.7842855453491211, 0.7818159461021423, 0.7783617377281189, 0.7746330499649048], "accuracy": [0.23895999789237976, 0.357699990272522, 0.39625999331474304, 0.41916000843048096, 0.4366399943828583, 0.4539400041103363, 0.4668000042438507, 0.47850000858306885, 0.49187999963760376, 0.5015199780464172, 0.509880006313324, 0.5194799900054932, 0.5246599912643433, 0.5328199863433838, 0.5405799746513367, 0.5463600158691406, 0.5503600239753723, 0.556119978427887, 0.5630000233650208, 0.5668799877166748, 0.5725200176239014, 0.5768200159072876, 0.579479992389679, 0.5868600010871887, 0.5886399745941162, 0.5926799774169922, 0.5957599878311157, 0.5992000102996826, 0.6019200086593628, 0.6075599789619446, 0.6100000143051147, 0.6120799779891968, 0.6154999732971191, 0.6201000213623047, 0.6218600273132324, 0.6223400235176086, 0.6269400119781494, 0.6310399770736694, 0.6323599815368652, 0.6355599761009216, 0.6352999806404114, 0.6415600180625916, 0.642579972743988, 0.6453800201416016, 0.6494799852371216, 0.6508200168609619, 0.6534799933433533, 0.6551399827003479, 0.6580399870872498, 0.6606199741363525, 0.6619399785995483, 0.6626399755477905, 0.6666799783706665, 0.6690000295639038, 0.669439971446991, 0.6716600060462952, 0.6744599938392639, 0.6748800277709961, 0.676360011100769, 0.6783999800682068, 0.680679976940155, 0.6826599836349487, 0.6839799880981445, 0.6843199729919434, 0.6879000067710876, 0.6888399720191956, 0.690500020980835, 0.6917999982833862, 0.6939600110054016, 0.6951199769973755, 0.6970400214195251, 0.6971799731254578, 0.700659990310669, 0.7006400227546692, 0.7022600173950195, 0.7042199969291687, 0.7061799764633179, 0.7057200074195862, 0.7083799839019775, 0.7112600207328796, 0.7117599844932556, 0.7125200033187866, 0.7149999737739563, 0.7162600159645081, 0.7178000211715698, 0.7181199789047241, 0.7190200090408325, 0.7191799879074097, 0.7207199931144714, 0.7222200036048889, 0.7249000072479248, 0.725059986114502, 0.7272199988365173, 0.7271599769592285, 0.7294399738311768, 0.7293999791145325, 0.7310600280761719, 0.7317600250244141, 0.7329599857330322, 0.7341600060462952], "val_loss": [1.8656678199768066, 1.7078557014465332, 1.6854333877563477, 1.5884227752685547, 1.5532820224761963, 1.5031070709228516, 1.472720742225647, 1.4501228332519531, 1.4300599098205566, 1.3897006511688232, 1.3721626996994019, 1.365034818649292, 1.3395336866378784, 1.3333712816238403, 1.3060286045074463, 1.3139593601226807, 1.296199917793274, 1.285779356956482, 1.271667242050171, 1.2491931915283203, 1.2321956157684326, 1.214914083480835, 1.1978992223739624, 1.2085864543914795, 1.2258373498916626, 1.1712696552276611, 1.244167447090149, 1.1794878244400024, 1.1608874797821045, 1.1599808931350708, 1.1514264345169067, 1.1281496286392212, 1.154219627380371, 1.1561683416366577, 1.118071436882019, 1.1051609516143799, 1.091948390007019, 1.1084635257720947, 1.0775976181030273, 1.1470845937728882, 1.0709609985351562, 1.0873826742172241, 1.0590999126434326, 1.0570968389511108, 1.0802768468856812, 1.0715020895004272, 1.0658626556396484, 1.0789674520492554, 1.0641881227493286, 1.031903862953186, 1.06267511844635, 1.0313013792037964, 1.0556310415267944, 1.011751413345337, 1.0157619714736938, 1.016804575920105, 1.0068533420562744, 0.9927842617034912, 0.9992539882659912, 0.9937519431114197, 1.0061836242675781, 0.9837366938591003, 1.0138672590255737, 1.0019832849502563, 0.9803191423416138, 0.9844513535499573, 0.9725260734558105, 0.9823877811431885, 0.9801452159881592, 0.9663460850715637, 0.9905089735984802, 0.9622990489006042, 0.9575423002243042, 0.9621103405952454, 0.9855626225471497, 0.9554867148399353, 0.9513216614723206, 0.9534627795219421, 0.9421333074569702, 0.9709017872810364, 0.9375608563423157, 0.9716174006462097, 0.9538224339485168, 0.9483637809753418, 0.9707335233688354, 0.9435251951217651, 0.9503059387207031, 0.9486331343650818, 0.929480791091919, 0.925442099571228, 0.9320264458656311, 0.9427570104598999, 0.9163274168968201, 0.9167969822883606, 0.9226008653640747, 0.9810716509819031, 0.9249187707901001, 0.9122403264045715, 0.9195521473884583, 0.9175898432731628], "val_accuracy": [0.3337000012397766, 0.3853999972343445, 0.39649999141693115, 0.4205999970436096, 0.439300000667572, 0.4578000009059906, 0.4781999886035919, 0.4787999987602234, 0.4918000102043152, 0.5059999823570251, 0.5097000002861023, 0.5109000205993652, 0.5264000296592712, 0.5221999883651733, 0.5371999740600586, 0.5299000144004822, 0.5404999852180481, 0.542900025844574, 0.5509999990463257, 0.5608000159263611, 0.5672000050544739, 0.5712000131607056, 0.5784000158309937, 0.5737000107765198, 0.5674999952316284, 0.5917999744415283, 0.5537999868392944, 0.5916000008583069, 0.5906000137329102, 0.5898000001907349, 0.5914000272750854, 0.60589998960495, 0.5910000205039978, 0.589900016784668, 0.6085000038146973, 0.6134999990463257, 0.6222000122070312, 0.6162999868392944, 0.6259999871253967, 0.6022999882698059, 0.6273999810218811, 0.6256999969482422, 0.6373000144958496, 0.6288999915122986, 0.6262000203132629, 0.626800000667572, 0.6309000253677368, 0.6258999705314636, 0.626800000667572, 0.6417999863624573, 0.6310999989509583, 0.642799973487854, 0.6306999921798706, 0.6467000246047974, 0.6481000185012817, 0.6498000025749207, 0.6517999768257141, 0.6556000113487244, 0.6524999737739563, 0.6589999794960022, 0.6492000222206116, 0.6583999991416931, 0.6509000062942505, 0.6524999737739563, 0.6607999801635742, 0.6603999733924866, 0.6650000214576721, 0.6592000126838684, 0.6604999899864197, 0.6668999791145325, 0.6559000015258789, 0.6693000197410583, 0.6672999858856201, 0.6665999889373779, 0.6592000126838684, 0.6689000129699707, 0.6733999848365784, 0.6693999767303467, 0.678600013256073, 0.6654999852180481, 0.6764000058174133, 0.6653000116348267, 0.6718000173568726, 0.6741999983787537, 0.6651999950408936, 0.673799991607666, 0.6729000210762024, 0.6736000180244446, 0.6805999875068665, 0.6819000244140625, 0.6779999732971191, 0.675599992275238, 0.6830000281333923, 0.6850000023841858, 0.6811000108718872, 0.6574000120162964, 0.6804999709129333, 0.6855999827384949, 0.6869000196456909, 0.6843000054359436]}