{"loss": [2.299572467803955, 2.2917158603668213, 2.2845921516418457, 2.276949882507324, 2.2670979499816895, 2.254642963409424, 2.240232229232788, 2.224147081375122, 2.2059261798858643, 2.1859350204467773, 2.165494441986084, 2.1447079181671143, 2.123685121536255, 2.1037259101867676, 2.085057497024536, 2.067923069000244, 2.0524375438690186, 2.0383801460266113, 2.0253655910491943, 2.0132522583007812, 2.001964569091797, 1.9913312196731567, 1.9813270568847656, 1.9717061519622803, 1.9623537063598633, 1.9533584117889404, 1.9445774555206299, 1.9360904693603516, 1.9278806447982788, 1.9200429916381836, 1.91270911693573, 1.9055192470550537, 1.8986704349517822, 1.8920990228652954, 1.885783076286316, 1.8796981573104858, 1.8738337755203247, 1.8682479858398438, 1.8628491163253784, 1.8576908111572266, 1.8526993989944458, 1.847815752029419, 1.8429996967315674, 1.8383715152740479, 1.8338911533355713, 1.8295190334320068, 1.8253505229949951, 1.8212463855743408, 1.8173213005065918, 1.8134351968765259, 1.809650182723999, 1.8058886528015137, 1.8022836446762085, 1.7988289594650269, 1.7953041791915894, 1.7919223308563232, 1.7884968519210815, 1.785149097442627, 1.7818957567214966, 1.778619647026062, 1.7754528522491455, 1.772234320640564, 1.7690329551696777, 1.765963077545166, 1.7629365921020508, 1.7600356340408325, 1.7570637464523315, 1.7541260719299316, 1.7512590885162354, 1.7484651803970337, 1.7455912828445435, 1.7428126335144043, 1.7400453090667725, 1.7373065948486328, 1.7345938682556152, 1.73180091381073, 1.7291114330291748, 1.7264437675476074, 1.7237451076507568, 1.721092700958252, 1.7184531688690186, 1.7158722877502441, 1.7134056091308594, 1.710860013961792, 1.7082914113998413, 1.705793857574463, 1.7032760381698608, 1.7008031606674194, 1.6982834339141846, 1.6959753036499023, 1.6935616731643677, 1.691093921661377, 1.6887942552566528, 1.686462163925171, 1.684108018875122, 1.6818171739578247, 1.6794179677963257, 1.677169680595398, 1.674953579902649, 1.6726945638656616], "accuracy": [0.10254000127315521, 0.11896000057458878, 0.1227400004863739, 0.12929999828338623, 0.14270000159740448, 0.1615000069141388, 0.18106000125408173, 0.1964000016450882, 0.20819999277591705, 0.2272000014781952, 0.23396000266075134, 0.24393999576568604, 0.25286000967025757, 0.25703999400138855, 0.26420000195503235, 0.27098000049591064, 0.27489998936653137, 0.2781600058078766, 0.2818399965763092, 0.2863200008869171, 0.28905999660491943, 0.29151999950408936, 0.2946400046348572, 0.2975600063800812, 0.3005799949169159, 0.30272001028060913, 0.3048799932003021, 0.30796000361442566, 0.3102400004863739, 0.313620001077652, 0.31477999687194824, 0.3184800148010254, 0.32062000036239624, 0.32284000515937805, 0.3246400058269501, 0.32684001326560974, 0.32923999428749084, 0.3306399881839752, 0.33309999108314514, 0.3350600004196167, 0.3373199999332428, 0.3391200006008148, 0.33935999870300293, 0.3420400023460388, 0.3434799909591675, 0.34459999203681946, 0.3469800055027008, 0.3495199978351593, 0.35071998834609985, 0.3529199957847595, 0.35378000140190125, 0.3554399907588959, 0.35607999563217163, 0.35763999819755554, 0.3581799864768982, 0.36013999581336975, 0.3604399859905243, 0.3623799979686737, 0.36287999153137207, 0.36465999484062195, 0.36570000648498535, 0.3665600121021271, 0.3677000105381012, 0.3701600134372711, 0.37031999230384827, 0.3712399899959564, 0.3727400004863739, 0.37376001477241516, 0.37516000866889954, 0.37577998638153076, 0.37748000025749207, 0.3777799904346466, 0.3796600103378296, 0.3799000084400177, 0.3813999891281128, 0.38199999928474426, 0.3832800090312958, 0.38405999541282654, 0.38514000177383423, 0.38510000705718994, 0.38666000962257385, 0.3881399929523468, 0.3885599970817566, 0.3893600106239319, 0.39004001021385193, 0.3905999958515167, 0.39114001393318176, 0.39254000782966614, 0.39375999569892883, 0.3943600058555603, 0.3944999873638153, 0.39598000049591064, 0.3967199921607971, 0.39739999175071716, 0.3982599973678589, 0.3994799852371216, 0.3999600112438202, 0.40108001232147217, 0.401419997215271, 0.4030599892139435], "val_loss": [2.295649290084839, 2.288403272628784, 2.281158924102783, 2.2726752758026123, 2.2612078189849854, 2.2475407123565674, 2.231997013092041, 2.2148423194885254, 2.195244550704956, 2.1746387481689453, 2.1537344455718994, 2.132317543029785, 2.111382484436035, 2.091952085494995, 2.0737874507904053, 2.057340383529663, 2.042440891265869, 2.029008388519287, 2.0164244174957275, 2.0045416355133057, 1.9937949180603027, 1.983441948890686, 1.9737576246261597, 1.9642935991287231, 1.9552788734436035, 1.9464316368103027, 1.9376633167266846, 1.9294224977493286, 1.9213378429412842, 1.9137332439422607, 1.9063148498535156, 1.899221658706665, 1.8924665451049805, 1.8859370946884155, 1.879800796508789, 1.873611569404602, 1.8679217100143433, 1.8622781038284302, 1.8570101261138916, 1.8519960641860962, 1.8469840288162231, 1.8422306776046753, 1.8376853466033936, 1.833052158355713, 1.8285140991210938, 1.8243989944458008, 1.8200947046279907, 1.8161526918411255, 1.8122652769088745, 1.8084062337875366, 1.8046602010726929, 1.8010057210922241, 1.7975345849990845, 1.7943170070648193, 1.791006088256836, 1.7873581647872925, 1.7843074798583984, 1.780965805053711, 1.7780802249908447, 1.7746896743774414, 1.7715027332305908, 1.7685409784317017, 1.765965461730957, 1.7624410390853882, 1.7595646381378174, 1.7565510272979736, 1.753812551498413, 1.7509912252426147, 1.7483822107315063, 1.7455008029937744, 1.7432283163070679, 1.7400970458984375, 1.7373900413513184, 1.7347182035446167, 1.7320116758346558, 1.7293752431869507, 1.7267900705337524, 1.7241315841674805, 1.7217464447021484, 1.7189810276031494, 1.716901183128357, 1.7140121459960938, 1.7114557027816772, 1.7089968919754028, 1.706620454788208, 1.704129695892334, 1.701718807220459, 1.6993517875671387, 1.6970402002334595, 1.6945528984069824, 1.6921793222427368, 1.6900756359100342, 1.6876628398895264, 1.685529112815857, 1.6832396984100342, 1.680976390838623, 1.6786797046661377, 1.6765308380126953, 1.674194574356079, 1.6721234321594238],