{"loss": [2.272857427597046, 2.109050989151001, 1.9454517364501953, 1.8717550039291382, 1.8256795406341553, 1.7886295318603516, 1.7552237510681152, 1.7240663766860962, 1.695357322692871, 1.6689929962158203, 1.6457602977752686, 1.6250202655792236, 1.6053526401519775, 1.5876567363739014, 1.5706077814102173, 1.5546684265136719, 1.5402511358261108, 1.5253865718841553, 1.5120612382888794, 1.5000951290130615, 1.4882550239562988, 1.4777214527130127, 1.4677408933639526, 1.4580988883972168, 1.4491844177246094, 1.4406362771987915, 1.4326246976852417, 1.425262689590454, 1.417851448059082, 1.4107877016067505, 1.4039489030838013, 1.3972901105880737, 1.390868902206421, 1.3848190307617188, 1.3792561292648315, 1.3734060525894165, 1.3674834966659546, 1.3628780841827393, 1.3569422960281372, 1.3517934083938599, 1.3467189073562622, 1.3416179418563843, 1.3364348411560059, 1.3316172361373901, 1.3266847133636475, 1.3223049640655518, 1.3181235790252686, 1.3126040697097778, 1.3082406520843506, 1.3036887645721436], "accuracy": [0.1627800017595291, 0.27140000462532043, 0.31115999817848206, 0.3362799882888794, 0.34988000988960266, 0.3615800142288208, 0.37342000007629395, 0.383899986743927, 0.39302000403404236, 0.40252000093460083, 0.4079599976539612, 0.41543999314308167, 0.4222399890422821, 0.42993998527526855, 0.43393999338150024, 0.4389199912548065, 0.44562000036239624, 0.4519599974155426, 0.45660001039505005, 0.46202000975608826, 0.4645400047302246, 0.47095999121665955, 0.4742400050163269, 0.47707998752593994, 0.48157998919487, 0.4855400025844574, 0.48947998881340027, 0.4904800057411194, 0.49362000823020935, 0.49851998686790466, 0.501479983329773, 0.5037000179290771, 0.5041599869728088, 0.5082600116729736, 0.5112000107765198, 0.5137400031089783, 0.5145400166511536, 0.5172200202941895, 0.520039975643158, 0.5217599868774414, 0.5241000056266785, 0.5258399844169617, 0.5285400152206421, 0.5301600098609924, 0.5327000021934509, 0.533079981803894, 0.5356400012969971, 0.5383800268173218, 0.5404199957847595, 0.5404199957847595], "val_loss": [2.22277569770813, 2.0021421909332275, 1.9014939069747925, 1.8499404191970825, 1.8089529275894165, 1.7700070142745972, 1.7364131212234497, 1.7065640687942505, 1.6829791069030762, 1.6578240394592285, 1.6339519023895264, 1.6155425310134888, 1.5962920188903809, 1.5769613981246948, 1.5634956359863281, 1.5474426746368408, 1.5338735580444336, 1.5223102569580078, 1.515804648399353, 1.5004565715789795, 1.4875317811965942, 1.475046157836914, 1.4714503288269043, 1.4575302600860596, 1.4560078382492065, 1.4432367086410522, 1.4329686164855957, 1.430494785308838, 1.4278205633163452, 1.4114981889724731, 1.406435489654541, 1.4051026105880737, 1.3971513509750366, 1.392251968383789, 1.3800688982009888, 1.3767837285995483, 1.3803892135620117, 1.3639708757400513, 1.3588662147521973, 1.3652105331420898, 1.3546468019485474, 1.353470802307129, 1.3507894277572632, 1.3364065885543823, 1.3285243511199951, 1.327759027481079, 1.3195815086364746, 1.3190478086471558, 1.3123338222503662, 1.3144922256469727], "val_accuracy": [0.24629999697208405, 0.29899999499320984, 0.32330000400543213, 0.34299999475479126, 0.35740000009536743, 0.37209999561309814, 0.383899986743927, 0.3887999951839447, 0.39719998836517334, 0.4034000039100647, 0.41519999504089355, 0.4174000024795532, 0.4311000108718872, 0.43320000171661377, 0.43860000371932983, 0.44350001215934753, 0.4478999972343445, 0.4512999951839447, 0.45190000534057617, 0.4607999920845032, 0.4641000032424927, 0.4702000021934509, 0.4691999852657318, 0.4797999858856201, 0.47440001368522644, 0.483599990606308, 0.4869000017642975, 0.491100013256073, 0.48980000615119934, 0.4959999918937683, 0.4966000020503998, 0.4991999864578247, 0.5030999779701233, 0.5033000111579895, 0.508899986743927, 0.5128999948501587, 0.5099999904632568, 0.5170000195503235, 0.5149000287055969, 0.5181999802589417, 0.517300009727478, 0.522599995136261, 0.5210000276565552, 0.5245000123977661, 0.5274999737739563, 0.5300999879837036, 0.5335000157356262, 0.5329999923706055, 0.5375000238418579, 0.5297999978065491]}