{"loss": [1.8275738954544067, 1.51247239112854, 1.392609715461731, 1.3158692121505737, 1.2555955648422241, 1.2043441534042358, 1.1574552059173584, 1.1188768148422241, 1.0825389623641968, 1.0499300956726074, 1.0203824043273926, 0.9935523271560669, 0.9724982976913452, 0.9489990472793579, 0.9289477467536926, 0.9093554615974426, 0.8913783431053162, 0.8734731078147888, 0.8585296869277954, 0.8406330347061157, 0.8257615566253662, 0.8100302219390869, 0.7975850105285645, 0.7811251282691956, 0.7693567276000977, 0.7562056183815002, 0.7435736656188965, 0.7309907078742981, 0.7194660902023315, 0.7067380547523499, 0.6953846216201782, 0.6849899888038635, 0.6737253665924072, 0.6631098389625549, 0.6533076167106628, 0.642734944820404, 0.6339879035949707, 0.6242889165878296, 0.6117313504219055, 0.6050732731819153, 0.5940200090408325, 0.584943413734436, 0.5769659876823425, 0.5681514739990234, 0.5601176619529724, 0.5496292114257812, 0.5410597920417786, 0.533686637878418, 0.5245292782783508, 0.5163986086845398], "accuracy": [0.33574000000953674, 0.45443999767303467, 0.5009400248527527, 0.5320000052452087, 0.5576199889183044, 0.5793799757957458, 0.5964999794960022, 0.6093400120735168, 0.6226400136947632, 0.6352599859237671, 0.6458200216293335, 0.6570000052452087, 0.6643400192260742, 0.6724399924278259, 0.6815599799156189, 0.6862000226974487, 0.6933000087738037, 0.6971399784088135, 0.7051799893379211, 0.7111600041389465, 0.7154800295829773, 0.7215999960899353, 0.7263200283050537, 0.7314800024032593, 0.735040009021759, 0.7399200201034546, 0.7457000017166138, 0.7488399744033813, 0.7519999742507935, 0.7577999830245972, 0.7589600086212158, 0.7641599774360657, 0.7678200006484985, 0.7715799808502197, 0.7751799821853638, 0.7806199789047241, 0.7815600037574768, 0.7856400012969971, 0.7908999919891357, 0.7922000288963318, 0.7961999773979187, 0.7992200255393982, 0.8019400238990784, 0.8045200109481812, 0.8083000183105469, 0.8120800256729126, 0.8158400058746338, 0.8175600171089172, 0.8207399845123291, 0.8250200152397156], "val_loss": [1.6135886907577515, 1.434462547302246, 1.3660324811935425, 1.2804034948349, 1.2471038103103638, 1.194313883781433, 1.2071200609207153, 1.128814935684204, 1.1435354948043823, 1.0963791608810425, 1.0640099048614502, 1.029926061630249, 1.0676008462905884, 1.0505001544952393, 1.0142966508865356, 1.0585592985153198, 0.9729101657867432, 0.9982446432113647, 0.9164016842842102, 0.9449285268783569, 0.9333346486091614, 0.9057349562644958, 0.8993791937828064, 0.9017601609230042, 0.9210023283958435, 0.9194511771202087, 0.8907520771026611, 0.8775136470794678, 0.8864819407463074, 0.9159790873527527, 0.8773031234741211, 0.8767010569572449, 0.8712607622146606, 0.9148442149162292, 0.8535353541374207, 0.8661890625953674, 0.9307223558425903, 0.8680534362792969, 0.9525722861289978, 0.8712459206581116, 0.8596703410148621, 0.8659040927886963, 0.8497429490089417, 0.8534042835235596, 0.9005521535873413, 0.8682119846343994, 0.9065216779708862, 0.8742676973342896, 0.8974475860595703, 0.8955308794975281], "val_accuracy": [0.41190001368522644, 0.48159998655319214, 0.5077999830245972, 0.5472000241279602, 0.5595999956130981, 0.5810999870300293, 0.5717999935150146, 0.6031000018119812, 0.5949000120162964, 0.6136000156402588, 0.6322000026702881, 0.638700008392334, 0.6266000270843506, 0.6442999839782715, 0.6507999897003174, 0.6370999813079834, 0.6669999957084656, 0.6589000225067139, 0.6858999729156494, 0.6718000173568726, 0.6783000230789185, 0.6895999908447266, 0.6973999738693237, 0.6916000247001648, 0.6897000074386597, 0.6917999982833862, 0.6984000205993652, 0.7074000239372253, 0.7026000022888184, 0.6881999969482422, 0.7063999772071838, 0.7074999809265137, 0.7073000073432922, 0.6904000043869019, 0.7189000248908997, 0.7105000019073486, 0.6927000284194946, 0.7145000100135803, 0.6883999705314636, 0.7117999792098999, 0.7145000100135803, 0.71670001745224, 0.7232000231742859, 0.7186999917030334, 0.7103000283241272, 0.7160999774932861, 0.7134000062942505, 0.7218999862670898, 0.7095000147819519, 0.7174999713897705]}