{"loss": [2.0588037967681885, 1.7440441846847534, 1.6233882904052734, 1.547699213027954, 1.4900537729263306, 1.4429409503936768, 1.4073669910430908, 1.3802039623260498, 1.357215166091919, 1.337254524230957, 1.3205089569091797, 1.3038536310195923, 1.2896562814712524, 1.276077389717102, 1.262416958808899, 1.2505205869674683, 1.2398232221603394, 1.2281103134155273, 1.2170032262802124, 1.207823634147644, 1.1977428197860718, 1.188844919204712, 1.1795048713684082, 1.1708767414093018, 1.163340449333191, 1.154583215713501, 1.1470770835876465, 1.1401232481002808, 1.1325277090072632, 1.1261707544326782, 1.1200042963027954, 1.1123496294021606, 1.1070852279663086, 1.100875735282898, 1.0957049131393433, 1.090203881263733, 1.0850534439086914, 1.0796847343444824, 1.0747566223144531, 1.069559931755066, 1.065073847770691, 1.0604051351547241, 1.056414008140564, 1.0517446994781494, 1.0476555824279785, 1.04421865940094, 1.0391066074371338, 1.0354729890823364, 1.0325132608413696, 1.0282484292984009, 1.0242050886154175, 1.0208275318145752, 1.017431378364563, 1.014162540435791, 1.0107109546661377, 1.0077674388885498, 1.0046913623809814, 1.0015594959259033, 0.9986684918403625, 0.9953738451004028, 0.9922468066215515, 0.9895084500312805, 0.9871281385421753, 0.9841998219490051, 0.9816091656684875, 0.9790170192718506, 0.9761654138565063, 0.973782479763031, 0.9710453152656555, 0.9686225056648254, 0.9662135243415833, 0.9640946388244629, 0.9614725708961487, 0.9592322707176208, 0.9571649432182312, 0.954633891582489, 0.9523511528968811, 0.9497766494750977, 0.948013186454773, 0.945671021938324, 0.9435248970985413, 0.9411389231681824, 0.9398303031921387, 0.9376487731933594, 0.9358710050582886, 0.9335547685623169, 0.9314067363739014, 0.930091381072998, 0.9270554780960083, 0.925698459148407, 0.923945963382721, 0.9218795299530029, 0.92058926820755, 0.9187232851982117, 0.916900634765625, 0.9147675633430481, 0.9134109616279602, 0.9112627506256104, 0.9096388220787048, 0.9082649946212769], "accuracy": [0.2446800023317337, 0.3756200075149536, 0.41868001222610474, 0.44538000226020813, 0.46794000267982483, 0.4845600128173828, 0.4977400004863739, 0.5087199807167053, 0.5178999900817871, 0.5258399844169617, 0.5329200029373169, 0.5392799973487854, 0.5426999926567078, 0.5482000112533569, 0.5549200177192688, 0.5599600076675415, 0.5631200075149536, 0.5666800141334534, 0.5705400109291077, 0.575980007648468, 0.5799800157546997, 0.5830000042915344, 0.5870800018310547, 0.5880200266838074, 0.5924599766731262, 0.5961999893188477, 0.5985599756240845, 0.6008800268173218, 0.6040199995040894, 0.6063799858093262, 0.6085399985313416, 0.6131200194358826, 0.6133400201797485, 0.6159800291061401, 0.6178200244903564, 0.6197999715805054, 0.6218600273132324, 0.6250799894332886, 0.6249399781227112, 0.6279399991035461, 0.6301000118255615, 0.6315799951553345, 0.6335600018501282, 0.6356800198554993, 0.6359400153160095, 0.6381199955940247, 0.6384999752044678, 0.6412799954414368, 0.6414200067520142, 0.6426399946212769, 0.6445199847221375, 0.6458399891853333, 0.6462200284004211, 0.6485599875450134, 0.6496400237083435, 0.6512399911880493, 0.650879979133606, 0.652999997138977, 0.6523399949073792, 0.6550999879837036, 0.6564800143241882, 0.6574000120162964, 0.656220018863678, 0.6592000126838684, 0.6602799892425537, 0.6627600193023682, 0.6623600125312805, 0.6631799936294556, 0.6639400124549866, 0.6642600297927856, 0.665440022945404, 0.666920006275177, 0.6668599843978882, 0.6695200204849243, 0.6693000197410583, 0.6695200204849243, 0.6710399985313416, 0.6725599765777588, 0.6736400127410889, 0.673039972782135, 0.674340009689331, 0.6748600006103516, 0.6761599779129028, 0.6771199703216553, 0.6772800087928772, 0.6783599853515625, 0.6787800192832947, 0.680400013923645, 0.6814600229263306, 0.6803399920463562, 0.6823400259017944, 0.6819800138473511, 0.6832200288772583, 0.6840599775314331, 0.6850799918174744, 0.6854199767112732, 0.6857399940490723, 0.6870200037956238, 0.6860799789428711, 0.687279999256134], "val_loss": [1.854703664779663, 1.6557767391204834, 1.5710690021514893, 1.5305399894714355, 1.461905598640442, 1.4615898132324219, 1.3931177854537964, 1.382321834564209, 1.3548247814178467, 1.3295437097549438, 1.3264524936676025, 1.3265509605407715, 1.2913178205490112, 1.2826855182647705, 1.2685703039169312, 1.2602823972702026, 1.2550915479660034, 1.239648461341858, 1.2351024150848389, 1.236824870109558, 1.2176893949508667, 1.2110031843185425, 1.193419098854065, 1.1882785558700562, 1.1795626878738403, 1.1748466491699219, 1.1658656597137451, 1.1649218797683716, 1.1563118696212769, 1.1568548679351807, 1.1452605724334717, 1.1573411226272583, 1.1313294172286987, 1.1360753774642944, 1.125044584274292, 1.115987777709961, 1.1220327615737915, 1.1296844482421875, 1.1034753322601318, 1.116449236869812, 1.101575255393982, 1.1033607721328735, 1.0924582481384277, 1.0914227962493896, 1.0966591835021973, 1.079554796218872, 1.0972709655761719, 1.0740089416503906, 1.0698708295822144, 1.0769375562667847, 1.0752482414245605, 1.071950912475586, 1.0674155950546265, 1.0614187717437744, 1.0563017129898071, 1.0611432790756226, 1.0539588928222656, 1.05720055103302, 1.047399640083313, 1.0495343208312988, 1.0556186437606812, 1.04536771774292, 1.0396596193313599, 1.048322081565857, 1.0610132217407227, 1.0511374473571777, 1.031448483467102, 1.0416532754898071, 1.0394172668457031, 1.031556487083435, 1.0251439809799194, 1.0277663469314575, 1.0329188108444214, 1.0291234254837036, 1.0235958099365234, 1.0162392854690552, 1.016020655632019, 1.0158660411834717, 1.0206055641174316, 1.0135691165924072, 1.0132532119750977, 1.0093326568603516, 1.0074634552001953, 1.0149669647216797, 1.011004090309143, 1.007763385772705, 1.0072840452194214, 1.002976417541504, 1.0029183626174927, 1.0053445100784302, 1.0011043548583984, 1.0012112855911255, 0.9952585101127625, 1.0024523735046387, 0.9939690232276917, 0.9917651414871216, 0.9966266751289368, 0.9931356310844421, 1.0010676383972168, 0.9941022396087646], "val_accuracy": [0.314300000667572, 0.4092000126838684, 0.4422999918460846, 0.44999998807907104, 0.47440001368522644, 0.4742000102996826, 0.5033000111579895, 0.5113000273704529, 0.5163000226020813, 0.5296000242233276, 0.5292999744415283, 0.5335999727249146, 0.5449000000953674, 0.5443000197410583, 0.5523999929428101, 0.5536999702453613, 0.552299976348877, 0.5593000054359436, 0.5631999969482422, 0.5630000233650208, 0.5680999755859375, 0.572700023651123, 0.5807999968528748, 0.58160001039505, 0.583899974822998, 0.5857999920845032, 0.5874999761581421, 0.5917999744415283, 0.5914999842643738, 0.5942999720573425, 0.6015999913215637, 0.5942999720573425, 0.6050999760627747, 0.6033999919891357, 0.6050999760627747, 0.6096000075340271, 0.6089000105857849, 0.602400004863739, 0.6155999898910522, 0.6074000000953674, 0.6172000169754028, 0.6151000261306763, 0.6212000250816345, 0.6164000034332275, 0.6144999861717224, 0.6237999796867371, 0.6180999875068665, 0.6259999871253967, 0.6308000087738037, 0.6273000240325928, 0.6266000270843506, 0.6259999871253967, 0.6297000050544739, 0.6301000118255615, 0.6340000033378601, 0.6284999847412109, 0.6312999725341797, 0.6309000253677368, 0.6366000175476074, 0.6365000009536743, 0.6341999769210815, 0.6406999826431274, 0.6403999924659729, 0.6349999904632568, 0.6312999725341797, 0.6355999708175659, 0.6427000164985657, 0.6378999948501587, 0.641700029373169, 0.6435999870300293, 0.6453999876976013, 0.641700029373169, 0.6444000005722046, 0.6414999961853027, 0.6439999938011169, 0.6488000154495239, 0.6468999981880188, 0.647599995136261, 0.6478000283241272, 0.6496000289916992, 0.649399995803833, 0.651199996471405, 0.6504999995231628, 0.6520000100135803, 0.6491000056266785, 0.6523000001907349, 0.6495000123977661, 0.652899980545044, 0.6538000106811523, 0.6517999768257141, 0.6545000076293945, 0.652999997138977, 0.6543999910354614, 0.6503000259399414, 0.656499981880188, 0.6567000150680542, 0.6539000272750854, 0.6561999917030334, 0.6517999768257141, 0.6543999910354614]}