{"loss": [1.8975807428359985, 1.3915222883224487, 1.1685600280761719, 1.0068883895874023, 0.8895506262779236, 0.7973992228507996, 0.7183613777160645, 0.6456533670425415, 0.5803518891334534, 0.5188313126564026, 0.45600399374961853, 0.40109777450561523, 0.3452180027961731, 0.29932963848114014, 0.2591725289821625, 0.21822093427181244, 0.1797448694705963, 0.15391786396503448, 0.12338420003652573, 0.09907875210046768, 0.07994978129863739, 0.06311152130365372, 0.04644649848341942, 0.04034410044550896, 0.0217211302369833, 0.011708196252584457, 0.0063351527787745, 0.004371898714452982, 0.003442171262577176, 0.0028951840940862894, 0.002510800724849105, 0.002233124803751707, 0.001994210295379162, 0.0018272905144840479, 0.0016557587077841163, 0.0015425977762788534, 0.0014246186474338174, 0.0013368892250582576, 0.0012536707799881697, 0.001182991312816739, 0.0010971390875056386, 0.0010388538939878345, 0.0009823760483413935, 0.0009351002518087626, 0.0008904654532670975, 0.0008523289579898119, 0.0008132485672831535, 0.0007811067043803632, 0.0007455968298017979, 0.000713371264282614], "accuracy": [0.2907400131225586, 0.4958600103855133, 0.584119975566864, 0.6471199989318848, 0.6866000294685364, 0.7231000065803528, 0.7452800273895264, 0.7714999914169312, 0.7963200211524963, 0.8174800276756287, 0.8387799859046936, 0.8591600060462952, 0.878059983253479, 0.896399974822998, 0.9104200005531311, 0.9245799779891968, 0.9388399720191956, 0.9487199783325195, 0.9600399732589722, 0.9690799713134766, 0.9746400117874146, 0.982200026512146, 0.9879599809646606, 0.9896799921989441, 0.9964799880981445, 0.9989399909973145, 0.9997000098228455, 0.9998800158500671, 0.9999399781227112, 0.9999600052833557, 0.9999799728393555, 0.9999799728393555, 0.9999799728393555, 0.9999799728393555, 0.9999799728393555, 0.9999799728393555, 0.9999799728393555, 0.9999799728393555, 0.9999799728393555, 0.9999799728393555, 0.9999799728393555, 0.9999799728393555, 0.9999799728393555, 0.9999799728393555, 0.9999799728393555, 0.9999799728393555, 0.9999799728393555, 0.9999799728393555, 0.9999799728393555, 0.9999799728393555], "val_loss": [1.583209753036499, 1.2425498962402344, 1.1401571035385132, 1.1172666549682617, 0.980786144733429, 1.0662147998809814, 0.964608907699585, 0.9718132019042969, 1.015668511390686, 0.9910064339637756, 1.0805109739303589, 1.1745593547821045, 1.1722819805145264, 1.2972439527511597, 1.364821434020996, 1.4935612678527832, 1.5753276348114014, 1.8277744054794312, 1.9503183364868164, 2.0051145553588867, 2.063307762145996, 2.118535041809082, 2.33494234085083, 2.3404266834259033, 2.565922737121582, 2.5869410037994385, 2.674015522003174, 2.760446071624756, 2.8261659145355225, 2.878220796585083, 2.91904354095459, 2.9607648849487305, 3.007446527481079, 3.0384418964385986, 3.0654847621917725, 3.0905601978302, 3.118717670440674, 3.1375317573547363, 3.1639862060546875, 3.1884849071502686, 3.2082438468933105, 3.2280662059783936, 3.2515976428985596, 3.2704522609710693, 3.289517641067505, 3.301318645477295, 3.3203320503234863, 3.3369030952453613, 3.351494550704956, 3.3654606342315674], "val_accuracy": [0.4244000017642975, 0.5550000071525574, 0.5974000096321106, 0.6115999817848206, 0.6644999980926514, 0.6438999772071838, 0.6793000102043152, 0.6814000010490417, 0.6761999726295471, 0.6861000061035156, 0.676800012588501, 0.670199990272522, 0.6830000281333923, 0.6797999739646912, 0.6776000261306763, 0.675000011920929, 0.671500027179718, 0.6633999943733215, 0.6632999777793884, 0.6746000051498413, 0.6661999821662903, 0.6725000143051147, 0.6643000245094299, 0.6759999990463257, 0.6664999723434448, 0.6735000014305115, 0.6741999983787537, 0.6739000082015991, 0.6747000217437744, 0.6758999824523926, 0.6754999756813049, 0.675000011920929, 0.6751999855041504, 0.6753000020980835, 0.6758999824523926, 0.6758000254631042, 0.6758000254631042, 0.6758999824523926, 0.6762999892234802, 0.6764000058174133, 0.6758999824523926, 0.6762999892234802, 0.6771000027656555, 0.676800012588501, 0.6766999959945679, 0.6762999892234802, 0.6766999959945679, 0.6766999959945679, 0.6772000193595886, 0.6762999892234802]}