{"loss": [1.7198152542114258, 1.349634051322937, 1.2032661437988281, 1.095914602279663, 1.0109871625900269, 0.9491094350814819, 0.8935722708702087, 0.8435572385787964, 0.8024370074272156, 0.7619085311889648, 0.7120769619941711, 0.6781107783317566, 0.6369226574897766, 0.5969508290290833, 0.5698984861373901, 0.5303472876548767, 0.4944038987159729, 0.4648432433605194, 0.43648937344551086, 0.41041648387908936, 0.3850994110107422, 0.3549601435661316, 0.3338105380535126, 0.31680014729499817, 0.29602229595184326, 0.2834636867046356, 0.2635340094566345, 0.2501622438430786, 0.22924219071865082, 0.22006700932979584, 0.20351602137088776, 0.20911498367786407, 0.19820564985275269, 0.1930118203163147, 0.17257481813430786, 0.1677938848733902, 0.1608811318874359, 0.15654605627059937, 0.15091106295585632, 0.15207310020923615, 0.14233915507793427, 0.14496693015098572, 0.13392877578735352, 0.13051122426986694, 0.1315629780292511, 0.12198920547962189, 0.12931635975837708, 0.1246502548456192, 0.11401618272066116, 0.10937979817390442], "accuracy": [0.36682000756263733, 0.5147600173950195, 0.5719799995422363, 0.6126000285148621, 0.6442000269889832, 0.6679199934005737, 0.6844800114631653, 0.7042400240898132, 0.7169600129127502, 0.7325400114059448, 0.7479599714279175, 0.7613400220870972, 0.7753199934959412, 0.7883399724960327, 0.7972999811172485, 0.8120200037956238, 0.8248400092124939, 0.8328199982643127, 0.8454999923706055, 0.8537600040435791, 0.8644800186157227, 0.8748199939727783, 0.880840003490448, 0.886900007724762, 0.8949999809265137, 0.8998600244522095, 0.9077600240707397, 0.9115599989891052, 0.917959988117218, 0.9232800006866455, 0.9275400042533875, 0.927839994430542, 0.9325000047683716, 0.9337199926376343, 0.9394400119781494, 0.942520022392273, 0.9449800252914429, 0.946940004825592, 0.9475200176239014, 0.9469799995422363, 0.9523199796676636, 0.9518399834632874, 0.9547799825668335, 0.9570000171661377, 0.9571599960327148, 0.9585599899291992, 0.9584599733352661, 0.958899974822998, 0.9625800251960754, 0.9642999768257141], "val_loss": [1.4150699377059937, 1.326026439666748, 1.2446649074554443, 1.1785073280334473, 1.0631051063537598, 1.052666187286377, 0.9859609603881836, 1.0730253458023071, 1.0065696239471436, 0.9922844767570496, 1.0464073419570923, 1.049778938293457, 1.0553909540176392, 1.0628182888031006, 1.118220567703247, 1.1347721815109253, 1.1612852811813354, 1.2504386901855469, 1.2714847326278687, 1.3466891050338745, 1.3585861921310425, 1.4379843473434448, 1.5870757102966309, 1.7023491859436035, 1.7469836473464966, 1.718806266784668, 1.8660855293273926, 1.996578574180603, 1.9574183225631714, 2.1962568759918213, 2.202699661254883, 2.2930045127868652, 2.3862624168395996, 2.4122817516326904, 2.518733501434326, 2.566331386566162, 2.7381465435028076, 2.6471879482269287, 2.900047540664673, 2.859985589981079, 2.9266068935394287, 2.9649879932403564, 3.0214719772338867, 3.126187562942505, 3.236893653869629, 3.276878833770752, 3.366608142852783, 3.2899553775787354, 3.440260648727417, 3.4135208129882812], "val_accuracy": [0.48669999837875366, 0.5239999890327454, 0.5625, 0.5856999754905701, 0.6302000284194946, 0.6297000050544739, 0.6586999893188477, 0.6366000175476074, 0.6560999751091003, 0.6696000099182129, 0.6592000126838684, 0.6657000184059143, 0.6718000173568726, 0.6744999885559082, 0.6618000268936157, 0.6674000024795532, 0.6682000160217285, 0.6668999791145325, 0.6597999930381775, 0.6561999917030334, 0.6714000105857849, 0.6643999814987183, 0.6549000144004822, 0.6557999849319458, 0.6557000279426575, 0.6610000133514404, 0.6567999720573425, 0.6549000144004822, 0.6486999988555908, 0.6488999724388123, 0.6553999781608582, 0.654699981212616, 0.6504999995231628, 0.6489999890327454, 0.6588000059127808, 0.6464999914169312, 0.6518999934196472, 0.6471999883651733, 0.6542999744415283, 0.6480000019073486, 0.6473000049591064, 0.6640999913215637, 0.6603999733924866, 0.6590999960899353, 0.6486999988555908, 0.6489999890327454, 0.6456999778747559, 0.6510999798774719, 0.6496000289916992, 0.6514999866485596]}