{"loss": [6.782772541046143, 2.3073410987854004, 2.3069424629211426, 2.3068385124206543, 2.3072736263275146, 2.3069088459014893, 2.306997776031494, 2.3071277141571045, 2.306659698486328, 2.306774377822876, 2.307234287261963, 2.3071680068969727, 2.3069891929626465, 2.3069019317626953, 2.3073699474334717, 2.3072965145111084, 2.3070521354675293, 2.307727098464966, 2.306614875793457, 2.307562828063965, 2.307063102722168, 2.30757474899292, 2.306914806365967, 2.3070883750915527, 2.307368278503418, 2.3069686889648438, 2.3068642616271973, 2.3073630332946777, 2.307239055633545, 2.307180404663086, 2.3068180084228516, 2.307892322540283, 2.307508707046509, 2.3073041439056396, 2.3071727752685547, 2.306706666946411, 2.3069193363189697, 2.307201623916626, 2.3066952228546143, 2.307044744491577, 2.3074464797973633, 2.3068366050720215, 2.306884527206421, 2.307074785232544, 2.306854486465454, 2.3070385456085205, 2.3069944381713867, 2.3070638179779053, 2.3068835735321045, 2.3075077533721924], "accuracy": [0.10106000304222107, 0.09796000272035599, 0.09752000123262405, 0.09988000243902206, 0.09796000272035599, 0.09882000088691711, 0.098860003054142, 0.10029999911785126, 0.10158000141382217, 0.1012599989771843, 0.10047999769449234, 0.0972599983215332, 0.10171999782323837, 0.09861999750137329, 0.10047999769449234, 0.10040000081062317, 0.10056000202894211, 0.09888000041246414, 0.10142000019550323, 0.09867999702692032, 0.10155999660491943, 0.09864000231027603, 0.10072000324726105, 0.09743999689817429, 0.09849999845027924, 0.09929999709129333, 0.10057999938726425, 0.09843999892473221, 0.09963999688625336, 0.09967999905347824, 0.09911999851465225, 0.09690000116825104, 0.09989999979734421, 0.09973999857902527, 0.09927999973297119, 0.10087999701499939, 0.09954000264406204, 0.1006999984383583, 0.09942000359296799, 0.09867999702692032, 0.09826000034809113, 0.10100000351667404, 0.0993800014257431, 0.10057999938726425, 0.09734000265598297, 0.10093999654054642, 0.09978000074625015, 0.09706000238656998, 0.10050000250339508, 0.100040003657341], "val_loss": [2.3128952980041504, 2.305609703063965, 2.3087639808654785, 2.3112242221832275, 2.3055613040924072, 2.311826229095459, 2.3056633472442627, 2.3061931133270264, 2.30670166015625, 2.31000018119812, 2.312652826309204, 2.3104324340820312, 2.3085734844207764, 2.3108091354370117, 2.304377794265747, 2.307454824447632, 2.3072710037231445, 2.304252862930298, 2.3088395595550537, 2.305255889892578, 2.309363603591919, 2.309194803237915, 2.3071439266204834, 2.305232048034668, 2.310225009918213, 2.3067572116851807, 2.304396152496338, 2.3066070079803467, 2.306417942047119, 2.303748846054077, 2.3097705841064453, 2.3091869354248047, 2.3063106536865234, 2.3075335025787354, 2.3051717281341553, 2.3067398071289062, 2.3064968585968018, 2.304643392562866, 2.3048439025878906, 2.3084909915924072, 2.3039896488189697, 2.3055737018585205, 2.306912660598755, 2.3054890632629395, 2.3047828674316406, 2.306392192840576, 2.3047409057617188, 2.308471202850342, 2.3069310188293457, 2.306786060333252], "val_accuracy": [0.10000000149011612, 0.10000000149011612, 0.10000000149011612, 0.10000000149011612, 0.10000000149011612, 0.10000000149011612, 0.10000000149011612, 0.10000000149011612, 0.10000000149011612, 0.10000000149011612, 0.10000000149011612, 0.10000000149011612, 0.10000000149011612, 0.10000000149011612, 0.10000000149011612, 0.10000000149011612, 0.10000000149011612, 0.10000000149011612, 0.10000000149011612, 0.10000000149011612, 0.10000000149011612, 0.10000000149011612, 0.10000000149011612, 0.10000000149011612, 0.10000000149011612, 0.10000000149011612, 0.10000000149011612, 0.10000000149011612, 0.10000000149011612, 0.10000000149011612, 0.10000000149011612, 0.10000000149011612, 0.10000000149011612, 0.10000000149011612, 0.10000000149011612, 0.10000000149011612, 0.10000000149011612, 0.10000000149011612, 0.10000000149011612, 0.10000000149011612, 0.10000000149011612, 0.10000000149011612, 0.10000000149011612, 0.10000000149011612, 0.10000000149011612, 0.10000000149011612, 0.10000000149011612, 0.10000000149011612, 0.10000000149011612, 0.10000000149011612]}