{"loss": [1.5721224546432495, 1.195973515510559, 1.0262625217437744, 0.9175617098808289, 0.8470636010169983, 0.786410391330719, 0.7226779460906982, 0.6690461039543152, 0.6232434511184692, 0.5691804885864258, 0.5232440233230591, 0.4844955503940582, 0.44096657633781433, 0.4013797640800476, 0.365536093711853, 0.3289566934108734, 0.2938794791698456, 0.2634757161140442, 0.2352384626865387, 0.21014127135276794, 0.18275722861289978, 0.16908133029937744, 0.14662928879261017, 0.12696737051010132, 0.11205066740512848, 0.09781574457883835, 0.08574323356151581, 0.07662582397460938, 0.0678025335073471, 0.06268835812807083, 0.058432687073946, 0.051502496004104614, 0.04772523418068886, 0.042820487171411514, 0.04390110448002815, 0.03749982267618179, 0.03706621006131172, 0.031935423612594604, 0.033114202320575714, 0.0286773219704628, 0.02795521542429924, 0.030419092625379562, 0.02747761271893978, 0.03034711442887783, 0.028320519253611565, 0.027727844193577766, 0.02657489664852619, 0.02623141184449196, 0.02535010501742363, 0.026262421160936356, 0.022245287895202637, 0.02414861135184765, 0.023049039766192436, 0.024251233786344528, 0.025776229798793793, 0.024318771436810493, 0.021825119853019714, 0.022888964042067528, 0.02326776646077633, 0.019039703533053398, 0.019329598173499107, 0.02411307953298092, 0.024006519466638565, 0.023720622062683105, 0.01862480491399765, 0.017238212749361992, 0.016695089638233185, 0.021402260288596153, 0.019072992727160454, 0.018945110961794853, 0.019713984802365303, 0.02164238691329956, 0.01854747347533703, 0.020517440512776375, 0.020014110952615738, 0.020984577015042305, 0.020480303093791008, 0.017659282311797142, 0.017667090520262718, 0.016746949404478073, 0.016056211665272713, 0.019870007410645485, 0.01874082162976265, 0.01718311943113804, 0.014387587085366249, 0.014914392493665218, 0.02072172611951828, 0.01684720441699028, 0.017538605257868767, 0.01582128182053566, 0.019046232104301453, 0.017954546958208084, 0.015670327469706535, 0.016497517004609108, 0.015970531851053238, 0.017057988792657852, 0.0170252975076437, 0.01612548530101776, 0.014086030423641205, 0.020146461203694344], "accuracy": [0.42660000920295715, 0.574999988079071, 0.6399000287055969, 0.6798400282859802, 0.7046599984169006, 0.72434002161026, 0.7492600083351135, 0.7659199833869934, 0.7828400135040283, 0.8030200004577637, 0.8180999755859375, 0.8312399983406067, 0.8453800082206726, 0.8585799932479858, 0.8723199963569641, 0.8852199912071228, 0.8989599943161011, 0.9085400104522705, 0.9176599979400635, 0.9281799793243408, 0.9373800158500671, 0.9415799975395203, 0.9485399723052979, 0.9560400247573853, 0.9606599807739258, 0.9663000106811523, 0.9696599841117859, 0.9738399982452393, 0.9770200252532959, 0.9787600040435791, 0.9796599745750427, 0.98225998878479, 0.9841399788856506, 0.985319972038269, 0.9850800037384033, 0.9871399998664856, 0.9873800277709961, 0.9894199967384338, 0.9894199967384338, 0.9903799891471863, 0.9903600215911865, 0.989359974861145, 0.9904800057411194, 0.9899399876594543, 0.9905400276184082, 0.990339994430542, 0.9905200004577637, 0.9915800094604492, 0.9913600087165833, 0.9909600019454956, 0.9924600124359131, 0.9914799928665161, 0.9919599890708923, 0.9917399883270264, 0.9914600253105164, 0.9915199875831604, 0.9924799799919128, 0.9925000071525574, 0.9919800162315369, 0.9935399889945984, 0.9933000206947327, 0.9921799898147583, 0.9920600056648254, 0.9920200109481812, 0.9936800003051758, 0.9943000078201294, 0.9944999814033508, 0.9932399988174438, 0.9934399724006653, 0.9938600063323975, 0.994159996509552, 0.9925600290298462, 0.9944000244140625, 0.9929400086402893, 0.9934399724006653, 0.9932399988174438, 0.9929400086402893, 0.9939799904823303, 0.9944999814033508, 0.9944999814033508, 0.9947599768638611, 0.9937800168991089, 0.9936800003051758, 0.9940999746322632, 0.9952800273895264, 0.9950600266456604, 0.9934200048446655, 0.994379997253418, 0.9943600296974182, 0.9950399994850159, 0.9937999844551086, 0.9934399724006653, 0.9948400259017944, 0.9949399828910828, 0.9948800206184387, 0.9945600032806396, 0.994700014591217, 0.9947199821472168, 0.9956600069999695, 0.993340015411377], "val_loss": [1.309308648109436, 1.1668974161148071, 1.0425159931182861, 0.938012421131134, 0.9306383728981018, 0.8796282410621643, 0.8445565700531006, 0.8818851709365845, 0.8508210182189941, 0.821137011051178, 0.8534481525421143, 0.8747903108596802, 0.9446377754211426, 0.9174538254737854, 0.9535509943962097, 1.0013060569763184, 1.07277250289917, 1.1385046243667603, 1.1745857000350952, 1.2698194980621338, 1.3128973245620728, 1.4026941061019897, 1.4513846635818481, 1.5354880094528198, 1.686872124671936, 1.7066398859024048, 1.8308662176132202, 1.942404866218567, 1.9751524925231934, 2.030618667602539, 2.11590313911438, 2.1865625381469727, 2.2525882720947266, 2.318324327468872, 2.365351676940918, 2.4788010120391846, 2.4406824111938477, 2.658482313156128, 2.5784101486206055, 2.642008066177368, 2.656392812728882, 2.8083393573760986, 2.91064190864563, 2.850743055343628, 2.945981502532959, 2.977113962173462, 3.0485196113586426, 3.083547592163086, 3.021592140197754, 3.128933906555176, 3.1010169982910156, 3.2079553604125977, 3.184715509414673, 3.1545236110687256, 3.3182168006896973, 3.1761245727539062, 3.423642873764038, 3.3311398029327393, 3.404071092605591, 3.448881149291992, 3.5228612422943115, 3.5857460498809814, 3.584453582763672, 3.500957489013672, 3.6108641624450684, 3.5150821208953857, 3.597140312194824, 3.631032705307007, 3.660381317138672, 3.7592215538024902, 3.6604390144348145, 3.9731829166412354, 3.6560733318328857, 3.850440740585327, 3.84869384765625, 3.82185435295105, 3.7468769550323486, 3.8228352069854736, 3.940331220626831, 3.9220077991485596, 4.033344268798828, 4.024013042449951, 4.109927654266357, 3.918610095977783, 3.9696691036224365, 4.154689311981201, 4.058881759643555, 4.025439262390137, 4.139156818389893, 4.169687271118164, 4.235879421234131, 4.259561538696289, 4.264759063720703, 4.3061842918396, 4.365346431732178, 4.489377498626709, 4.3324971199035645, 4.2310614585876465, 4.5765461921691895, 4.311807155609131],