{"loss": [2.3472554683685303, 2.306912899017334, 2.3065900802612305, 2.306795597076416, 2.3067431449890137, 2.306504011154175, 2.3064191341400146, 2.306668996810913, 2.306753635406494, 2.306678295135498, 2.3068814277648926, 2.306626558303833, 2.306548595428467, 2.3069419860839844, 2.3064775466918945, 2.306394100189209, 2.3061330318450928, 2.306211233139038, 2.3068368434906006, 2.3066346645355225, 2.306913375854492, 2.306553363800049, 2.3062732219696045, 2.306823253631592, 2.3067219257354736, 2.3062658309936523, 2.306816339492798, 2.306609630584717, 2.306910753250122, 2.3063619136810303, 2.306459665298462, 2.306844472885132, 2.306283950805664, 2.306292772293091, 2.306685209274292, 2.306920289993286, 2.306403160095215, 2.306955575942993, 2.3065199851989746, 2.306384563446045, 2.3066213130950928, 2.3067076206207275, 2.3068203926086426, 2.3066394329071045, 2.3065998554229736, 2.3068134784698486, 2.306770086288452, 2.306659460067749, 2.3063080310821533, 2.306203842163086, 2.306736469268799, 2.3063573837280273, 2.3063414096832275, 2.3062031269073486, 2.3068788051605225, 2.3061177730560303, 2.306104898452759, 2.3062472343444824, 2.306462287902832, 2.306729793548584, 2.3063578605651855, 2.3066246509552, 2.3062937259674072, 2.3066201210021973, 2.306513786315918, 2.30657958984375, 2.3065028190612793, 2.306523323059082, 2.306461811065674, 2.3067424297332764, 2.306502103805542, 2.306544065475464, 2.306706666946411, 2.3065185546875, 2.306654453277588, 2.3066306114196777, 2.306405544281006, 2.3068816661834717, 2.306760311126709, 2.3063876628875732, 2.3063862323760986, 2.306307554244995, 2.3067433834075928, 2.3064990043640137, 2.3065152168273926, 2.306764602661133, 2.306774854660034, 2.3070130348205566, 2.306532621383667, 2.3063225746154785, 2.306727886199951, 2.306837558746338, 2.3068196773529053, 2.3063461780548096, 2.306941032409668, 2.3063623905181885, 2.3068439960479736, 2.3065991401672363, 2.3060028553009033, 2.306722402572632], "accuracy": [0.09932000190019608, 0.0995199978351593, 0.10068000108003616, 0.09821999818086624, 0.09831999987363815, 0.09982000291347504, 0.09991999715566635, 0.09923999756574631, 0.09762000292539597, 0.09944000095129013, 0.10152000188827515, 0.09950000047683716, 0.09927999973297119, 0.09893999993801117, 0.10023999959230423, 0.09945999830961227, 0.10106000304222107, 0.10211999714374542, 0.09969999641180038, 0.0964599996805191, 0.09944000095129013, 0.09922000020742416, 0.09892000257968903, 0.09932000190019608, 0.09917999804019928, 0.10022000223398209, 0.09939999878406525, 0.09843999892473221, 0.09781999886035919, 0.0983399972319603, 0.09932000190019608, 0.10023999959230423, 0.09960000216960907, 0.10183999687433243, 0.09935999661684036, 0.09967999905347824, 0.09917999804019928, 0.10038000345230103, 0.10279999673366547, 0.09927999973297119, 0.09873999655246735, 0.09861999750137329, 0.09638000279664993, 0.09818000346422195, 0.09976000338792801, 0.10119999945163727, 0.09994000196456909, 0.09771999716758728, 0.10113999992609024, 0.10013999789953232, 0.09935999661684036, 0.10022000223398209, 0.09860000014305115, 0.0989999994635582, 0.09849999845027924, 0.10051999986171722, 0.09944000095129013, 0.10220000147819519, 0.09787999838590622, 0.09852000325918198, 0.10119999945163727, 0.09961999952793121, 0.10175999999046326, 0.09843999892473221, 0.10035999864339828, 0.09911999851465225, 0.10006000101566315, 0.09905999898910522, 0.09972000122070312, 0.09831999987363815, 0.09803999960422516, 0.10044000297784805, 0.09860000014305115, 0.09956000000238419, 0.10001999884843826, 0.09736000001430511, 0.10181999951601028, 0.09907999634742737, 0.09932000190019608, 0.10050000250339508, 0.09882000088691711, 0.10068000108003616, 0.09907999634742737, 0.09988000243902206, 0.09824000298976898, 0.09888000041246414, 0.10057999938726425, 0.09784000366926193, 0.09910000115633011, 0.0996600016951561, 0.09976000338792801, 0.09821999818086624, 0.09839999675750732, 0.10317999869585037, 0.10028000175952911, 0.10155999660491943, 0.0989999994635582, 0.09984000027179718, 0.10142000019550323, 0.09758000075817108], "val_loss": [2.3059685230255127, 2.306204319000244, 2.3052468299865723, 2.3063910007476807, 2.3050739765167236, 2.305126905441284, 2.3048317432403564, 2.3054184913635254, 2.3049349784851074, 2.304614543914795, 2.3060896396636963, 2.304283857345581, 2.3052992820739746, 2.308572769165039, 2.3081114292144775, 2.306330680847168, 2.3075318336486816, 2.3057892322540283, 2.305485725402832, 2.304628610610962, 2.307029962539673, 2.3058979511260986, 2.3106789588928223, 2.308042049407959, 2.3051745891571045, 2.308444023132324, 2.3042752742767334, 2.306230068206787, 2.3040103912353516, 2.305419921875, 2.3114750385284424, 2.306427240371704, 2.306410312652588, 2.3089756965637207, 2.306783437728882, 2.3078153133392334, 2.3048415184020996, 2.3053064346313477, 2.3043012619018555, 2.3078975677490234, 2.3051037788391113, 2.3048949241638184, 2.3049533367156982, 2.305264949798584, 2.306415319442749, 2.3067352771759033, 2.305168628692627, 2.3055429458618164, 2.3046305179595947, 2.3092401027679443, 2.304685115814209, 2.307737350463867, 2.305330753326416, 2.3061182498931885, 2.3071560859680176, 2.30777907371521, 2.305720329284668, 2.3051202297210693, 2.3080079555511475, 2.3047966957092285, 2.306664228439331, 2.305945873260498, 2.305396318435669, 2.305241346359253, 2.304718255996704, 2.303980827331543, 2.304795980453491, 2.3087613582611084, 2.307349920272827, 2.3047516345977783, 2.3036856651306152, 2.3075759410858154, 2.30619740486145, 2.306461811065674, 2.305717706680298, 2.304962396621704, 2.309269428253174, 2.3096835613250732, 2.3058154582977295, 2.3066458702087402, 2.3062901496887207, 2.3084027767181396, 2.3058743476867676, 2.3101391792297363, 2.304922580718994, 2.3044943809509277, 2.3105626106262207, 2.306309223175049, 2.304978847503662, 2.3096749782562256, 2.312058687210083, 2.3053410053253174, 2.307918071746826, 2.3093016147613525, 2.3049635887145996, 2.3066811561584473, 2.3050923347473145, 2.30558705329895, 2.306741714477539, 2.303880214691162],