{"loss": [1.5216021537780762, 1.155780553817749, 1.0058950185775757, 0.9091796875, 0.8360375761985779, 0.7753371000289917, 0.7279547452926636, 0.6857573390007019, 0.6468510031700134, 0.6090503334999084, 0.5775524973869324, 0.5492045879364014, 0.5214732885360718, 0.48766109347343445, 0.466888427734375, 0.44062379002571106, 0.41690176725387573, 0.39544907212257385, 0.37451523542404175, 0.3481821119785309, 0.3317870795726776, 0.3159444332122803, 0.2991649806499481, 0.2874421775341034, 0.2680966556072235, 0.25575003027915955, 0.24232055246829987, 0.23844170570373535, 0.22089165449142456, 0.2184779942035675, 0.19753408432006836, 0.19758404791355133, 0.18890175223350525, 0.18530914187431335, 0.1788027584552765, 0.17345649003982544, 0.17101944983005524, 0.15735992789268494, 0.1538812816143036, 0.15530453622341156, 0.14779764413833618, 0.15566588938236237, 0.14692942798137665, 0.1404937356710434, 0.13383865356445312, 0.13667577505111694, 0.126026913523674, 0.12744416296482086, 0.12442372739315033, 0.1162656769156456], "accuracy": [0.44519999623298645, 0.5899199843406677, 0.648419976234436, 0.6836599707603455, 0.7093999981880188, 0.7273799777030945, 0.7442200183868408, 0.7595400214195251, 0.7719600200653076, 0.7849199771881104, 0.7954999804496765, 0.8065400123596191, 0.8140400052070618, 0.8274199962615967, 0.8331800103187561, 0.8450400233268738, 0.8510400056838989, 0.858460009098053, 0.8642399907112122, 0.8746600151062012, 0.8803399801254272, 0.8871999979019165, 0.8921200037002563, 0.896120011806488, 0.9035999774932861, 0.9085800051689148, 0.9115200042724609, 0.9132999777793884, 0.9198200106620789, 0.9204400181770325, 0.9281200170516968, 0.9285399913787842, 0.9319599866867065, 0.9321799874305725, 0.9348999857902527, 0.9386799931526184, 0.9377400279045105, 0.9437000155448914, 0.9448800086975098, 0.9457799792289734, 0.9476799964904785, 0.9447000026702881, 0.9483399987220764, 0.949720025062561, 0.9530199766159058, 0.9518799781799316, 0.9570800065994263, 0.9558200240135193, 0.9561799764633179, 0.9595199823379517], "val_loss": [1.2659380435943604, 1.1500002145767212, 0.9930284023284912, 0.9816681742668152, 0.9056304693222046, 0.9743524193763733, 0.916648268699646, 0.853404700756073, 0.8631640672683716, 0.870108425617218, 0.9250859618186951, 0.9208593964576721, 0.9449018836021423, 0.9944902062416077, 1.020542860031128, 1.0235011577606201, 1.0200424194335938, 1.1109216213226318, 1.1371712684631348, 1.1899126768112183, 1.2033861875534058, 1.2449517250061035, 1.314799189567566, 1.33866286277771, 1.3999158143997192, 1.4559526443481445, 1.457919716835022, 1.5440442562103271, 1.616084337234497, 1.639026165008545, 1.7235023975372314, 1.8067433834075928, 1.836212158203125, 1.8817497491836548, 1.9890469312667847, 2.0131139755249023, 2.1197824478149414, 2.111288070678711, 2.179629325866699, 2.1687090396881104, 2.1544389724731445, 2.2090635299682617, 2.3285164833068848, 2.3298566341400146, 2.369058609008789, 2.3226799964904785, 2.4933512210845947, 2.418902635574341, 2.5061116218566895, 2.640294313430786], "val_accuracy": [0.53329998254776, 0.5931000113487244, 0.6482999920845032, 0.6571000218391418, 0.6851000189781189, 0.6653000116348267, 0.6891000270843506, 0.7096999883651733, 0.7116000056266785, 0.7085999846458435, 0.7020999789237976, 0.7069000005722046, 0.70660001039505, 0.6976000070571899, 0.6917999982833862, 0.7067999839782715, 0.7139000296592712, 0.6912000179290771, 0.7063000202178955, 0.6915000081062317, 0.6988999843597412, 0.6965000033378601, 0.6996999979019165, 0.6951000094413757, 0.6990000009536743, 0.6904000043869019, 0.6960999965667725, 0.692799985408783, 0.6952000260353088, 0.6901000142097473, 0.6930000185966492, 0.6912999749183655, 0.6931999921798706, 0.6866999864578247, 0.6866000294685364, 0.6894000172615051, 0.6796000003814697, 0.6739000082015991, 0.6863999962806702, 0.6783999800682068, 0.6863999962806702, 0.6863999962806702, 0.6841999888420105, 0.6833000183105469, 0.6818000078201294, 0.6848000288009644, 0.6796000003814697, 0.6818000078201294, 0.6886000037193298, 0.6761000156402588]}