{"loss": [2.0214128494262695, 1.5830901861190796, 1.4990224838256836, 1.4459928274154663, 1.4082764387130737, 1.3882508277893066, 1.3594475984573364, 1.3328912258148193, 1.3163259029388428, 1.312317967414856, 1.293818473815918, 1.272752285003662, 1.2577698230743408, 1.247390627861023, 1.2335418462753296, 1.2164150476455688, 1.1987178325653076, 1.191403865814209, 1.1784383058547974, 1.1748664379119873, 1.156304121017456, 1.1453036069869995, 1.1338332891464233, 1.1208524703979492, 1.1184923648834229, 1.1065046787261963, 1.0988465547561646, 1.088335633277893, 1.0657963752746582, 1.0613549947738647, 1.0557888746261597, 1.0442876815795898, 1.039347529411316, 1.029140830039978, 1.02555513381958, 1.020032525062561, 0.997250497341156, 0.9787779450416565, 0.982334315776825, 0.973033607006073, 0.9710227847099304, 0.9543723464012146, 0.9542568922042847, 0.9418156147003174, 0.9357545971870422, 0.9352604150772095, 0.9219777584075928, 0.9137618541717529, 0.9097149968147278, 0.8953414559364319], "accuracy": [0.27724000811576843, 0.4255400002002716, 0.4587399959564209, 0.48100000619888306, 0.4939199984073639, 0.5053200125694275, 0.513759970664978, 0.5227400064468384, 0.5320600271224976, 0.5339400172233582, 0.5429199934005737, 0.5485600233078003, 0.5569599866867065, 0.559660017490387, 0.5625, 0.5704799890518188, 0.5775200128555298, 0.5794600248336792, 0.5860000252723694, 0.5896599888801575, 0.5931199789047241, 0.5971199870109558, 0.6026399731636047, 0.6066799759864807, 0.60971999168396, 0.6160600185394287, 0.6145399808883667, 0.6219199895858765, 0.625819981098175, 0.629040002822876, 0.6318600177764893, 0.6369799971580505, 0.6378200054168701, 0.6397200226783752, 0.6401799917221069, 0.6444600224494934, 0.6507999897003174, 0.65802001953125, 0.6573200225830078, 0.661300003528595, 0.6599199771881104, 0.6661199927330017, 0.6682599782943726, 0.671239972114563, 0.6736000180244446, 0.6724399924278259, 0.6798999905586243, 0.6815599799156189, 0.6855999827384949, 0.689300000667572], "val_loss": [1.6398814916610718, 1.5514756441116333, 1.4419822692871094, 1.46654212474823, 1.5014477968215942, 1.420981526374817, 1.4003244638442993, 1.3928626775741577, 1.485361099243164, 1.4399999380111694, 1.4062066078186035, 1.4189120531082153, 1.4649436473846436, 1.4500713348388672, 1.4627121686935425, 1.52671217918396, 1.445069670677185, 1.4003229141235352, 1.4455698728561401, 1.4688119888305664, 1.5696929693222046, 1.537076711654663, 1.5134191513061523, 1.4303689002990723, 1.4942487478256226, 1.4619051218032837, 1.4565218687057495, 1.5115233659744263, 1.5695843696594238, 1.5406972169876099, 1.51279878616333, 1.5403602123260498, 1.559511423110962, 1.5627082586288452, 1.5634503364562988, 1.5926029682159424, 1.5423551797866821, 1.6649069786071777, 1.5567604303359985, 1.6700693368911743, 1.6666138172149658, 1.7389435768127441, 1.641719937324524, 1.7466741800308228, 1.801162838935852, 1.719758152961731, 1.6689560413360596, 1.882756233215332, 1.743147611618042, 1.717605710029602], "val_accuracy": [0.38190001249313354, 0.43070000410079956, 0.4819999933242798, 0.4745999872684479, 0.47269999980926514, 0.4830999970436096, 0.49709999561309814, 0.5081999897956848, 0.47909998893737793, 0.48330000042915344, 0.5041000247001648, 0.5033000111579895, 0.49470001459121704, 0.5084999799728394, 0.4975000023841858, 0.5098999738693237, 0.5109000205993652, 0.5264000296592712, 0.5051000118255615, 0.5146999955177307, 0.4814000129699707, 0.48910000920295715, 0.5051000118255615, 0.5253000259399414, 0.5156000256538391, 0.5148000121116638, 0.519599974155426, 0.5164999961853027, 0.5087000131607056, 0.5105000138282776, 0.5221999883651733, 0.5192000269889832, 0.5174999833106995, 0.5128999948501587, 0.5170000195503235, 0.5235999822616577, 0.5083000063896179, 0.5083000063896179, 0.5160999894142151, 0.5231000185012817, 0.5163999795913696, 0.510200023651123, 0.5048999786376953, 0.4991999864578247, 0.5103999972343445, 0.5123999714851379, 0.5252000093460083, 0.4957999885082245, 0.5045999884605408, 0.5189999938011169]}