{"loss": [1.5504704713821411, 1.1872532367706299, 1.0324580669403076, 0.9364258646965027, 0.855526864528656, 0.8027307987213135, 0.7542556524276733, 0.7119498252868652, 0.6721884608268738, 0.6401513814926147, 0.6017836332321167, 0.5752475261688232, 0.5407577157020569, 0.5060099363327026, 0.4809621572494507, 0.4546605944633484, 0.4301873743534088, 0.4067344069480896, 0.3833918869495392, 0.36251312494277954, 0.34206029772758484, 0.3261945843696594, 0.30532318353652954, 0.2905607521533966, 0.2790902554988861, 0.25890684127807617, 0.24250443279743195, 0.23869504034519196, 0.22447717189788818, 0.2171897441148758, 0.20038625597953796, 0.20307177305221558, 0.1952555626630783, 0.1871975064277649, 0.1773652285337448, 0.17421574890613556, 0.16767169535160065, 0.16060562431812286, 0.15928445756435394, 0.15221776068210602, 0.1610051393508911, 0.14502070844173431, 0.14319755136966705, 0.13857197761535645, 0.14151732623577118, 0.12920379638671875, 0.13522368669509888, 0.13325625658035278, 0.12247978150844574, 0.1277824342250824, 0.12598878145217896, 0.12756972014904022, 0.1145496517419815, 0.11612074077129364, 0.1137993335723877, 0.11174838244915009, 0.11403201520442963, 0.1209399625658989, 0.11233092844486237, 0.10586520284414291, 0.10341504216194153, 0.11727163940668106, 0.10051259398460388, 0.10025458037853241, 0.10967137664556503, 0.0948408991098404, 0.10119608044624329, 0.10477301478385925, 0.09764364361763, 0.094088613986969, 0.09100719541311264, 0.09804487228393555, 0.0915193259716034, 0.09704294055700302, 0.0921221598982811, 0.09549849480390549, 0.09198299050331116, 0.0925668329000473, 0.10072865337133408, 0.08632110059261322, 0.09625735133886337, 0.08314827084541321, 0.09288232773542404, 0.08783814311027527, 0.0846015140414238, 0.08800941705703735, 0.08847413957118988, 0.09010240435600281, 0.07909693568944931, 0.09606409817934036, 0.07728569209575653, 0.08302927017211914, 0.07594413310289383, 0.09644940495491028, 0.0841926634311676, 0.08059191703796387, 0.07748759537935257, 0.08709533512592316, 0.07994697988033295, 0.08151298016309738], "accuracy": [0.4300000071525574, 0.5780400037765503, 0.6357399821281433, 0.6711400151252747, 0.7004799842834473, 0.7196999788284302, 0.73471999168396, 0.7494000196456909, 0.7641199827194214, 0.7745599746704102, 0.7893199920654297, 0.797980010509491, 0.8093400001525879, 0.8212599754333496, 0.8304600119590759, 0.8388000130653381, 0.846340000629425, 0.8548200130462646, 0.8632400035858154, 0.8707000017166138, 0.8791400194168091, 0.8821799755096436, 0.891219973564148, 0.8938999772071838, 0.8991600275039673, 0.9075800180435181, 0.9135800004005432, 0.9144600033760071, 0.9188600182533264, 0.9207800030708313, 0.9281200170516968, 0.9257000088691711, 0.9289000034332275, 0.9320399761199951, 0.936240017414093, 0.9370200037956238, 0.9401599764823914, 0.9428200125694275, 0.9410799741744995, 0.94514000415802, 0.9436799883842468, 0.9480400085449219, 0.9489399790763855, 0.950659990310669, 0.9505599737167358, 0.9537000060081482, 0.9534599781036377, 0.9521999955177307, 0.9569000005722046, 0.9545599818229675, 0.9577400088310242, 0.955780029296875, 0.9608399868011475, 0.9592400193214417, 0.960860013961792, 0.9608799815177917, 0.9615200161933899, 0.958840012550354, 0.9627000093460083, 0.9632800221443176, 0.9639999866485596, 0.9600800275802612, 0.9654200077056885, 0.9660800099372864, 0.9638000130653381, 0.9681599736213684, 0.9654200077056885, 0.9648600220680237, 0.9670400023460388, 0.9690600037574768, 0.9692000150680542, 0.9672999978065491, 0.9693800210952759, 0.9678800106048584, 0.9685999751091003, 0.9680200219154358, 0.9698399901390076, 0.9695199728012085, 0.967519998550415, 0.9716600179672241, 0.9684000015258789, 0.9725199937820435, 0.9693400263786316, 0.9714199900627136, 0.9726799726486206, 0.9708999991416931, 0.9707199931144714, 0.9709600210189819, 0.9740399718284607, 0.9701600074768066, 0.9746800065040588, 0.972819983959198, 0.9746599793434143, 0.9703199863433838, 0.97434002161026, 0.9743599891662598, 0.9748600125312805, 0.9726600050926208, 0.9739800095558167, 0.9738600254058838], "val_loss": [1.308321475982666, 1.1206176280975342, 1.0532814264297485, 0.9344549775123596, 0.8839417695999146, 0.9097450375556946, 0.9047580361366272, 0.8317016363143921, 0.8469025492668152, 0.9056021571159363, 0.8622392416000366, 0.9226589798927307, 0.921657919883728, 0.921004593372345, 0.9517110586166382, 0.9883864521980286, 1.0212823152542114, 1.1183148622512817, 1.0923742055892944, 1.2012015581130981, 1.1887247562408447, 1.2020199298858643, 1.2987592220306396, 1.2786245346069336, 1.3746349811553955, 1.33864426612854, 1.4957611560821533, 1.6056461334228516, 1.5738046169281006, 1.628250241279602, 1.6948615312576294, 1.66343355178833, 1.7737104892730713, 1.820438027381897, 1.8500056266784668, 1.866722822189331, 1.9070971012115479, 1.9677027463912964, 2.016787052154541, 2.17269229888916, 2.1197197437286377, 2.217252492904663, 2.2560160160064697, 2.255587339401245, 2.2793312072753906, 2.3661084175109863, 2.3426766395568848, 2.45088791847229, 2.3912417888641357, 2.4999797344207764, 2.5582668781280518, 2.5393612384796143, 2.491471767425537, 2.580223560333252, 2.6790082454681396, 2.6796789169311523, 2.885859727859497, 2.7419333457946777, 2.9274165630340576, 2.8278439044952393, 2.788235902786255, 2.836333751678467, 2.908900499343872, 2.8766303062438965, 2.9123787879943848, 3.2037174701690674, 2.915619134902954, 3.0004310607910156, 3.014047861099243, 2.959594249725342, 3.194486141204834, 3.1514453887939453, 3.2100272178649902, 3.237910032272339, 3.2414305210113525, 3.1524946689605713, 3.2425575256347656, 3.246962785720825, 3.297450304031372, 3.239503860473633, 3.244032621383667, 3.3957293033599854, 3.3829123973846436, 3.286607503890991, 3.459590196609497, 3.360921859741211, 3.4101836681365967, 3.357086658477783, 3.5001800060272217, 3.4725136756896973, 3.7025327682495117, 3.468266010284424, 3.5794546604156494, 3.488330841064453, 3.51593279838562, 3.514972686767578, 3.8906819820404053, 3.5899910926818848, 3.5972933769226074, 3.6780343055725098],