{"loss": [1.7095168828964233, 1.360503911972046, 1.2197338342666626, 1.1211909055709839, 1.0341405868530273, 0.9669666290283203, 0.911166250705719, 0.8641065359115601, 0.8235878348350525, 0.7831095457077026, 0.7506049871444702, 0.7166228890419006, 0.6875039935112, 0.6607798933982849, 0.6354450583457947, 0.6082445383071899, 0.581934928894043, 0.5571829080581665, 0.5324265360832214, 0.5120832324028015, 0.4872436821460724, 0.4644322693347931, 0.44098588824272156, 0.42046648263931274, 0.4002787172794342, 0.38120102882385254, 0.36260977387428284, 0.3403514325618744, 0.3231329917907715, 0.30428528785705566, 0.2835792601108551, 0.26748955249786377, 0.2516392469406128, 0.231357142329216, 0.2213657647371292, 0.20525583624839783, 0.19067245721817017, 0.1767701506614685, 0.16146863996982574, 0.1488705426454544, 0.1392897069454193, 0.12405534833669662, 0.11441955715417862, 0.10436864197254181, 0.09508176892995834, 0.08729115128517151, 0.07945255935192108, 0.07123234122991562, 0.0640878975391388, 0.05646447837352753], "accuracy": [0.37310001254081726, 0.5120000243186951, 0.5666400194168091, 0.6067399978637695, 0.6371399760246277, 0.662339985370636, 0.6829000115394592, 0.6979600191116333, 0.7145400047302246, 0.7266200184822083, 0.7403600215911865, 0.7538800239562988, 0.7608199715614319, 0.7718799710273743, 0.7826200127601624, 0.7903000116348267, 0.7985600233078003, 0.8093199729919434, 0.8162199854850769, 0.824180006980896, 0.8319799900054932, 0.839680016040802, 0.8499000072479248, 0.8565400242805481, 0.8624200224876404, 0.8700000047683716, 0.8762800097465515, 0.8851000070571899, 0.8896999955177307, 0.8967199921607971, 0.9029600024223328, 0.9100599884986877, 0.9150199890136719, 0.9228799939155579, 0.9253799915313721, 0.9309599995613098, 0.9373199939727783, 0.9419400095939636, 0.9480400085449219, 0.9516599774360657, 0.9553800225257874, 0.960919976234436, 0.9641799926757812, 0.9679800271987915, 0.971560001373291, 0.9732199907302856, 0.9762200117111206, 0.9794999957084656, 0.9823799729347229, 0.9844599962234497], "val_loss": [1.4736462831497192, 1.2963756322860718, 1.1646779775619507, 1.119864821434021, 1.0424623489379883, 0.969602644443512, 0.9414108395576477, 0.9127678871154785, 0.8857860565185547, 0.8784059286117554, 0.876549482345581, 0.8858371376991272, 0.8330066204071045, 0.8295699954032898, 0.8423190712928772, 0.8515444397926331, 0.8304328918457031, 0.8318533301353455, 0.8374642729759216, 0.8483089804649353, 0.8472295999526978, 0.8585832118988037, 0.8760441541671753, 0.9119264483451843, 0.9411348700523376, 0.9692818522453308, 0.9543371796607971, 1.0031554698944092, 1.0108234882354736, 1.0254907608032227, 1.0975335836410522, 1.0742648839950562, 1.146317958831787, 1.152635097503662, 1.210540771484375, 1.2438700199127197, 1.2553046941757202, 1.309433937072754, 1.362086296081543, 1.356062650680542, 1.4431381225585938, 1.471892237663269, 1.5465666055679321, 1.5350886583328247, 1.628740668296814, 1.6686476469039917, 1.7555509805679321, 1.7685835361480713, 1.7984261512756348, 1.8905582427978516], "val_accuracy": [0.46880000829696655, 0.5336999893188477, 0.5924000144004822, 0.6085000038146973, 0.6341999769210815, 0.6657000184059143, 0.6779000163078308, 0.6822999715805054, 0.698199987411499, 0.6966999769210815, 0.7013999819755554, 0.699400007724762, 0.7141000032424927, 0.7203999757766724, 0.7127000093460083, 0.7171000242233276, 0.7257999777793884, 0.7257000207901001, 0.722599983215332, 0.7239000201225281, 0.7254999876022339, 0.7250000238418579, 0.7257000207901001, 0.7199000120162964, 0.7092000246047974, 0.7085000276565552, 0.7217000126838684, 0.7128999829292297, 0.710099995136261, 0.7177000045776367, 0.7099000215530396, 0.7145000100135803, 0.7042999863624573, 0.7117000222206116, 0.7085999846458435, 0.7042999863624573, 0.7075999975204468, 0.7050999999046326, 0.7027999758720398, 0.7080000042915344, 0.7060999870300293, 0.7117000222206116, 0.6965000033378601, 0.7019000053405762, 0.7024999856948853, 0.7044000029563904, 0.7034000158309937, 0.6998000144958496, 0.7024000287055969, 0.7009999752044678]}