{"loss": [8.405281066894531, 2.3134284019470215, 2.3132059574127197, 2.313248634338379, 2.312602996826172, 2.313126802444458, 2.3133535385131836, 2.3137834072113037, 2.3134307861328125, 2.3138022422790527, 2.3140339851379395, 2.3143553733825684, 2.314352035522461, 2.31398868560791, 2.3137474060058594, 2.3135011196136475, 2.3145711421966553, 2.313467264175415, 2.3140695095062256, 2.3136022090911865, 2.3141870498657227, 2.314202070236206, 2.3134641647338867, 2.3133933544158936, 2.3142497539520264, 2.3137154579162598, 2.313910484313965, 2.3141591548919678, 2.3133161067962646, 2.3136417865753174, 2.3142428398132324, 2.3140196800231934, 2.3141133785247803, 2.313307285308838, 2.313934326171875, 2.313917636871338, 2.314363479614258, 2.3137388229370117, 2.3133797645568848, 2.3141000270843506, 2.314481258392334, 2.313767910003662, 2.3142271041870117, 2.3134169578552246, 2.3146400451660156, 2.3144774436950684, 2.314445972442627, 2.313838243484497, 2.3148813247680664, 2.3137617111206055, 2.313265800476074, 2.3138699531555176, 2.3132991790771484, 2.3147666454315186, 2.314918041229248, 2.313397169113159, 2.314183473587036, 2.313832998275757, 2.3133440017700195, 2.314406394958496, 2.3138227462768555, 2.314486503601074, 2.314328193664551, 2.3140132427215576, 2.314183473587036, 2.314491033554077, 2.313352584838867, 2.314101457595825, 2.313871383666992, 2.3138675689697266, 2.314413070678711, 2.3144867420196533, 2.314469337463379, 2.313901662826538, 2.314185857772827, 2.313436508178711, 2.313966751098633, 2.3141632080078125, 2.3131072521209717, 2.313957929611206, 2.313657522201538, 2.313361883163452, 2.3138320446014404, 2.313958168029785, 2.3146824836730957, 2.313927173614502, 2.3142452239990234, 2.3144261837005615, 2.3136963844299316, 2.3141894340515137, 2.3133625984191895, 2.3145763874053955, 2.315166711807251, 2.3142075538635254, 2.3147902488708496, 2.314500570297241, 2.315025806427002, 2.3135647773742676, 2.314087152481079, 2.3144590854644775], "accuracy": [0.10093999654054642, 0.09706000238656998, 0.09956000000238419, 0.10072000324726105, 0.09877999871969223, 0.10035999864339828, 0.10074000060558319, 0.09997999668121338, 0.09905999898910522, 0.10038000345230103, 0.10035999864339828, 0.10072000324726105, 0.09957999736070633, 0.10010000318288803, 0.09914000332355499, 0.1008400022983551, 0.10100000351667404, 0.10196000337600708, 0.10063999891281128, 0.10162000358104706, 0.10051999986171722, 0.09769999980926514, 0.09893999993801117, 0.10165999829769135, 0.09957999736070633, 0.10155999660491943, 0.09769999980926514, 0.10168000310659409, 0.10090000182390213, 0.09982000291347504, 0.09831999987363815, 0.1008400022983551, 0.0987199991941452, 0.10171999782323837, 0.10286000370979309, 0.09942000359296799, 0.09905999898910522, 0.10251999646425247, 0.10307999700307846, 0.10051999986171722, 0.0993800014257431, 0.09972000122070312, 0.10044000297784805, 0.09956000000238419, 0.09848000109195709, 0.09747999906539917, 0.09681999683380127, 0.09945999830961227, 0.09888000041246414, 0.09690000116825104, 0.10124000161886215, 0.10075999796390533, 0.10040000081062317, 0.09967999905347824, 0.09600000083446503, 0.09882000088691711, 0.0989999994635582, 0.09920000284910202, 0.10000000149011612, 0.09860000014305115, 0.10270000249147415, 0.10016000270843506, 0.10153999924659729, 0.098580002784729, 0.10056000202894211, 0.10001999884843826, 0.10023999959230423, 0.10109999775886536, 0.10113999992609024, 0.10146000236272812, 0.10006000101566315, 0.10066000372171402, 0.10226000100374222, 0.10113999992609024, 0.10028000175952911, 0.09994000196456909, 0.09907999634742737, 0.10053999722003937, 0.10224000364542007, 0.09950000047683716, 0.0997999981045723, 0.09942000359296799, 0.10127999633550644, 0.0982000008225441, 0.096220001578331, 0.09901999682188034, 0.10041999816894531, 0.09898000210523605, 0.10062000155448914, 0.09883999824523926, 0.10102000087499619, 0.0982000008225441, 0.09867999702692032, 0.10057999938726425, 0.10118000209331512, 0.10153999924659729, 0.09876000136137009, 0.10204000025987625, 0.1008400022983551, 0.09882000088691711], "val_loss": [2.312263011932373, 2.3128466606140137, 2.31815505027771, 2.319916248321533, 2.3128278255462646, 2.318563222885132, 2.3065905570983887, 2.321272850036621, 2.310936689376831, 2.307880163192749, 2.313394784927368, 2.3152663707733154, 2.3095977306365967, 2.3126440048217773, 2.310166597366333, 2.315185070037842, 2.310685396194458, 2.315676212310791, 2.320162773132324, 2.307807683944702, 2.309488534927368, 2.3122990131378174, 2.3131957054138184, 2.3133504390716553, 2.309147357940674, 2.31984806060791, 2.318751335144043, 2.306307077407837, 2.309812307357788, 2.3095524311065674, 2.313485860824585, 2.3204619884490967, 2.3104138374328613, 2.31365966796875, 2.3189971446990967, 2.319998025894165, 2.31488037109375, 2.3222880363464355, 2.3144330978393555, 2.3124701976776123, 2.3139541149139404, 2.3121955394744873, 2.3105788230895996, 2.3161659240722656, 2.3174588680267334, 2.3148574829101562, 2.3130619525909424, 2.3061747550964355, 2.309349298477173, 2.3121633529663086, 2.3133459091186523, 2.3227295875549316, 2.3212106227874756, 2.313258171081543, 2.3083791732788086, 2.3180646896362305, 2.306225538253784, 2.3260385990142822, 2.3263485431671143, 2.3103621006011963, 2.325316905975342, 2.3197460174560547, 2.3092241287231445, 2.3099660873413086, 2.3097469806671143, 2.307687520980835, 2.3128745555877686, 2.317164897918701, 2.3115856647491455, 2.32318115234375, 2.3112540245056152, 2.3165316581726074, 2.3123233318328857, 2.3112094402313232, 2.3321168422698975, 2.3116486072540283, 2.319185733795166, 2.312148332595825, 2.320910692214966, 2.309086799621582, 2.3098387718200684, 2.3159985542297363, 2.311018228530884, 2.3119752407073975, 2.316293239593506, 2.315260887145996, 2.311954975128174, 2.3154869079589844, 2.3101444244384766, 2.3177008628845215, 2.31439208984375, 2.310495376586914, 2.3142125606536865, 2.3120458126068115, 2.316777467727661, 2.317775249481201, 2.315152406692505, 2.3083245754241943, 2.308967351913452, 2.3181581497192383],