{"loss": [15.510114669799805, 2.3125863075256348, 2.313326835632324, 2.3128843307495117, 2.313784122467041, 2.313021183013916, 2.312701940536499, 2.3132567405700684, 2.313084602355957, 2.3136794567108154, 2.3137364387512207, 2.3137035369873047, 2.3140547275543213, 2.313908815383911, 2.3139381408691406, 2.3142054080963135, 2.3136672973632812, 2.313994884490967, 2.313701629638672, 2.314485549926758, 2.3138628005981445, 2.3141255378723145, 2.313961982727051, 2.3146309852600098, 2.3138644695281982, 2.314565896987915, 2.313563346862793, 2.313647508621216, 2.3142805099487305, 2.314211130142212, 2.3150198459625244, 2.3141636848449707, 2.3138508796691895, 2.313603162765503, 2.3136584758758545, 2.314404010772705, 2.3142895698547363, 2.3140339851379395, 2.3140697479248047, 2.3135528564453125, 2.3130311965942383, 2.3136487007141113, 2.314279079437256, 2.3134477138519287, 2.3142874240875244, 2.3138113021850586, 2.3141672611236572, 2.314578056335449, 2.3136565685272217, 2.3135945796966553], "accuracy": [0.09995999932289124, 0.0995199978351593, 0.09873999655246735, 0.09969999641180038, 0.10053999722003937, 0.09854000061750412, 0.10140000283718109, 0.09939999878406525, 0.09944000095129013, 0.09967999905347824, 0.10152000188827515, 0.09905999898910522, 0.10087999701499939, 0.1011200025677681, 0.09821999818086624, 0.09984000027179718, 0.10034000128507614, 0.1003199964761734, 0.09995999932289124, 0.09722000360488892, 0.09995999932289124, 0.1004600003361702, 0.10130000114440918, 0.10146000236272812, 0.09942000359296799, 0.09870000183582306, 0.10035999864339828, 0.09907999634742737, 0.09961999952793121, 0.09991999715566635, 0.09640000015497208, 0.1019200012087822, 0.10131999850273132, 0.10320000350475311, 0.09839999675750732, 0.09893999993801117, 0.09927999973297119, 0.0997999981045723, 0.09954000264406204, 0.10028000175952911, 0.09864000231027603, 0.09991999715566635, 0.10264000296592712, 0.10146000236272812, 0.10075999796390533, 0.09967999905347824, 0.10063999891281128, 0.09914000332355499, 0.10035999864339828, 0.10072000324726105], "val_loss": [2.304213762283325, 2.3118503093719482, 2.3122169971466064, 2.3062126636505127, 2.314352512359619, 2.313474416732788, 2.316244125366211, 2.3184547424316406, 2.3156237602233887, 2.315074920654297, 2.3146395683288574, 2.3075203895568848, 2.3129594326019287, 2.3123950958251953, 2.316014051437378, 2.3122336864471436, 2.3120226860046387, 2.3100204467773438, 2.3150038719177246, 2.3088693618774414, 2.315012216567993, 2.311105966567993, 2.3154969215393066, 2.3176376819610596, 2.3115499019622803, 2.306865930557251, 2.3127803802490234, 2.30914306640625, 2.30557918548584, 2.3240795135498047, 2.314483880996704, 2.30745792388916, 2.3116683959960938, 2.3253626823425293, 2.306377649307251, 2.311494827270508, 2.314026117324829, 2.3115077018737793, 2.310863971710205, 2.3110129833221436, 2.3183581829071045, 2.3076305389404297, 2.3108644485473633, 2.3184049129486084, 2.3062384128570557, 2.3100876808166504, 2.315612316131592, 2.3120696544647217, 2.321291923522949, 2.3150687217712402], "val_accuracy": [0.10000000149011612, 0.10000000149011612, 0.10000000149011612, 0.10000000149011612, 0.10000000149011612, 0.10000000149011612, 0.10000000149011612, 0.10000000149011612, 0.10000000149011612, 0.10000000149011612, 0.10000000149011612, 0.10000000149011612, 0.10000000149011612, 0.10000000149011612, 0.10000000149011612, 0.10000000149011612, 0.10000000149011612, 0.10000000149011612, 0.10000000149011612, 0.10000000149011612, 0.10000000149011612, 0.10000000149011612, 0.10000000149011612, 0.10000000149011612, 0.10000000149011612, 0.10000000149011612, 0.10000000149011612, 0.10000000149011612, 0.10000000149011612, 0.10000000149011612, 0.10000000149011612, 0.10000000149011612, 0.10000000149011612, 0.10000000149011612, 0.10000000149011612, 0.10000000149011612, 0.10000000149011612, 0.10000000149011612, 0.10000000149011612, 0.10000000149011612, 0.10000000149011612, 0.10000000149011612, 0.10000000149011612, 0.10000000149011612, 0.10000000149011612, 0.10000000149011612, 0.10000000149011612, 0.10000000149011612, 0.10000000149011612, 0.10000000149011612]}