{"loss": [2.3044700622558594, 2.3039886951446533, 2.3039371967315674, 2.3037941455841064, 2.303889751434326, 2.3039605617523193, 2.3040664196014404, 2.3037548065185547, 2.3039236068725586, 2.3038973808288574, 2.304136037826538, 2.303687572479248, 2.303922414779663, 2.3038361072540283, 2.304046630859375, 2.303992748260498, 2.3039252758026123, 2.30383563041687, 2.3038909435272217, 2.3040103912353516, 2.304230213165283, 2.3039002418518066, 2.3039443492889404, 2.3037967681884766, 2.30399751663208, 2.3039333820343018, 2.303910255432129, 2.303934335708618, 2.304098606109619, 2.3041350841522217, 2.3041279315948486, 2.3037779331207275, 2.30387282371521, 2.3041512966156006, 2.304107189178467, 2.3039636611938477, 2.304018020629883, 2.303962230682373, 2.3039703369140625, 2.303833484649658, 2.3039391040802, 2.3040826320648193, 2.3039424419403076, 2.304176092147827, 2.304152011871338, 2.304016590118408, 2.3041739463806152, 2.303961992263794, 2.3037774562835693, 2.303940773010254], "accuracy": [0.09898000210523605, 0.09926000237464905, 0.09963999688625336, 0.10035999864339828, 0.10051999986171722, 0.0997999981045723, 0.09956000000238419, 0.10385999828577042, 0.10108000040054321, 0.09916000068187714, 0.09910000115633011, 0.10115999728441238, 0.10013999789953232, 0.1021599993109703, 0.09985999763011932, 0.09752000123262405, 0.1020599976181984, 0.10087999701499939, 0.09995999932289124, 0.09969999641180038, 0.09939999878406525, 0.10016000270843506, 0.09991999715566635, 0.10180000215768814, 0.1023000031709671, 0.09967999905347824, 0.1009799987077713, 0.1016400009393692, 0.09842000156641006, 0.09961999952793121, 0.09702000021934509, 0.09923999756574631, 0.09997999668121338, 0.09736000001430511, 0.0983399972319603, 0.10159999877214432, 0.09796000272035599, 0.09917999804019928, 0.09911999851465225, 0.09923999756574631, 0.10057999938726425, 0.10102000087499619, 0.09997999668121338, 0.09843999892473221, 0.09845999628305435, 0.09826000034809113, 0.09984000027179718, 0.09954000264406204, 0.10056000202894211, 0.09956000000238419], "val_loss": [2.303800344467163, 2.3043148517608643, 2.303530216217041, 2.304080009460449, 2.3039968013763428, 2.303924322128296, 2.3035333156585693, 2.304159641265869, 2.303490161895752, 2.304717779159546, 2.3041253089904785, 2.3035361766815186, 2.3029870986938477, 2.305034875869751, 2.303842067718506, 2.303722381591797, 2.303710699081421, 2.3037962913513184, 2.303762912750244, 2.3035595417022705, 2.303394317626953, 2.303431749343872, 2.3039560317993164, 2.303272247314453, 2.3040053844451904, 2.3042688369750977, 2.303576707839966, 2.3036115169525146, 2.3035333156585693, 2.3033947944641113, 2.303570032119751, 2.3048253059387207, 2.3041253089904785, 2.303474187850952, 2.3029229640960693, 2.3036692142486572, 2.304065465927124, 2.3036532402038574, 2.3043668270111084, 2.3041574954986572, 2.30446195602417, 2.3044164180755615, 2.3034210205078125, 2.3035342693328857, 2.3041083812713623, 2.3042960166931152, 2.303029775619507, 2.303400993347168, 2.303687810897827, 2.303360939025879], "val_accuracy": [0.10000000149011612, 0.10000000149011612, 0.10000000149011612, 0.10000000149011612, 0.10000000149011612, 0.10000000149011612, 0.10000000149011612, 0.10000000149011612, 0.10000000149011612, 0.10000000149011612, 0.10000000149011612, 0.10000000149011612, 0.10000000149011612, 0.10000000149011612, 0.10000000149011612, 0.10000000149011612, 0.10000000149011612, 0.10000000149011612, 0.10000000149011612, 0.10000000149011612, 0.10000000149011612, 0.10000000149011612, 0.10000000149011612, 0.10000000149011612, 0.10000000149011612, 0.10000000149011612, 0.10000000149011612, 0.10000000149011612, 0.10000000149011612, 0.10000000149011612, 0.10000000149011612, 0.10000000149011612, 0.10000000149011612, 0.10000000149011612, 0.10000000149011612, 0.10000000149011612, 0.10000000149011612, 0.10000000149011612, 0.10000000149011612, 0.10000000149011612, 0.10000000149011612, 0.10000000149011612, 0.10000000149011612, 0.10000000149011612, 0.10000000149011612, 0.10000000149011612, 0.10000000149011612, 0.10000000149011612, 0.10000000149011612, 0.10000000149011612]}