{"loss": [1.4887787103652954, 1.0821372270584106, 0.9266172647476196, 0.8276638984680176, 0.754327118396759, 0.6973008513450623, 0.6467523574829102, 0.6011085510253906, 0.5648504495620728, 0.524935245513916, 0.4900255799293518, 0.4606417119503021, 0.4254383444786072, 0.39748433232307434, 0.3676522970199585, 0.34612566232681274, 0.32101085782051086, 0.29639536142349243, 0.2828940451145172, 0.25836023688316345, 0.24245420098304749, 0.22709214687347412, 0.21495512127876282, 0.20625482499599457, 0.19586290419101715, 0.18335996568202972, 0.17257893085479736, 0.17042692005634308, 0.1612475961446762, 0.15649713575839996, 0.14906011521816254, 0.14977921545505524, 0.13629139959812164, 0.1431991308927536, 0.12625300884246826, 0.1387513428926468, 0.13151748478412628, 0.13347744941711426, 0.12347403168678284, 0.12427232414484024, 0.1259647160768509, 0.118700310587883, 0.11690229177474976, 0.1188540905714035, 0.113828644156456, 0.10795323550701141, 0.11179816722869873, 0.10445302724838257, 0.11454138904809952, 0.09907816350460052, 0.11067084223031998, 0.100247323513031, 0.10060995072126389, 0.0936846062541008, 0.10129614919424057, 0.10482823103666306, 0.09565073251724243, 0.10815034061670303, 0.08663894236087799, 0.09742918610572815, 0.10418519377708435, 0.09451990574598312, 0.09399774670600891, 0.08856581151485443, 0.0898970514535904, 0.09637010097503662, 0.08907289803028107, 0.09664315730333328, 0.08649249374866486, 0.08976652473211288, 0.08597327768802643, 0.08296813815832138, 0.08941209316253662, 0.08008627593517303, 0.08181125670671463, 0.08633613586425781, 0.08402755111455917, 0.08499284833669662, 0.07933367043733597, 0.08695653080940247, 0.08477643877267838, 0.08240613341331482, 0.0723472535610199, 0.08122990280389786, 0.07730016857385635, 0.08445855230093002, 0.07568804174661636, 0.08606160432100296, 0.07683295756578445, 0.08357080072164536, 0.07158330082893372, 0.08000096678733826, 0.07391420751810074, 0.07741983234882355, 0.07805986702442169, 0.07673384994268417, 0.08613339811563492, 0.06799593567848206, 0.07424337416887283, 0.07657066732645035], "accuracy": [0.4605799913406372, 0.6185200214385986, 0.6743000149726868, 0.7096999883651733, 0.7347000241279602, 0.7547000050544739, 0.7737799882888794, 0.7902600169181824, 0.8010600209236145, 0.8146200180053711, 0.826960027217865, 0.8379600048065186, 0.8496000170707703, 0.858959972858429, 0.8695200085639954, 0.8763200044631958, 0.8842999935150146, 0.8941599726676941, 0.898639976978302, 0.9074199795722961, 0.9135400056838989, 0.9175999760627747, 0.9227399826049805, 0.9256799817085266, 0.9294800162315369, 0.9328600168228149, 0.9368000030517578, 0.9387800097465515, 0.9417799711227417, 0.9433599710464478, 0.9477199912071228, 0.9465399980545044, 0.9520400166511536, 0.949999988079071, 0.9546200037002563, 0.9517999887466431, 0.9537799954414368, 0.9536799788475037, 0.9574400186538696, 0.9569799900054932, 0.9568799734115601, 0.9591599702835083, 0.9595199823379517, 0.9594399929046631, 0.9622799754142761, 0.9639000296592712, 0.9612200260162354, 0.9653000235557556, 0.961899995803833, 0.9653000235557556, 0.962660014629364, 0.9664599895477295, 0.96670001745224, 0.9687600135803223, 0.9660800099372864, 0.9658799767494202, 0.9686200022697449, 0.9650599956512451, 0.9713199734687805, 0.9681400060653687, 0.9660800099372864, 0.969539999961853, 0.9690399765968323, 0.9705399870872498, 0.9703400135040283, 0.9689599871635437, 0.9715999960899353, 0.9687399864196777, 0.9718199968338013, 0.9703599810600281, 0.9720600247383118, 0.9726399779319763, 0.9712600111961365, 0.9742599725723267, 0.9735599756240845, 0.9714000225067139, 0.9731400012969971, 0.9734600186347961, 0.9746000170707703, 0.9728800058364868, 0.9738199710845947, 0.974839985370636, 0.9763399958610535, 0.9741799831390381, 0.9755799770355225, 0.9734600186347961, 0.9758399724960327, 0.9741399884223938, 0.9757400155067444, 0.9745799899101257, 0.9771400094032288, 0.9760000109672546, 0.9761599898338318, 0.975820004940033, 0.9760199785232544, 0.9764599800109863, 0.9745200276374817, 0.9793400168418884, 0.9773399829864502, 0.9772199988365173], "val_loss": [1.2157171964645386, 1.0390832424163818, 0.9795475602149963, 0.8942123055458069, 0.8488138914108276, 0.859840989112854, 0.8291930556297302, 0.8673213720321655, 0.8959274291992188, 0.9676013588905334, 0.8936001658439636, 0.9143868088722229, 0.9750460982322693, 0.9850646257400513, 1.08640718460083, 1.0670453310012817, 1.1348611116409302, 1.2012704610824585, 1.2369030714035034, 1.273252248764038, 1.3849676847457886, 1.3993091583251953, 1.4570688009262085, 1.5450222492218018, 1.7236179113388062, 1.751142144203186, 1.7213326692581177, 1.780991792678833, 1.7954542636871338, 1.9113264083862305, 1.928306221961975, 1.9862064123153687, 2.0930233001708984, 2.056020736694336, 2.1973721981048584, 2.157562017440796, 2.1506991386413574, 2.216549873352051, 2.2242796421051025, 2.3441686630249023, 2.321777820587158, 2.3961994647979736, 2.5411343574523926, 2.5546607971191406, 2.47070574760437, 2.5543761253356934, 2.594959259033203, 2.62459135055542, 2.725736379623413, 2.740412950515747, 2.6821742057800293, 2.7200675010681152, 2.6894829273223877, 2.8719446659088135, 2.791416883468628, 2.894792079925537, 2.812419891357422, 2.7932167053222656, 2.9597973823547363, 2.98451828956604, 2.9310052394866943, 2.900876998901367, 2.9950053691864014, 2.9764275550842285, 3.084733247756958, 3.069692850112915, 3.010526657104492, 3.134758710861206, 3.093952178955078, 3.0621531009674072, 3.1771111488342285, 3.1395115852355957, 3.237927198410034, 3.2030510902404785, 3.313138723373413, 3.372532844543457, 3.226529121398926, 3.257829189300537, 3.33235502243042, 3.3467586040496826, 3.3847012519836426, 3.302391767501831, 3.6027605533599854, 3.445742607116699, 3.613510847091675, 3.5078465938568115, 3.495836019515991, 3.4920098781585693, 3.573516845703125, 3.5420637130737305, 3.7689664363861084, 3.5840988159179688, 3.607412576675415, 3.6405081748962402, 3.6742780208587646, 3.5989694595336914, 3.718071937561035, 3.6327152252197266, 3.9081246852874756, 3.8685035705566406],