{"loss": [1.5885920524597168, 1.1871453523635864, 1.0556950569152832, 0.9795175194740295, 0.9279307126998901, 0.88539719581604, 0.8537907004356384, 0.827796220779419, 0.795689582824707, 0.7729927897453308, 0.7505310773849487, 0.7275174260139465, 0.703526496887207, 0.6880123615264893, 0.6721156239509583, 0.6552810072898865, 0.6413357853889465, 0.6241368651390076, 0.6092208623886108, 0.5924484729766846, 0.5864266753196716, 0.5640186667442322, 0.554987370967865, 0.547641932964325, 0.5347014665603638, 0.5205638408660889, 0.5210244655609131, 0.5093252062797546, 0.4979020655155182, 0.4951692223548889, 0.4801689386367798, 0.4832698106765747, 0.465066522359848, 0.46744799613952637, 0.46453309059143066, 0.4526422321796417, 0.45264512300491333, 0.44408929347991943, 0.44798362255096436, 0.44230034947395325, 0.4365319013595581, 0.4278564155101776, 0.43249383568763733, 0.4311201274394989, 0.4181317090988159, 0.4197976589202881, 0.4375835955142975, 0.4057387113571167, 0.41717928647994995, 0.41249755024909973], "accuracy": [0.41815999150276184, 0.5754799842834473, 0.6255800127983093, 0.6575199961662292, 0.6737200021743774, 0.6882799863815308, 0.7011399865150452, 0.7110999822616577, 0.7204399704933167, 0.7304800152778625, 0.7379400134086609, 0.7439200282096863, 0.7535600066184998, 0.758840024471283, 0.7620199918746948, 0.7691199779510498, 0.7741400003433228, 0.7804999947547913, 0.7869600057601929, 0.7923600077629089, 0.7956799864768982, 0.8022599816322327, 0.8047599792480469, 0.808139979839325, 0.8136399984359741, 0.8189399838447571, 0.8168200254440308, 0.8230000138282776, 0.8253399729728699, 0.8277599811553955, 0.8349199891090393, 0.8320199847221375, 0.8365399837493896, 0.8371000289916992, 0.8384199738502502, 0.8425999879837036, 0.8427799940109253, 0.8473600149154663, 0.8459200263023376, 0.8468400239944458, 0.8486599922180176, 0.8520799875259399, 0.8519200086593628, 0.8532999753952026, 0.8560400009155273, 0.8559399843215942, 0.8506199717521667, 0.8600800037384033, 0.8586999773979187, 0.8603399991989136], "val_loss": [1.2528541088104248, 1.1156201362609863, 1.0633362531661987, 1.0701189041137695, 1.0265520811080933, 1.1835280656814575, 0.996924877166748, 0.9899982213973999, 1.01920747756958, 0.9972509741783142, 0.9898220896720886, 0.9993509650230408, 1.0537570714950562, 1.038515567779541, 1.0318329334259033, 1.0429720878601074, 1.0914452075958252, 1.1136798858642578, 1.0778800249099731, 1.1444414854049683, 1.2411102056503296, 1.2076282501220703, 1.213415265083313, 1.223581075668335, 1.2957733869552612, 1.3979324102401733, 1.2788788080215454, 1.4220519065856934, 1.343222975730896, 1.4287171363830566, 1.3873076438903809, 1.377364993095398, 1.4948623180389404, 1.5024389028549194, 1.4836522340774536, 1.5366840362548828, 1.620772123336792, 1.5464973449707031, 1.5899924039840698, 1.5576938390731812, 1.707048773765564, 1.6176397800445557, 1.6485775709152222, 1.7035443782806396, 1.6648420095443726, 1.8415151834487915, 1.6547447443008423, 1.791944146156311, 1.7788939476013184, 1.9007693529129028], "val_accuracy": [0.5558000206947327, 0.6047999858856201, 0.6310999989509583, 0.6287000179290771, 0.6438999772071838, 0.6080999970436096, 0.6592000126838684, 0.6672000288963318, 0.6509000062942505, 0.6668999791145325, 0.671500027179718, 0.6714000105857849, 0.6733999848365784, 0.6650000214576721, 0.671500027179718, 0.6740000247955322, 0.6668000221252441, 0.6654000282287598, 0.6775000095367432, 0.6628000140190125, 0.6437000036239624, 0.6643999814987183, 0.6592000126838684, 0.6575999855995178, 0.6528000235557556, 0.6396999955177307, 0.6572999954223633, 0.6389999985694885, 0.661899983882904, 0.6531000137329102, 0.6657999753952026, 0.663100004196167, 0.6564000248908997, 0.6532999873161316, 0.660099983215332, 0.6535000205039978, 0.649399995803833, 0.650600016117096, 0.6445000171661377, 0.6481000185012817, 0.6381999850273132, 0.6398000121116638, 0.6514999866485596, 0.6485999822616577, 0.6524999737739563, 0.6340000033378601, 0.6517999768257141, 0.6442999839782715, 0.6460000276565552, 0.6406999826431274]}