{"loss": [1.5952165126800537, 1.226301908493042, 1.1182711124420166, 1.0664302110671997, 1.0598524808883667, 1.0715618133544922, 1.0839886665344238, 1.0814197063446045, 1.0726066827774048, 1.0625673532485962, 1.067060112953186, 1.0803439617156982, 1.073858618736267, 1.0661942958831787, 1.0489791631698608, 1.0720161199569702, 1.0512007474899292, 1.0566109418869019, 1.0744562149047852, 1.0661182403564453, 1.078578233718872, 1.08773934841156, 1.0735937356948853, 1.092599868774414, 1.109265923500061, 1.079297661781311, 1.0673823356628418, 1.1316337585449219, 1.1219884157180786, 1.126399040222168, 1.097817301750183, 1.1202759742736816, 1.1551721096038818, 1.1149030923843384, 1.1245393753051758, 1.1368671655654907, 1.1297156810760498, 1.1636697053909302, 1.2312191724777222, 1.2118631601333618, 1.2285810708999634, 1.239835262298584, 1.2709747552871704, 1.3060929775238037, 1.2738958597183228, 1.3464654684066772, 1.3425220251083374, 1.3419511318206787, 1.4137674570083618, 1.452849268913269], "accuracy": [0.4237000048160553, 0.5734800100326538, 0.6151000261306763, 0.6380400061607361, 0.641480028629303, 0.6425600051879883, 0.6394199728965759, 0.641219973564148, 0.6419000029563904, 0.6456999778747559, 0.6482200026512146, 0.6458399891853333, 0.6497600078582764, 0.6507999897003174, 0.6583799719810486, 0.6566600203514099, 0.6595399975776672, 0.6576600074768066, 0.6529800295829773, 0.6583999991416931, 0.6565799713134766, 0.6547999978065491, 0.6601200103759766, 0.6575599908828735, 0.6499599814414978, 0.6571400165557861, 0.6597399711608887, 0.6509400010108948, 0.650600016117096, 0.6420199871063232, 0.6495400071144104, 0.6444000005722046, 0.639959990978241, 0.6488999724388123, 0.6417999863624573, 0.6413999795913696, 0.6435400247573853, 0.6341599822044373, 0.6218000054359436, 0.6222400069236755, 0.6183000206947327, 0.611240029335022, 0.6092600226402283, 0.6089000105857849, 0.5991799831390381, 0.5865600109100342, 0.5837799906730652, 0.5802800059318542, 0.5666400194168091, 0.5466200113296509], "val_loss": [1.3264797925949097, 1.1454367637634277, 1.1702567338943481, 1.1081701517105103, 1.2413743734359741, 1.2398251295089722, 1.3799787759780884, 1.1912919282913208, 1.3231592178344727, 1.3523848056793213, 1.1140620708465576, 1.33855140209198, 1.1685973405838013, 1.1344283819198608, 2.03667950630188, 1.251198172569275, 1.4690332412719727, 1.157138466835022, 1.711974024772644, 1.5714949369430542, 1.7489004135131836, 1.262001395225525, 1.352008581161499, 1.4129852056503296, 1.3905549049377441, 1.2026275396347046, 1.2772002220153809, 1.3668267726898193, 1.4854122400283813, 1.8624628782272339, 1.3881871700286865, 1.376539707183838, 1.5467305183410645, 1.4580156803131104, 1.4355629682540894, 1.7520357370376587, 1.3866291046142578, 1.1687873601913452, 1.9119946956634521, 1.3542511463165283, 1.3188161849975586, 1.5440337657928467, 1.5524871349334717, 1.7251924276351929, 1.845146894454956, 1.9223697185516357, 1.4550232887268066, 1.604235053062439, 1.5777109861373901, 1.4530584812164307], "val_accuracy": [0.5212000012397766, 0.6096000075340271, 0.6086999773979187, 0.6255999803543091, 0.572700023651123, 0.6067000031471252, 0.5961999893188477, 0.6151999831199646, 0.5863000154495239, 0.5616999864578247, 0.6488999724388123, 0.5943999886512756, 0.6026999950408936, 0.633400022983551, 0.5162000060081482, 0.6122999787330627, 0.6115999817848206, 0.6452000141143799, 0.5436999797821045, 0.5651000142097473, 0.5288000106811523, 0.607699990272522, 0.5882999897003174, 0.5403000116348267, 0.5590000152587891, 0.6215999722480774, 0.6018999814987183, 0.5806999802589417, 0.6028000116348267, 0.5194000005722046, 0.5952000021934509, 0.5896999835968018, 0.5572999715805054, 0.5386000275611877, 0.5662000179290771, 0.4997999966144562, 0.5491999983787537, 0.6186000108718872, 0.5033000111579895, 0.5644000172615051, 0.623199999332428, 0.5238999724388123, 0.5637999773025513, 0.5564000010490417, 0.5440000295639038, 0.5891000032424927, 0.5289999842643738, 0.5690000057220459, 0.5698999762535095, 0.4763999879360199]}