{"loss": [1.5898160934448242, 1.2128945589065552, 1.1160122156143188, 1.0971416234970093, 1.0863960981369019, 1.066808819770813, 1.0387035608291626, 1.014441967010498, 1.0046147108078003, 0.9911195039749146, 1.011993169784546, 1.0133923292160034, 1.0064119100570679, 1.0131016969680786, 1.0222948789596558, 1.04539155960083, 1.0452184677124023, 1.05623459815979, 1.0774683952331543, 1.0565720796585083, 1.0795071125030518, 1.1375501155853271, 1.1684707403182983, 1.1887342929840088, 1.1892038583755493, 1.2246696949005127, 1.2083488702774048, 1.2280508279800415, 1.2375409603118896, 1.2686152458190918, 1.3701002597808838, 1.2807998657226562, 1.280147910118103, 1.299559235572815, 1.3248875141143799, 1.3864221572875977, 1.3504658937454224, 1.3724395036697388, 1.3807651996612549, 1.4005227088928223, 1.438473105430603, 1.8539777994155884, 1.4699959754943848, 1.4455503225326538, 1.4288926124572754, 1.7280991077423096, 1.6049669981002808, 1.6754493713378906, 1.8265098333358765, 1.5144712924957275, 1.55437433719635, 1.6234536170959473, 1.6856268644332886, 1.8089091777801514, 1.9079545736312866, 2.804133415222168, 1.6486234664916992, 1.6822693347930908, 1.813596248626709, 1.9911974668502808, 3.5192477703094482, 1.8242591619491577, 2.0623905658721924, 2.01420521736145, 1.971609354019165, 2.4291653633117676, 2.088597297668457, 1.7819701433181763, 1.9940704107284546, 2.022657871246338, 1.7984646558761597, 1.829267978668213, 3.4361886978149414, 1.8431531190872192, 1.9838097095489502, 3.4049971103668213, 1.9354463815689087, 2.477578639984131, 3.337510347366333, 2.410794258117676, 2.1892828941345215, 2.8523240089416504, 2.5613882541656494, 3.60768461227417, 3.0695247650146484, 2.8132660388946533, 1.960461139678955, 2.254704713821411, 1.9384088516235352, 2.0533852577209473, 2.1793487071990967, 2.0993905067443848, 1.885308861732483, 2.5746660232543945, 3.3365325927734375, 1.9826195240020752, 3.5790927410125732, 3.6128456592559814, 2.070667028427124, 4.0828328132629395], "accuracy": [0.42882001399993896, 0.5793399810791016, 0.6189000010490417, 0.630020022392273, 0.637499988079071, 0.6400399804115295, 0.6554200053215027, 0.6640400290489197, 0.6683400273323059, 0.674839973449707, 0.6700800061225891, 0.6742799878120422, 0.6742600202560425, 0.6751800179481506, 0.66975998878479, 0.6656200289726257, 0.6677799820899963, 0.6674000024795532, 0.6646599769592285, 0.6658999919891357, 0.658519983291626, 0.6450200080871582, 0.6343799829483032, 0.6349200010299683, 0.629360020160675, 0.6269199848175049, 0.6223599910736084, 0.614139974117279, 0.6144800186157227, 0.6050400137901306, 0.598800003528595, 0.6054400205612183, 0.601639986038208, 0.5946800112724304, 0.5873799920082092, 0.5924400091171265, 0.5948600172996521, 0.5907599925994873, 0.5838199853897095, 0.5733000040054321, 0.561680018901825, 0.5533599853515625, 0.5545799732208252, 0.5577600002288818, 0.5565199851989746, 0.5296000242233276, 0.5439599752426147, 0.5418400168418884, 0.5318999886512756, 0.5299400091171265, 0.5099200010299683, 0.4920800030231476, 0.4869999885559082, 0.4697999954223633, 0.4485799968242645, 0.4699000120162964, 0.4660800099372864, 0.45065999031066895, 0.4375999867916107, 0.43261998891830444, 0.41986000537872314, 0.4018799960613251, 0.3978399932384491, 0.40648001432418823, 0.4037399888038635, 0.41477999091148376, 0.4002799987792969, 0.40101999044418335, 0.40446001291275024, 0.4116399884223938, 0.41078001260757446, 0.4147399961948395, 0.4084399938583374, 0.4101000130176544, 0.38853999972343445, 0.3863399922847748, 0.3831000030040741, 0.38256001472473145, 0.36983999609947205, 0.37602001428604126, 0.3725399971008301, 0.3721800148487091, 0.35923999547958374, 0.347460001707077, 0.36127999424934387, 0.3624599874019623, 0.3564000129699707, 0.3659000098705292, 0.3614000082015991, 0.363180011510849, 0.36390000581741333, 0.3509399890899658, 0.3579599857330322, 0.35010001063346863, 0.34286001324653625, 0.3293600082397461, 0.325980007648468, 0.3368600010871887, 0.352400004863739, 0.34973999857902527], "val_loss": [1.2228316068649292, 1.1037663221359253, 1.164749026298523, 1.2582451105117798, 1.2398265600204468, 1.1545500755310059, 1.0294196605682373, 1.2741137742996216, 1.3017536401748657, 1.1910457611083984, 1.0967639684677124, 1.3668018579483032, 1.1396077871322632, 1.3203051090240479, 1.3468679189682007, 1.5632284879684448, 1.7604591846466064, 1.1266467571258545, 1.5608083009719849, 1.59990394115448, 1.5398815870285034, 1.5109455585479736, 1.3547261953353882, 1.203359603881836, 1.5704725980758667, 3.794299602508545, 1.2617368698120117, 1.487429141998291, 1.3594608306884766, 1.4854512214660645, 1.4504930973052979, 1.5236705541610718, 1.283942699432373, 1.4673174619674683, 1.5138494968414307, 1.3560492992401123, 1.9415334463119507, 1.5644323825836182, 1.434829592704773, 1.4605151414871216, 1.659326195716858, 1.415208339691162, 1.5034986734390259, 1.5654891729354858, 1.474216341972351, 1.7230221033096313, 1.6441929340362549, 2.5657012462615967, 2.5982730388641357, 1.7014423608779907, 1.556995153427124, 1.5826321840286255, 1.6752111911773682, 2.031848907470703, 1.6804428100585938, 1.8416944742202759, 1.6515220403671265, 1.5768595933914185, 2.588874101638794, 1.8316292762756348, 2.2514421939849854, 1.7103981971740723, 1.717504858970642, 2.1761560440063477, 2.1288797855377197, 2.2725987434387207, 1.7456048727035522, 1.7173179388046265, 1.655057668685913, 1.8465304374694824, 1.8899650573730469, 2.0489253997802734, 2.0979857444763184, 1.7857552766799927, 1.6543859243392944, 1.7050548791885376, 1.9373400211334229, 1.9181400537490845, 1.8200857639312744, 1.6330779790878296, 2.1771061420440674, 1.8069146871566772, 2.2748653888702393, 1.8036690950393677, 2.085313081741333, 1.811883568763733, 1.693217158317566, 2.862879991531372, 1.9236029386520386, 2.2634921073913574, 1.684594750404358, 1.8883857727050781, 2.7713441848754883, 2.899427890777588, 1.7931709289550781, 2.3970229625701904, 1.7175662517547607, 1.7315524816513062, 1.8912546634674072, 2.01444673538208],