{"loss": [11.126747131347656, 2.306213855743408, 2.3063764572143555, 2.3065576553344727, 2.3064041137695312, 2.3067519664764404, 2.306199550628662, 2.3068201541900635, 2.306455373764038, 2.3068578243255615, 2.3067197799682617, 2.3066563606262207, 2.3066530227661133, 2.306753635406494, 2.3069043159484863, 2.3067033290863037, 2.306673526763916, 2.306901216506958, 2.306870698928833, 2.3066391944885254, 2.3064780235290527, 2.3063409328460693, 2.306624174118042, 2.306690216064453, 2.306985855102539, 2.3068721294403076, 2.3068525791168213, 2.3066539764404297, 2.3067378997802734, 2.3068511486053467, 2.306558132171631, 2.3067104816436768, 2.3062431812286377, 2.3068430423736572, 2.306790828704834, 2.3066306114196777, 2.30657696723938, 2.3063673973083496, 2.306823253631592, 2.3067514896392822, 2.30642032623291, 2.3064730167388916, 2.3064260482788086, 2.30686092376709, 2.3066768646240234, 2.306478977203369, 2.30678653717041, 2.306847095489502, 2.306983470916748, 2.3070425987243652, 2.3064680099487305, 2.306656837463379, 2.306972026824951, 2.3064262866973877, 2.306668519973755, 2.3063912391662598, 2.306786298751831, 2.3069536685943604, 2.306489944458008, 2.30722975730896, 2.306661367416382, 2.3069043159484863, 2.306290864944458, 2.3067238330841064, 2.3067846298217773, 2.3065624237060547, 2.3066091537475586, 2.306835651397705, 2.3066093921661377, 2.3067026138305664, 2.306749105453491, 2.3065052032470703, 2.306804656982422, 2.306561231613159, 2.3061840534210205, 2.3069679737091064, 2.3066599369049072, 2.3063578605651855, 2.3064825534820557, 2.3069510459899902, 2.306499481201172, 2.3067142963409424, 2.3068325519561768, 2.3062973022460938, 2.306687593460083, 2.306593656539917, 2.306676149368286, 2.306123971939087, 2.3065366744995117, 2.3063268661499023, 2.307025194168091, 2.3064980506896973, 2.306575298309326, 2.306729793548584, 2.306612730026245, 2.306685209274292, 2.3062679767608643, 2.3064658641815186, 2.3067331314086914, 2.307091236114502], "accuracy": [0.09873999655246735, 0.1029599979519844, 0.10100000351667404, 0.1016400009393692, 0.10153999924659729, 0.10010000318288803, 0.10211999714374542, 0.10025999695062637, 0.10127999633550644, 0.09893999993801117, 0.09961999952793121, 0.10051999986171722, 0.09991999715566635, 0.09916000068187714, 0.09848000109195709, 0.10025999695062637, 0.10124000161886215, 0.09837999939918518, 0.09882000088691711, 0.09854000061750412, 0.10063999891281128, 0.10066000372171402, 0.09907999634742737, 0.09904000163078308, 0.09719999879598618, 0.09876000136137009, 0.09895999729633331, 0.09904000163078308, 0.09982000291347504, 0.09927999973297119, 0.098860003054142, 0.10029999911785126, 0.10292000323534012, 0.0983399972319603, 0.09756000339984894, 0.10057999938726425, 0.09957999736070633, 0.09917999804019928, 0.10040000081062317, 0.09845999628305435, 0.10115999728441238, 0.10204000025987625, 0.09976000338792801, 0.10023999959230423, 0.0997999981045723, 0.10153999924659729, 0.09876000136137009, 0.09831999987363815, 0.09690000116825104, 0.09669999778270721, 0.09814000129699707, 0.09988000243902206, 0.09864000231027603, 0.10260000079870224, 0.10078000277280807, 0.10121999680995941, 0.09939999878406525, 0.09837999939918518, 0.10085999965667725, 0.09775999933481216, 0.09997999668121338, 0.09839999675750732, 0.10113999992609024, 0.09827999770641327, 0.10162000358104706, 0.09929999709129333, 0.09821999818086624, 0.09786000102758408, 0.09892000257968903, 0.09932000190019608, 0.09867999702692032, 0.10013999789953232, 0.09932000190019608, 0.10000000149011612, 0.09961999952793121, 0.09883999824523926, 0.10038000345230103, 0.10137999802827835, 0.09821999818086624, 0.0968799963593483, 0.1006999984383583, 0.10080000013113022, 0.10134000331163406, 0.10159999877214432, 0.10041999816894531, 0.09985999763011932, 0.09989999979734421, 0.10028000175952911, 0.09861999750137329, 0.10202000290155411, 0.09842000156641006, 0.1023000031709671, 0.09845999628305435, 0.09911999851465225, 0.10131999850273132, 0.10109999775886536, 0.10102000087499619, 0.1008400022983551, 0.10051999986171722, 0.09759999811649323], "val_loss": [2.3056304454803467, 2.3112540245056152, 2.3072612285614014, 2.3048431873321533, 2.3078484535217285, 2.3046414852142334, 2.305680751800537, 2.3041203022003174, 2.3060927391052246, 2.307283878326416, 2.3059070110321045, 2.3057780265808105, 2.3042125701904297, 2.306553602218628, 2.3057732582092285, 2.304292917251587, 2.305354595184326, 2.3070883750915527, 2.3076889514923096, 2.3043410778045654, 2.309072494506836, 2.307486057281494, 2.3076791763305664, 2.312455654144287, 2.3105337619781494, 2.305389404296875, 2.3067739009857178, 2.307772636413574, 2.307467460632324, 2.3066961765289307, 2.3061225414276123, 2.3108692169189453, 2.3083443641662598, 2.3054447174072266, 2.309325695037842, 2.304558515548706, 2.305255651473999, 2.3080971240997314, 2.3050553798675537, 2.3058981895446777, 2.3040788173675537, 2.305715322494507, 2.305248737335205, 2.3066723346710205, 2.308497905731201, 2.3061177730560303, 2.3037526607513428, 2.3046998977661133, 2.3064229488372803, 2.3043878078460693, 2.3075671195983887, 2.310075044631958, 2.3067798614501953, 2.3037924766540527, 2.303898334503174, 2.305799961090088, 2.305598735809326, 2.3039920330047607, 2.3075006008148193, 2.305837631225586, 2.310181140899658, 2.3057987689971924, 2.3042526245117188, 2.303807258605957, 2.3059282302856445, 2.305164098739624, 2.3063981533050537, 2.3049356937408447, 2.3044958114624023, 2.30468487739563, 2.3038294315338135, 2.3061864376068115, 2.305011034011841, 2.3064708709716797, 2.305574893951416, 2.3060812950134277, 2.3081984519958496, 2.304534673690796, 2.3066158294677734, 2.3053534030914307, 2.3075528144836426, 2.3051090240478516, 2.3045077323913574, 2.307656764984131, 2.303708553314209, 2.3119888305664062, 2.3080434799194336, 2.306589365005493, 2.304518461227417, 2.305248737335205, 2.305753469467163, 2.3086493015289307, 2.305189371109009, 2.305525779724121, 2.307846784591675, 2.3082239627838135, 2.3064417839050293, 2.309069871902466, 2.3085861206054688, 2.30639386177063],