{"loss": [2.1757559776306152, 1.7279914617538452, 1.6945481300354004, 1.680098295211792, 1.6768869161605835, 1.664110779762268, 1.6561354398727417, 1.6523442268371582, 1.6464273929595947, 1.6636648178100586, 1.6663775444030762, 1.6677571535110474, 1.677698016166687, 1.6948543787002563, 1.6879512071609497, 1.7066833972930908, 1.6966251134872437, 1.728582501411438, 1.7450745105743408, 1.7044159173965454, 1.7065237760543823, 1.7119090557098389, 1.7065167427062988, 1.7124110460281372, 1.7157294750213623, 1.7078279256820679, 1.7417025566101074, 1.7300167083740234, 1.7295591831207275, 1.7210906744003296, 1.7346434593200684, 1.738785743713379, 1.7427014112472534, 1.7665398120880127, 1.749974250793457, 1.7749180793762207, 1.7546279430389404, 1.740110993385315, 1.7522259950637817, 1.83840012550354, 1.7669219970703125, 1.7428957223892212, 1.8536096811294556, 1.8727810382843018, 1.7828373908996582, 1.7797629833221436, 1.7370301485061646, 1.7907695770263672, 1.760362982749939, 1.748976707458496, 1.7380131483078003, 1.767506718635559, 1.7703112363815308, 1.7693367004394531, 1.7595877647399902, 1.7643892765045166, 1.7451344728469849, 1.753137230873108, 1.76200270652771, 1.7552241086959839, 1.7808291912078857, 1.7674288749694824, 1.8009237051010132, 1.8145501613616943, 1.7418771982192993, 1.7483806610107422, 1.7620806694030762, 1.7812823057174683, 1.752885341644287, 1.757787823677063, 1.7671253681182861, 1.7456765174865723, 1.7440407276153564, 1.7569451332092285, 1.7607336044311523, 1.733887791633606, 1.7269829511642456, 1.7368228435516357, 1.73927640914917, 1.729373574256897, 1.7340892553329468, 1.737689733505249, 1.7614080905914307, 1.7239421606063843, 1.7371844053268433, 1.7310713529586792, 1.7240701913833618, 1.7267037630081177, 1.7156448364257812, 1.725266695022583, 1.7546974420547485, 1.7316795587539673, 1.7294197082519531, 1.7269190549850464, 1.741080641746521, 1.7283843755722046, 1.7794256210327148, 1.7987093925476074, 1.766230821609497, 1.7471405267715454], "accuracy": [0.21461999416351318, 0.3830600082874298, 0.40154001116752625, 0.4063799977302551, 0.4079200029373169, 0.41679999232292175, 0.4209200143814087, 0.42215999960899353, 0.4243200123310089, 0.41822001338005066, 0.41609999537467957, 0.4179399907588959, 0.4124400019645691, 0.4073199927806854, 0.4105600118637085, 0.40968000888824463, 0.40522000193595886, 0.4009999930858612, 0.39607998728752136, 0.40463998913764954, 0.4008199870586395, 0.40474000573158264, 0.40606001019477844, 0.4041599929332733, 0.40441998839378357, 0.4027999937534332, 0.4038200080394745, 0.40248000621795654, 0.3990600109100342, 0.39980000257492065, 0.40220001339912415, 0.4013400077819824, 0.39563998579978943, 0.3968999981880188, 0.3924599885940552, 0.38798001408576965, 0.38756000995635986, 0.3939400017261505, 0.38975998759269714, 0.39480000734329224, 0.3854599893093109, 0.39395999908447266, 0.38486000895500183, 0.37432000041007996, 0.390720009803772, 0.385019987821579, 0.3940199911594391, 0.38106000423431396, 0.39034000039100647, 0.38811999559402466, 0.39065998792648315, 0.39768001437187195, 0.3914400041103363, 0.3867200016975403, 0.393779993057251, 0.39017999172210693, 0.3892799913883209, 0.3894200026988983, 0.3889400064945221, 0.38835999369621277, 0.3846200108528137, 0.3858799934387207, 0.37703999876976013, 0.3861199915409088, 0.38798001408576965, 0.3844200074672699, 0.38402000069618225, 0.37709999084472656, 0.3765999972820282, 0.3816399872303009, 0.3836599886417389, 0.3841800093650818, 0.38578000664711, 0.38141998648643494, 0.3866400122642517, 0.38578000664711, 0.3856799900531769, 0.3846000134944916, 0.38600000739097595, 0.3825399875640869, 0.3853600025177002, 0.3822599947452545, 0.38161998987197876, 0.3880000114440918, 0.38578000664711, 0.38387998938560486, 0.3841400146484375, 0.38345998525619507, 0.38736000657081604, 0.38332000374794006, 0.3793199956417084, 0.3824999928474426, 0.38477998971939087, 0.3866400122642517, 0.3779999911785126, 0.38100001215934753, 0.3696199953556061, 0.36625999212265015, 0.37351998686790466, 0.3771800100803375], "val_loss": [1.748685598373413, 1.6668224334716797, 1.6010231971740723, 1.8902734518051147, 1.6196390390396118, 1.684036135673523, 1.7268166542053223, 1.5827529430389404, 1.704452395439148, 1.8493163585662842, 1.7934322357177734, 1.7490814924240112, 2.0294950008392334, 2.3770856857299805, 1.6988409757614136, 1.6184066534042358, 2.170820713043213, 1.8584327697753906, 1.8935338258743286, 1.9135785102844238, 1.6503961086273193, 1.6272493600845337, 1.7254064083099365, 2.1954123973846436, 1.8790760040283203, 1.7434711456298828, 1.7199232578277588, 1.7258894443511963, 1.763223648071289, 2.0332610607147217, 1.812477707862854, 1.7842947244644165, 1.7927411794662476, 1.800511121749878, 1.6471705436706543, 1.7923904657363892, 1.7065945863723755, 1.9714266061782837, 1.98861563205719, 1.668544888496399, 1.7412387132644653, 1.809564232826233, 1.9880900382995605, 1.7413434982299805, 2.399613857269287, 1.8194763660430908, 1.691092610359192, 1.6955407857894897, 1.7808780670166016, 2.1953907012939453, 1.9578909873962402, 1.694208025932312, 2.021380662918091, 1.7065832614898682, 2.5724282264709473, 1.7077363729476929, 2.115535020828247, 1.732308030128479, 1.7661902904510498, 1.984757661819458, 1.7764742374420166, 1.8802465200424194, 1.6341660022735596, 1.8547743558883667, 2.0291662216186523, 1.631289005279541, 1.6526695489883423, 1.596693515777588, 2.1197686195373535, 1.7227586507797241, 1.7339519262313843, 1.9367177486419678, 2.015432119369507, 1.8822228908538818, 1.7517050504684448, 1.7810217142105103, 1.9003175497055054, 1.8452093601226807, 1.873628854751587, 1.7695624828338623, 1.6539478302001953, 2.3558614253997803, 1.6729193925857544, 1.8288027048110962, 2.2443201541900635, 1.7166023254394531, 1.7410545349121094, 1.6933544874191284, 1.7931909561157227, 1.906002402305603, 1.75270414352417, 1.838809609413147, 1.7103084325790405, 1.740446925163269, 1.667691946029663, 1.6653386354446411, 1.7522560358047485, 1.7869762182235718, 1.802019476890564, 1.6021167039871216],