{"loss": [1413.9185791015625, 2.3160202503204346, 2.3166210651397705, 2.3167123794555664, 2.3164687156677246, 2.3163962364196777, 2.316267251968384, 2.3161282539367676, 2.315856456756592, 2.3158583641052246, 2.3165318965911865, 2.316225528717041, 2.3162682056427, 2.3167335987091064, 2.316051959991455, 2.3165485858917236, 2.3162975311279297, 2.316288709640503, 2.3163774013519287, 2.316210985183716, 2.3163721561431885, 2.316276788711548, 2.316243886947632, 2.3159537315368652, 2.315945863723755, 2.3162882328033447, 2.3158645629882812, 2.3153669834136963, 2.3159775733947754, 2.3161847591400146, 2.3157601356506348, 2.315887689590454, 2.3162946701049805, 2.3161420822143555, 2.31575870513916, 2.315425395965576, 2.3155019283294678, 2.3153631687164307, 2.316141366958618, 2.3165392875671387, 2.3161444664001465, 2.316218137741089, 2.315356492996216, 2.316283702850342, 2.316680669784546, 2.3160715103149414, 2.3162713050842285, 2.316084146499634, 2.3156487941741943, 2.3162553310394287, 2.3163695335388184, 2.316323757171631, 2.3160293102264404, 2.3163907527923584, 2.316650390625, 2.3164780139923096, 2.3161065578460693, 2.3162686824798584, 2.3158013820648193, 2.316983938217163, 2.3167707920074463, 2.3158669471740723, 2.3158466815948486, 2.315842628479004, 2.3162105083465576, 2.3166873455047607, 2.3157331943511963, 2.3156869411468506, 2.3170104026794434, 2.3167686462402344, 2.315549612045288, 2.3163769245147705, 2.3155696392059326, 2.3160343170166016, 2.3167762756347656, 2.316068172454834, 2.3166816234588623, 2.3165531158447266, 2.3153223991394043, 2.316311836242676, 2.315814733505249, 2.316019058227539, 2.316437244415283, 2.315579891204834, 2.315911054611206, 2.3171513080596924, 2.315955400466919, 2.3158371448516846, 2.317007541656494, 2.316136598587036, 2.3162436485290527, 2.3159852027893066, 2.3167765140533447, 2.316315174102783, 2.3157496452331543, 2.316344738006592, 2.3166775703430176, 2.3165688514709473, 2.3163774013519287, 2.3166208267211914], "accuracy": [0.09995999932289124, 0.09954000264406204, 0.09923999756574631, 0.10051999986171722, 0.09926000237464905, 0.1009799987077713, 0.10007999837398529, 0.0996600016951561, 0.09802000224590302, 0.09976000338792801, 0.10000000149011612, 0.09854000061750412, 0.10038000345230103, 0.09935999661684036, 0.09960000216960907, 0.10012000054121017, 0.0993800014257431, 0.10019999742507935, 0.09914000332355499, 0.09922000020742416, 0.09799999743700027, 0.09939999878406525, 0.10001999884843826, 0.09916000068187714, 0.10034000128507614, 0.09802000224590302, 0.10051999986171722, 0.10006000101566315, 0.10085999965667725, 0.10040000081062317, 0.1021599993109703, 0.10075999796390533, 0.10066000372171402, 0.10202000290155411, 0.10066000372171402, 0.10419999808073044, 0.10134000331163406, 0.09854000061750412, 0.09818000346422195, 0.09916000068187714, 0.0987199991941452, 0.09870000183582306, 0.09893999993801117, 0.09914000332355499, 0.09786000102758408, 0.10025999695062637, 0.0996600016951561, 0.09922000020742416, 0.1016400009393692, 0.10091999918222427, 0.09956000000238419, 0.10196000337600708, 0.10041999816894531, 0.09852000325918198, 0.10115999728441238, 0.09920000284910202, 0.10143999755382538, 0.09911999851465225, 0.10010000318288803, 0.09830000251531601, 0.09790000319480896, 0.09870000183582306, 0.10254000127315521, 0.10078000277280807, 0.09988000243902206, 0.09895999729633331, 0.10137999802827835, 0.10140000283718109, 0.09976000338792801, 0.09849999845027924, 0.10251999646425247, 0.10028000175952911, 0.09994000196456909, 0.09950000047683716, 0.10078000277280807, 0.09905999898910522, 0.09728000313043594, 0.1001800000667572, 0.10051999986171722, 0.1011200025677681, 0.10016000270843506, 0.09988000243902206, 0.09888000041246414, 0.1036200001835823, 0.098860003054142, 0.09798000007867813, 0.10175999999046326, 0.10341999679803848, 0.0980599969625473, 0.10028000175952911, 0.10023999959230423, 0.10007999837398529, 0.09798000007867813, 0.10022000223398209, 0.10159999877214432, 0.09916000068187714, 0.09960000216960907, 0.09787999838590622, 0.10041999816894531, 0.09889999777078629], "val_loss": [2.324270486831665, 2.3189618587493896, 2.325712203979492, 2.312330961227417, 2.309055805206299, 2.3181612491607666, 2.328634023666382, 2.3254687786102295, 2.349937915802002, 2.314828634262085, 2.3250977993011475, 2.3137967586517334, 2.317551851272583, 2.326756715774536, 2.324493408203125, 2.311213970184326, 2.3300981521606445, 2.323737382888794, 2.327141523361206, 2.3425941467285156, 2.3135647773742676, 2.324235200881958, 2.3232743740081787, 2.3160500526428223, 2.3170177936553955, 2.3127944469451904, 2.31408953666687, 2.3151867389678955, 2.315549850463867, 2.3217713832855225, 2.3174972534179688, 2.3125147819519043, 2.319324016571045, 2.3337626457214355, 2.3106305599212646, 2.329266309738159, 2.3265469074249268, 2.320033073425293, 2.33543062210083, 2.306382894515991, 2.3139121532440186, 2.3242311477661133, 2.3358030319213867, 2.3226449489593506, 2.309213399887085, 2.3118603229522705, 2.3187360763549805, 2.3224616050720215, 2.3102543354034424, 2.3111371994018555, 2.3197126388549805, 2.319260835647583, 2.326685667037964, 2.3129217624664307, 2.3206825256347656, 2.3368680477142334, 2.309394359588623, 2.3158090114593506, 2.3200466632843018, 2.3117799758911133, 2.3104071617126465, 2.3208632469177246, 2.3285610675811768, 2.3119165897369385, 2.3125557899475098, 2.3362276554107666, 2.3237035274505615, 2.319349527359009, 2.3182053565979004, 2.3109028339385986, 2.3199501037597656, 2.3195765018463135, 2.3310718536376953, 2.3083837032318115, 2.317941665649414, 2.3111610412597656, 2.3136632442474365, 2.3331704139709473, 2.3543143272399902, 2.313706159591675, 2.3112313747406006, 2.3114473819732666, 2.320075273513794, 2.319969415664673, 2.339902400970459, 2.316195249557495, 2.3154993057250977, 2.315431833267212, 2.3129091262817383, 2.327986001968384, 2.310985803604126, 2.3286807537078857, 2.3063204288482666, 2.3134024143218994, 2.3218207359313965, 2.322232246398926, 2.3163719177246094, 2.3176655769348145, 2.3252711296081543, 2.315101385116577],