{"loss": [1235.2208251953125, 2.3151848316192627, 2.3155994415283203, 2.316068172454834, 2.316901445388794, 2.315544843673706, 2.316633462905884, 2.315887212753296, 2.315858840942383, 2.316063165664673, 2.316403388977051, 2.3167898654937744, 2.3162786960601807, 2.3166089057922363, 2.316110372543335, 2.316406488418579, 2.316251516342163, 2.316148042678833, 2.315847158432007, 2.3162682056427, 2.3164572715759277, 2.315772294998169, 2.3152740001678467, 2.3165283203125, 2.3168041706085205, 2.3162894248962402, 2.3155195713043213, 2.3168368339538574, 2.31614351272583, 2.316007137298584, 2.3166348934173584, 2.3165600299835205, 2.316702127456665, 2.3161466121673584, 2.3157267570495605, 2.3156893253326416, 2.316066026687622, 2.316720485687256, 2.3165535926818848, 2.31630539894104, 2.3162248134613037, 2.3159971237182617, 2.3164336681365967, 2.3162832260131836, 2.3171002864837646, 2.3163552284240723, 2.3158164024353027, 2.315826654434204, 2.316542387008667, 2.315495014190674], "accuracy": [0.10081999748945236, 0.10422000288963318, 0.10050000250339508, 0.09929999709129333, 0.09809999912977219, 0.10171999782323837, 0.09907999634742737, 0.10034000128507614, 0.09888000041246414, 0.09790000319480896, 0.09982000291347504, 0.09740000218153, 0.10152000188827515, 0.09916000068187714, 0.10023999959230423, 0.09836000204086304, 0.10063999891281128, 0.09982000291347504, 0.10171999782323837, 0.09736000001430511, 0.09976000338792801, 0.09880000352859497, 0.1005999967455864, 0.0993800014257431, 0.09889999777078629, 0.1004600003361702, 0.09898000210523605, 0.10047999769449234, 0.10108000040054321, 0.10035999864339828, 0.09774000197649002, 0.09914000332355499, 0.10001999884843826, 0.10010000318288803, 0.10130000114440918, 0.09852000325918198, 0.10344000160694122, 0.09746000170707703, 0.10075999796390533, 0.10115999728441238, 0.10023999959230423, 0.10208000242710114, 0.09842000156641006, 0.100040003657341, 0.09815999865531921, 0.09933999925851822, 0.10249999910593033, 0.10038000345230103, 0.09793999791145325, 0.10251999646425247], "val_loss": [2.3209469318389893, 2.3101255893707275, 2.331756353378296, 2.3297953605651855, 2.3155932426452637, 2.3131139278411865, 2.313380479812622, 2.3198821544647217, 2.3107504844665527, 2.3156538009643555, 2.3083176612854004, 2.314150094985962, 2.318370819091797, 2.320991039276123, 2.3139989376068115, 2.3197996616363525, 2.32828950881958, 2.314969778060913, 2.3249032497406006, 2.3158278465270996, 2.3114941120147705, 2.3116846084594727, 2.327301502227783, 2.3178212642669678, 2.321490526199341, 2.320704698562622, 2.3231430053710938, 2.3104701042175293, 2.322547674179077, 2.332144021987915, 2.311997175216675, 2.318145990371704, 2.316188335418701, 2.316601276397705, 2.3153862953186035, 2.322204828262329, 2.3146986961364746, 2.332836389541626, 2.318389892578125, 2.3234307765960693, 2.3130643367767334, 2.320587396621704, 2.3246965408325195, 2.3184285163879395, 2.322960138320923, 2.3214008808135986, 2.323103427886963, 2.3311522006988525, 2.341334104537964, 2.314807415008545], "val_accuracy": [0.10000000149011612, 0.10000000149011612, 0.10000000149011612, 0.10000000149011612, 0.10000000149011612, 0.10000000149011612, 0.10000000149011612, 0.10000000149011612, 0.10000000149011612, 0.10000000149011612, 0.10000000149011612, 0.10000000149011612, 0.10000000149011612, 0.10000000149011612, 0.10000000149011612, 0.10000000149011612, 0.10000000149011612, 0.10000000149011612, 0.10000000149011612, 0.10000000149011612, 0.10000000149011612, 0.10000000149011612, 0.10000000149011612, 0.10000000149011612, 0.10000000149011612, 0.10000000149011612, 0.10000000149011612, 0.10000000149011612, 0.10000000149011612, 0.10000000149011612, 0.10000000149011612, 0.10000000149011612, 0.10000000149011612, 0.10000000149011612, 0.10000000149011612, 0.10000000149011612, 0.10000000149011612, 0.10000000149011612, 0.10000000149011612, 0.10000000149011612, 0.10000000149011612, 0.10000000149011612, 0.10000000149011612, 0.10000000149011612, 0.10000000149011612, 0.10000000149011612, 0.10000000149011612, 0.10000000149011612, 0.10000000149011612, 0.10000000149011612]}