{"loss": [1.5422537326812744, 1.1344295740127563, 0.9756776690483093, 0.8725860118865967, 0.794457733631134, 0.7326446771621704, 0.6797218918800354, 0.6358254551887512, 0.5919270515441895, 0.558707058429718, 0.5290197134017944, 0.5000905990600586, 0.47874194383621216, 0.4559136629104614, 0.43969741463661194, 0.43195343017578125, 0.42406851053237915, 0.40949246287345886, 0.4082872271537781, 0.41253694891929626, 0.4029659032821655, 0.4095573127269745, 0.4145102798938751, 0.41994285583496094, 0.43059518933296204, 0.42861223220825195, 0.43967753648757935, 0.4403149485588074, 0.45966842770576477, 0.4544903635978699, 0.4562114477157593, 0.46401429176330566, 0.4737643003463745, 0.4835372269153595, 0.49577388167381287, 0.49144405126571655, 0.4903603494167328, 0.49946528673171997, 0.5176222920417786, 0.5021263957023621, 0.5228400230407715, 0.5206217169761658, 0.5266335010528564, 0.5383344292640686, 0.5475776791572571, 0.5465101003646851, 0.5414574146270752, 0.5516535639762878, 0.5553508400917053, 0.5571672320365906, 0.5576961636543274, 0.5621381402015686, 0.5640653371810913, 0.5746926665306091, 0.5584707260131836, 0.5624608397483826, 0.5742746591567993, 0.571620762348175, 0.5800925493240356, 0.5744369626045227, 0.5545514822006226, 0.5669867396354675, 0.5707128047943115, 0.5595542788505554, 0.5459260940551758, 0.5349348187446594, 0.548162043094635, 0.5526150465011597, 0.5475558638572693, 0.5455265045166016, 0.5317843556404114, 0.524061381816864, 0.5227006673812866, 0.523319661617279, 0.5270238518714905, 0.5116485357284546, 0.516450047492981, 0.5140579342842102, 0.5054113864898682, 0.519247829914093, 0.5249752402305603, 0.5217633843421936, 0.5158382058143616, 0.52016681432724, 0.5018656849861145, 0.49376973509788513, 0.5140455961227417, 0.4839232563972473, 0.47842937707901, 0.49664172530174255, 0.4872344136238098, 0.4667855203151703, 0.4920710623264313, 0.47930020093917847, 0.47457098960876465, 0.4885562062263489, 0.4722921550273895, 0.46695664525032043, 0.4589906930923462, 0.47224101424217224], "accuracy": [0.4439600110054016, 0.6019399762153625, 0.6590800285339355, 0.6960200071334839, 0.7237600088119507, 0.7454400062561035, 0.7659000158309937, 0.7801399827003479, 0.7931600213050842, 0.8072599768638611, 0.8187599778175354, 0.8281999826431274, 0.8350800275802612, 0.8459399938583374, 0.8502600193023682, 0.8543199896812439, 0.8587200045585632, 0.8644800186157227, 0.8644000291824341, 0.8662599921226501, 0.8679400086402893, 0.8678600192070007, 0.8700600266456604, 0.8675000071525574, 0.8671200275421143, 0.867680013179779, 0.8633999824523926, 0.864579975605011, 0.8603000044822693, 0.8620399832725525, 0.8608999848365784, 0.858240008354187, 0.8579999804496765, 0.8557999730110168, 0.8525199890136719, 0.8531399965286255, 0.8516200184822083, 0.8490399718284607, 0.8464999794960022, 0.8496000170707703, 0.8461599946022034, 0.8453199863433838, 0.8431199789047241, 0.8395400047302246, 0.8369600176811218, 0.8389800190925598, 0.8389599919319153, 0.8371000289916992, 0.8346400260925293, 0.8320599794387817, 0.8307399749755859, 0.8323000073432922, 0.8279799818992615, 0.827239990234375, 0.8329600095748901, 0.8302599787712097, 0.8281400203704834, 0.8291800022125244, 0.8245000243186951, 0.8255400061607361, 0.8301200270652771, 0.8280799984931946, 0.8247399926185608, 0.8288000226020813, 0.8303400278091431, 0.8336399793624878, 0.832040011882782, 0.8286399841308594, 0.832099974155426, 0.8326600193977356, 0.836899995803833, 0.83788001537323, 0.8373799920082092, 0.837660014629364, 0.8392999768257141, 0.8442000150680542, 0.8396999835968018, 0.8415600061416626, 0.8446400165557861, 0.8426200151443481, 0.8422999978065491, 0.8388199806213379, 0.8449000120162964, 0.8450999855995178, 0.8459799885749817, 0.8482999801635742, 0.8428599834442139, 0.8497200012207031, 0.8511199951171875, 0.8495200276374817, 0.8523399829864502, 0.8566799759864807, 0.8493599891662598, 0.8521400094032288, 0.8550800085067749, 0.8543400168418884, 0.8567000031471252, 0.8565999865531921, 0.8576400279998779, 0.858020007610321], "val_loss": [1.3258013725280762, 1.1009941101074219, 0.9700571298599243, 0.9052363038063049, 0.8920543789863586, 0.9060840606689453, 0.917618453502655, 0.9173752665519714, 0.9238572120666504, 0.9167619943618774, 1.0813727378845215, 1.07362961769104, 1.142180323600769, 1.2061705589294434, 1.1550087928771973, 1.4533926248550415, 1.2089248895645142, 1.3876081705093384, 1.7385501861572266, 1.4585826396942139, 1.5797710418701172, 1.5498228073120117, 1.6522201299667358, 1.4726496934890747, 2.207566976547241, 1.8398445844650269, 1.9683159589767456, 1.8395605087280273, 1.6054232120513916, 1.9920574426651, 1.7724376916885376, 1.9637656211853027, 1.980950951576233, 1.978671908378601, 1.958891749382019, 2.4496009349823, 1.5830652713775635, 2.1950042247772217, 1.9573204517364502, 1.6011030673980713, 1.8792773485183716, 2.909982204437256, 2.3296682834625244, 1.8103339672088623, 1.4727362394332886, 1.87859046459198, 2.1361780166625977, 2.098341941833496, 2.0531492233276367, 1.6673558950424194, 1.9357773065567017, 1.4768707752227783, 2.1075146198272705, 1.9120087623596191, 1.819400429725647, 1.3430296182632446, 2.6409895420074463, 1.6558889150619507, 2.708641767501831, 1.6983975172042847, 1.6977132558822632, 2.1691813468933105, 1.880152940750122, 1.862046480178833, 4.424210548400879, 1.3295657634735107, 1.6492031812667847, 1.6872237920761108, 1.8270823955535889, 1.527646780014038, 2.052218437194824, 1.3291816711425781, 1.9456515312194824, 2.1706645488739014, 1.7123907804489136, 1.4196223020553589, 1.6188852787017822, 2.172227621078491, 1.6359931230545044, 1.449461579322815, 1.583559274673462, 1.6699646711349487, 1.5655304193496704, 2.4219372272491455, 1.5396018028259277, 1.6693451404571533, 1.7406742572784424, 1.5894696712493896, 1.6979447603225708, 2.974356174468994, 1.5584616661071777, 1.727942943572998, 2.246980667114258, 1.603083610534668, 2.100034475326538, 2.3739354610443115, 1.4828619956970215, 1.576069951057434, 2.0393004417419434, 1.934586524963379],