{"loss": [2.055488348007202, 1.6840373277664185, 1.4907790422439575, 1.3858146667480469, 1.3074594736099243, 1.2389295101165771, 1.175453782081604, 1.1215951442718506, 1.0707331895828247, 1.0257092714309692, 0.9845643639564514, 0.9466237425804138, 0.9111863374710083, 0.8770365118980408, 0.8465396165847778, 0.8156331777572632, 0.7893617749214172, 0.7618260979652405, 0.7359510064125061, 0.713271975517273, 0.6882779002189636, 0.6659567952156067, 0.6475282311439514, 0.6234807968139648, 0.6044482588768005, 0.5821347832679749, 0.5620424151420593, 0.5402098894119263, 0.5228278636932373, 0.5006282925605774, 0.48427706956863403, 0.46798762679100037, 0.44964471459388733, 0.42880186438560486, 0.41269055008888245, 0.39475342631340027, 0.38060691952705383, 0.3604649305343628, 0.3445870280265808, 0.3261476457118988, 0.3094896972179413, 0.296566903591156, 0.2825465500354767, 0.26589393615722656, 0.2525242269039154, 0.2404782772064209, 0.22039036452770233, 0.2148059606552124, 0.20161552727222443, 0.180184468626976, 0.17767076194286346, 0.16705572605133057, 0.15421922504901886, 0.14781640470027924, 0.1380399912595749, 0.12907809019088745, 0.12295088171958923, 0.11548594385385513, 0.11472324281930923, 0.11172987520694733, 0.09223738312721252, 0.08141227066516876, 0.07526136189699173, 0.08114351332187653, 0.06124161183834076, 0.05020902305841446, 0.06261421740055084, 0.09513325989246368, 0.09991095960140228, 0.0930996909737587, 0.07196320593357086, 0.07445517927408218, 0.047428544610738754, 0.03175411745905876, 0.011214745230972767, 0.004724947735667229, 0.0033735258039087057, 0.002825407078489661, 0.0024652795400470495, 0.00220804032869637, 0.0020205664914101362, 0.001872795750387013, 0.001742608961649239, 0.0016321795992553234, 0.001534727169200778, 0.0014601550064980984, 0.0013828591909259558, 0.0013132703024894, 0.0012506289640441537, 0.0012039249995723367, 0.0011493597412481904, 0.001106100156903267, 0.0010635327780619264, 0.0010259337723255157, 0.0009914145339280367, 0.0009560922044329345, 0.0009254022734239697, 0.0008951285271905363, 0.0008684226195327938, 0.000842888024635613], "accuracy": [0.24492000043392181, 0.3905999958515167, 0.4622400104999542, 0.5015599727630615, 0.5340999960899353, 0.5593199729919434, 0.584119975566864, 0.6048799753189087, 0.6237199902534485, 0.6406599879264832, 0.656279981136322, 0.6688799858093262, 0.6803200244903564, 0.6945400238037109, 0.7056199908256531, 0.7168599963188171, 0.7259399890899658, 0.7348999977111816, 0.7454599738121033, 0.7515599727630615, 0.7614399790763855, 0.7682399749755859, 0.7742400169372559, 0.7841200232505798, 0.7881799936294556, 0.7967600226402283, 0.803659975528717, 0.8111600279808044, 0.8164799809455872, 0.8257799744606018, 0.830839991569519, 0.8370199799537659, 0.8426600098609924, 0.851580023765564, 0.8556399941444397, 0.8624200224876404, 0.8662999868392944, 0.874180018901825, 0.8791800141334534, 0.8858799934387207, 0.8911799788475037, 0.8955199718475342, 0.9004600048065186, 0.9072800278663635, 0.9112600088119507, 0.9159799814224243, 0.922819972038269, 0.9250800013542175, 0.9278799891471863, 0.9373000264167786, 0.9376800060272217, 0.941100001335144, 0.9466400146484375, 0.9487400054931641, 0.951960027217865, 0.9566599726676941, 0.957260012626648, 0.9605600237846375, 0.9592199921607971, 0.9603599905967712, 0.9695000052452087, 0.9726200103759766, 0.975820004940033, 0.972540020942688, 0.9803799986839294, 0.9845600128173828, 0.9791399836540222, 0.9671800136566162, 0.9656199812889099, 0.9667400121688843, 0.9755399823188782, 0.975059986114502, 0.9847400188446045, 0.9912599921226501, 0.998740017414093, 0.9999399781227112, 1.0, 1.0, 1.0, 1.0, 1.0, 1.0, 1.0, 1.0, 1.0, 1.0, 1.0, 1.0, 1.0, 1.0, 1.0, 1.0, 1.0, 1.0, 1.0, 1.0, 1.0, 1.0, 1.0, 1.0], "val_loss": [1.799330711364746, 1.6147239208221436, 1.4620641469955444, 1.3778080940246582, 1.35990571975708, 1.364731788635254, 1.3520755767822266, 1.1288312673568726, 1.2431726455688477, 1.0899288654327393, 1.051893711090088, 1.016305685043335, 1.1448496580123901, 0.9877027273178101, 1.1747918128967285, 0.9818078875541687, 0.9731589555740356, 0.9450001120567322, 0.927843451499939, 0.9849677681922913, 0.9049115180969238, 0.9582277536392212, 0.9408237338066101, 0.9522587060928345, 0.9417859315872192, 0.9827220439910889, 0.9898181557655334, 0.9603224396705627, 0.978096604347229, 1.0129199028015137, 0.9927172064781189, 1.0224196910858154, 1.038771152496338, 1.069126844406128, 1.0714670419692993, 1.0898000001907349, 1.1278600692749023, 1.1476054191589355, 1.1693305969238281, 1.2418519258499146, 1.2252637147903442, 1.366563081741333, 1.3166555166244507, 1.3605340719223022, 1.4931588172912598, 1.4496761560440063, 1.4347509145736694, 1.555894374847412, 1.4861626625061035, 1.5358400344848633, 1.5918868780136108, 1.6017948389053345, 1.711061716079712, 1.8115711212158203, 1.833282232284546, 1.796636700630188, 1.8961474895477295, 1.9371395111083984, 2.072732925415039, 2.0810673236846924, 2.102952718734741, 2.168492078781128, 2.4429216384887695, 2.2696683406829834, 2.29268479347229, 2.3733813762664795, 2.5123043060302734, 2.6354169845581055, 2.429561138153076, 2.4204981327056885, 2.4771173000335693, 2.5579142570495605, 2.567795991897583, 2.5997962951660156, 2.6475391387939453, 2.6976428031921387, 2.7488062381744385, 2.7982168197631836, 2.8157200813293457, 2.852376699447632, 2.873807191848755, 2.901923418045044, 2.9170918464660645, 2.9376659393310547, 2.957857131958008, 2.9742841720581055, 2.9881696701049805, 3.0084402561187744, 3.0212390422821045, 3.036226987838745, 3.050398111343384, 3.066824436187744, 3.0814731121063232, 3.0876264572143555, 3.1005449295043945, 3.115222215652466, 3.123680591583252, 3.1352121829986572, 3.1465587615966797, 3.1547353267669678], "val_accuracy": [0.35530000925064087, 0.4180999994277954, 0.4602000117301941, 0.5012000203132629, 0.5126000046730042, 0.5195000171661377, 0.5227000117301941, 0.5989999771118164, 0.5694000124931335, 0.6205999851226807, 0.6302000284194946, 0.641700029373169, 0.6011000275611877, 0.660099983215332, 0.5997999906539917, 0.6653000116348267, 0.670799970626831, 0.682200014591217, 0.6876000165939331, 0.6646000146865845, 0.6952999830245972, 0.6869000196456909, 0.6873000264167786, 0.6869999766349792, 0.6880000233650208, 0.6751000285148621, 0.6840999722480774, 0.6930999755859375, 0.6944000124931335, 0.6814000010490417, 0.6944000124931335, 0.6906999945640564, 0.6865000128746033, 0.6862999796867371, 0.6819000244140625, 0.6865000128746033, 0.6879000067710876, 0.6891000270843506, 0.6852999925613403, 0.6771000027656555, 0.6790000200271606, 0.6640999913215637, 0.680899977684021, 0.680400013923645, 0.6693999767303467, 0.6739000082015991, 0.6887000203132629, 0.6746000051498413, 0.6861000061035156, 0.6829000115394592, 0.6787999868392944, 0.6830999851226807, 0.6777999997138977, 0.669700026512146, 0.6780999898910522, 0.6786999702453613, 0.6776000261306763, 0.6797999739646912, 0.6618000268936157, 0.6704999804496765, 0.6754000186920166, 0.6694999933242798, 0.6593000292778015, 0.673799991607666, 0.67330002784729, 0.6747999787330627, 0.6629999876022339, 0.6482999920845032, 0.6718999743461609, 0.6700000166893005, 0.6718999743461609, 0.6757000088691711, 0.6797000169754028, 0.6747000217437744, 0.6872000098228455, 0.6876000165939331, 0.6891000270843506, 0.690500020980835, 0.6898999810218811, 0.6901999711990356, 0.6905999779701233, 0.6894999742507935, 0.6894999742507935, 0.6894000172615051, 0.6904000043869019, 0.6898999810218811, 0.6891999840736389, 0.6904000043869019, 0.6908000111579895, 0.6908000111579895, 0.6891000270843506, 0.6912999749183655, 0.6899999976158142, 0.6894999742507935, 0.6901999711990356, 0.6898000240325928, 0.6898999810218811, 0.6901999711990356, 0.6894000172615051, 0.6902999877929688]}