{"loss": [2.2968335151672363, 2.2628161907196045, 2.151066303253174, 2.0287389755249023, 1.9615635871887207, 1.8963888883590698, 1.834660291671753, 1.7824950218200684, 1.7418378591537476, 1.7054049968719482, 1.6717402935028076, 1.6401327848434448, 1.608390212059021, 1.5798622369766235, 1.5500521659851074, 1.5250693559646606, 1.503297209739685, 1.4826743602752686, 1.4641350507736206, 1.447345495223999, 1.4325037002563477, 1.4167243242263794, 1.4032213687896729, 1.387840747833252, 1.3751941919326782, 1.3624706268310547, 1.3479983806610107, 1.3366762399673462, 1.3238625526428223, 1.3126323223114014, 1.3015034198760986, 1.2909008264541626, 1.2800778150558472, 1.270653486251831, 1.2605630159378052, 1.2515602111816406, 1.2423052787780762, 1.2328263521194458, 1.2239161729812622, 1.2150919437408447, 1.2065521478652954, 1.199336051940918, 1.190765619277954, 1.18288254737854, 1.1750656366348267, 1.1671488285064697, 1.1578706502914429, 1.1499760150909424, 1.142073392868042, 1.134691596031189, 1.1270205974578857, 1.1197173595428467, 1.1130751371383667, 1.1042839288711548, 1.0983933210372925, 1.089140772819519, 1.0811443328857422, 1.0748674869537354, 1.0676960945129395, 1.060173511505127, 1.0546445846557617, 1.047803521156311, 1.0415602922439575, 1.0336244106292725, 1.027032494544983, 1.0205140113830566, 1.0149190425872803, 1.0090065002441406, 1.0033912658691406, 0.9970585107803345, 0.9910675287246704, 0.984226405620575, 0.9786852598190308, 0.9734547734260559, 0.9696789979934692, 0.9629876017570496, 0.9567270278930664, 0.9524977207183838, 0.9464618563652039, 0.9423564672470093, 0.9368593692779541, 0.9331517815589905, 0.9263034462928772, 0.9219955205917358, 0.9160383343696594, 0.9109167456626892, 0.9060949087142944, 0.9007378220558167, 0.8953521847724915, 0.8911165595054626, 0.8866325616836548, 0.883012592792511, 0.8777781128883362, 0.8730825781822205, 0.8692176342010498, 0.8633078336715698, 0.8606497645378113, 0.856644868850708, 0.8520364165306091, 0.8478327393531799], "accuracy": [0.12257999926805496, 0.19054000079631805, 0.23037999868392944, 0.24661999940872192, 0.27893999218940735, 0.31209999322891235, 0.33719998598098755, 0.35541999340057373, 0.37182000279426575, 0.38326001167297363, 0.3926199972629547, 0.40487998723983765, 0.41624000668525696, 0.42838001251220703, 0.4387199878692627, 0.45113998651504517, 0.4586400091648102, 0.46369999647140503, 0.4714600145816803, 0.47898000478744507, 0.48291999101638794, 0.491239994764328, 0.49625998735427856, 0.5042399764060974, 0.5077199935913086, 0.5140600204467773, 0.5191799998283386, 0.5225800275802612, 0.5290799736976624, 0.5351399779319763, 0.5389400124549866, 0.5402200222015381, 0.5465599894523621, 0.5507799983024597, 0.5540599822998047, 0.5587199926376343, 0.5621399879455566, 0.5656800270080566, 0.5681399703025818, 0.5735200047492981, 0.5776600241661072, 0.578000009059906, 0.5826399922370911, 0.5846400260925293, 0.587939977645874, 0.5893200039863586, 0.5928199887275696, 0.5972999930381775, 0.5992000102996826, 0.6003400087356567, 0.6047199964523315, 0.6089400053024292, 0.6098399758338928, 0.6152999997138977, 0.615559995174408, 0.619159996509552, 0.6221399903297424, 0.6229199767112732, 0.6248400211334229, 0.6297399997711182, 0.6315199732780457, 0.6342800259590149, 0.6373800039291382, 0.6384599804878235, 0.6420000195503235, 0.6451200246810913, 0.6466000080108643, 0.6486799716949463, 0.6509600281715393, 0.6518800258636475, 0.6540600061416626, 0.6573200225830078, 0.6575000286102295, 0.6599400043487549, 0.6626600027084351, 0.6642600297927856, 0.6679800152778625, 0.6678000092506409, 0.6694999933242798, 0.6726800203323364, 0.6744400262832642, 0.6755399703979492, 0.6782400012016296, 0.6797999739646912, 0.6809800267219543, 0.6834200024604797, 0.6865599751472473, 0.6848000288009644, 0.6895400285720825, 0.6901800036430359, 0.6924999952316284, 0.6941199898719788, 0.6971200108528137, 0.6975399851799011, 0.6982200145721436, 0.7008799910545349, 0.7013599872589111, 0.7049400210380554, 0.7053599953651428, 0.7059599757194519], "val_loss": [2.2858104705810547, 2.226390838623047, 2.072284460067749, 1.9999644756317139, 1.934019923210144, 1.8633779287338257, 1.8048181533813477, 1.7735555171966553, 1.7185076475143433, 1.6989672183990479, 1.656068205833435, 1.6356180906295776, 1.5995641946792603, 1.5886634588241577, 1.574355125427246, 1.50511634349823, 1.5020431280136108, 1.486769676208496, 1.4531999826431274, 1.452296257019043, 1.5260237455368042, 1.417906641960144, 1.3985499143600464, 1.3954424858093262, 1.3886375427246094, 1.3792685270309448, 1.3871957063674927, 1.3415669202804565, 1.3370269536972046, 1.3324949741363525, 1.335105061531067, 1.3349697589874268, 1.3259930610656738, 1.3197970390319824, 1.274593472480774, 1.2748351097106934, 1.2536393404006958, 1.2664711475372314, 1.2537819147109985, 1.3812155723571777, 1.2839324474334717, 1.251410961151123, 1.2036149501800537, 1.2522237300872803, 1.1972289085388184, 1.2024589776992798, 1.1859657764434814, 1.1921617984771729, 1.1699587106704712, 1.1849116086959839, 1.1789034605026245, 1.1672749519348145, 1.1858471632003784, 1.1488633155822754, 1.22260320186615, 1.1846928596496582, 1.117324948310852, 1.1421220302581787, 1.1277815103530884, 1.1201735734939575, 1.1478041410446167, 1.1625239849090576, 1.101503849029541, 1.0926430225372314, 1.0954755544662476, 1.0726394653320312, 1.070224642753601, 1.0771127939224243, 1.0632336139678955, 1.0820703506469727, 1.062902569770813, 1.0665520429611206, 1.076813817024231, 1.0641350746154785, 1.0509227514266968, 1.0846363306045532, 1.043455719947815, 1.0514262914657593, 1.046546459197998, 1.0607377290725708, 1.0561213493347168, 1.028225064277649, 1.0100650787353516, 1.0406303405761719, 1.049081802368164, 1.0716973543167114, 1.0164592266082764, 1.0104771852493286, 1.0627379417419434, 0.9843936562538147, 1.0076044797897339, 1.0042953491210938, 1.0192064046859741, 0.9898428916931152, 1.0111395120620728, 1.009779930114746, 1.022283673286438, 0.9982743263244629, 0.98964524269104, 0.9798243045806885],