{"loss": [2.152864456176758, 1.913777232170105, 1.7629534006118774, 1.6426715850830078, 1.5547658205032349, 1.4946600198745728, 1.4441550970077515, 1.4030840396881104, 1.3639822006225586, 1.3288298845291138, 1.300514817237854, 1.270519495010376, 1.245154619216919, 1.217934250831604, 1.1927635669708252, 1.1676030158996582, 1.1438472270965576, 1.1210429668426514, 1.1014904975891113, 1.0793088674545288, 1.0614022016525269, 1.0419282913208008, 1.0235533714294434, 1.0093179941177368, 0.9914374947547913, 0.9767758846282959, 0.9623769521713257, 0.9462518692016602, 0.9332172870635986, 0.9186111688613892, 0.906234085559845, 0.8924059271812439, 0.882235050201416, 0.8706845045089722, 0.8566331267356873, 0.8443315029144287, 0.8350175619125366, 0.8230095505714417, 0.8125068545341492, 0.8011475801467896, 0.792264997959137, 0.7801902890205383, 0.7705490589141846, 0.7616782188415527, 0.7504061460494995, 0.7408588528633118, 0.7335474491119385, 0.7217513918876648, 0.7142157554626465, 0.704933762550354], "accuracy": [0.20272000133991241, 0.302839994430542, 0.365119993686676, 0.40852001309394836, 0.4369199872016907, 0.4607999920845032, 0.48184001445770264, 0.4978199899196625, 0.5151600241661072, 0.5276399850845337, 0.539680004119873, 0.5497000217437744, 0.5618399977684021, 0.5716999769210815, 0.5812399983406067, 0.5896000266075134, 0.5989800095558167, 0.6071199774742126, 0.6140199899673462, 0.6223800182342529, 0.6274600028991699, 0.6350600123405457, 0.6434000134468079, 0.6477599740028381, 0.6535000205039978, 0.6592599749565125, 0.664359986782074, 0.6693400144577026, 0.6752600073814392, 0.6812800168991089, 0.6844599843025208, 0.6917600035667419, 0.6940600275993347, 0.6977999806404114, 0.7043200135231018, 0.7069600224494934, 0.7109000086784363, 0.713379979133606, 0.7171599864959717, 0.7228400111198425, 0.7243599891662598, 0.7297599911689758, 0.7332199811935425, 0.7356600165367126, 0.7383000254631042, 0.7444599866867065, 0.7463600039482117, 0.7505599856376648, 0.7526000142097473, 0.7551199793815613], "val_loss": [1.9872031211853027, 1.8723487854003906, 1.6873148679733276, 1.6086034774780273, 1.5376523733139038, 1.507574200630188, 1.4325153827667236, 1.3820792436599731, 1.484503149986267, 1.3257557153701782, 1.2845370769500732, 1.256775140762329, 1.250949740409851, 1.2197784185409546, 1.2153613567352295, 1.186058759689331, 1.1933772563934326, 1.1544685363769531, 1.2293732166290283, 1.1579875946044922, 1.2139707803726196, 1.1006619930267334, 1.0890519618988037, 1.088423490524292, 1.0961519479751587, 1.101272702217102, 1.022545337677002, 1.0642831325531006, 1.0386587381362915, 1.0002987384796143, 1.0384811162948608, 1.0472338199615479, 1.0956151485443115, 1.0078274011611938, 1.0204403400421143, 1.0101200342178345, 0.9850130081176758, 0.9779035449028015, 0.9440520405769348, 0.9414200186729431, 1.003808617591858, 0.9440405368804932, 0.9557771682739258, 0.9760944247245789, 1.0146398544311523, 0.9596422910690308, 0.9511826038360596, 0.9376829266548157, 0.9295593500137329, 0.9915477633476257], "val_accuracy": [0.2662000060081482, 0.3310000002384186, 0.3944999873638153, 0.41429999470710754, 0.44369998574256897, 0.45840001106262207, 0.4763000011444092, 0.5054000020027161, 0.4828000068664551, 0.5263000130653381, 0.5367000102996826, 0.5516999959945679, 0.5539000034332275, 0.5647000074386597, 0.5705000162124634, 0.5810999870300293, 0.5766000151634216, 0.5874000191688538, 0.5692999958992004, 0.5913000106811523, 0.5608000159263611, 0.6118000149726868, 0.6122999787330627, 0.6075000166893005, 0.6244999766349792, 0.6083999872207642, 0.6421999931335449, 0.6259999871253967, 0.63919997215271, 0.6517999768257141, 0.6366999745368958, 0.6316999793052673, 0.6154999732971191, 0.6520000100135803, 0.6456999778747559, 0.6500999927520752, 0.6585999727249146, 0.6567000150680542, 0.6722000241279602, 0.6728000044822693, 0.6503999829292297, 0.6729000210762024, 0.6704000234603882, 0.6654999852180481, 0.6489999890327454, 0.6765999794006348, 0.673799991607666, 0.6827999949455261, 0.6834999918937683, 0.6640999913215637]}