{"loss": [1.9023146629333496, 1.4423056840896606, 1.245181918144226, 1.1134294271469116, 1.0126782655715942, 0.9336634278297424, 0.8671945333480835, 0.8097579479217529, 0.7571110129356384, 0.7037858366966248, 0.6572303175926208, 0.6182981729507446, 0.5763461589813232, 0.5377404093742371, 0.4996168613433838, 0.464145302772522, 0.4338938593864441, 0.3987487554550171, 0.3709975779056549, 0.3423475921154022, 0.3206334114074707, 0.2984832227230072, 0.2769697606563568, 0.25872549414634705, 0.24783791601657867, 0.22194652259349823, 0.21028351783752441, 0.20904438197612762, 0.19427765905857086, 0.17912830412387848, 0.18069767951965332, 0.17877745628356934, 0.15927137434482574, 0.15275287628173828, 0.14835120737552643, 0.14734584093093872, 0.14764264225959778, 0.1369497925043106, 0.13670961558818817, 0.14036968350410461, 0.12321080267429352, 0.12779013812541962, 0.11457496881484985, 0.12498139590024948, 0.12268581986427307, 0.11772166192531586, 0.10803493857383728, 0.09648915380239487, 0.10553375631570816, 0.10383657366037369], "accuracy": [0.30281999707221985, 0.4800800085067749, 0.555840015411377, 0.6091399788856506, 0.6452800035476685, 0.6741200089454651, 0.6949399709701538, 0.715179979801178, 0.735260009765625, 0.7535799741744995, 0.7695000171661377, 0.7837799787521362, 0.7985399961471558, 0.8107799887657166, 0.8241400122642517, 0.8361999988555908, 0.8440799713134766, 0.8587200045585632, 0.8668000102043152, 0.8764399886131287, 0.8852999806404114, 0.893339991569519, 0.9024999737739563, 0.9066399931907654, 0.9103599786758423, 0.921019971370697, 0.9259799718856812, 0.9253600239753723, 0.9301000237464905, 0.9362599849700928, 0.935699999332428, 0.936519980430603, 0.9434199929237366, 0.9458400011062622, 0.9478600025177002, 0.9492999911308289, 0.948639988899231, 0.951740026473999, 0.953279972076416, 0.9505599737167358, 0.9576799869537354, 0.9555400013923645, 0.9605200290679932, 0.9572399854660034, 0.9583799839019775, 0.9606000185012817, 0.961899995803833, 0.9673399925231934, 0.9636399745941162, 0.9653400182723999], "val_loss": [1.6093320846557617, 1.4265185594558716, 1.1901652812957764, 1.1384624242782593, 1.068069577217102, 0.9989655017852783, 1.228975534439087, 0.9442620277404785, 0.9329484105110168, 0.9699575304985046, 0.973307728767395, 0.9493010640144348, 0.9578174948692322, 1.0574994087219238, 1.1235560178756714, 1.3502533435821533, 1.2372076511383057, 1.1487150192260742, 1.2130218744277954, 1.219186544418335, 1.2270525693893433, 1.3676551580429077, 1.3803385496139526, 1.4343305826187134, 1.583948016166687, 1.5823761224746704, 1.5574243068695068, 1.6999542713165283, 1.8000521659851074, 1.7871620655059814, 1.8998347520828247, 1.9485228061676025, 1.953758955001831, 2.124586582183838, 1.9849753379821777, 2.104114055633545, 2.5530247688293457, 2.3062729835510254, 2.405259847640991, 2.3494317531585693, 2.532839775085449, 2.5103702545166016, 2.3983843326568604, 2.559115409851074, 2.4882731437683105, 2.477949857711792, 2.5597925186157227, 2.8508071899414062, 2.5402233600616455, 2.6373848915100098], "val_accuracy": [0.4027000069618225, 0.4884999990463257, 0.5741999745368958, 0.5964000225067139, 0.620199978351593, 0.6536999940872192, 0.5924999713897705, 0.6754999756813049, 0.6876999735832214, 0.679099977016449, 0.685699999332428, 0.6898999810218811, 0.6888999938964844, 0.6722999811172485, 0.6603000164031982, 0.6335999965667725, 0.6571999788284302, 0.6891999840736389, 0.6753000020980835, 0.6955999732017517, 0.689300000667572, 0.6757000088691711, 0.6722999811172485, 0.6714000105857849, 0.6699000000953674, 0.6829000115394592, 0.6800000071525574, 0.669700026512146, 0.6610999703407288, 0.6809999942779541, 0.6657000184059143, 0.6620000004768372, 0.6743000149726868, 0.6644999980926514, 0.680899977684021, 0.6642000079154968, 0.6424000263214111, 0.6687999963760376, 0.6549000144004822, 0.6696000099182129, 0.652400016784668, 0.6460999846458435, 0.6586999893188477, 0.652400016784668, 0.6690999865531921, 0.6638000011444092, 0.6707000136375427, 0.661899983882904, 0.6625999808311462, 0.6636000275611877]}