{"loss": [2.3024091720581055, 2.2862467765808105, 2.2702953815460205, 2.2541754245758057, 2.237711191177368, 2.220669746398926, 2.202820301055908, 2.184211492538452, 2.1647121906280518, 2.1442902088165283, 2.1229283809661865, 2.100703001022339, 2.077456474304199, 2.0531880855560303, 2.0280845165252686, 2.0020647048950195, 1.9751644134521484, 1.9475023746490479, 1.918937087059021, 1.8896703720092773, 1.8596090078353882, 1.8289647102355957, 1.7978086471557617, 1.7663298845291138, 1.7346303462982178, 1.7028539180755615, 1.670891284942627, 1.638846755027771, 1.6066797971725464, 1.5745623111724854, 1.542549729347229, 1.5106523036956787, 1.4791873693466187, 1.448035478591919, 1.4171534776687622, 1.3868401050567627, 1.3570232391357422, 1.3277026414871216, 1.2990307807922363, 1.2710583209991455, 1.24376380443573, 1.2171655893325806, 1.1913390159606934, 1.1663886308670044, 1.14219069480896, 1.1186543703079224, 1.0959233045578003, 1.0739706754684448, 1.0527007579803467, 1.0322978496551514], "accuracy": [0.12666000425815582, 0.1523600071668625, 0.17871999740600586, 0.20479999482631683, 0.2299399971961975, 0.25641998648643494, 0.2828400135040283, 0.31101998686790466, 0.33970001339912415, 0.36941999197006226, 0.3982999920845032, 0.426939994096756, 0.4535999894142151, 0.47811999917030334, 0.5008000135421753, 0.5219799876213074, 0.5413200259208679, 0.5612000226974487, 0.5796999931335449, 0.5976200103759766, 0.6131600141525269, 0.6302199959754944, 0.6451200246810913, 0.6597800254821777, 0.6731200218200684, 0.684660017490387, 0.6958600282669067, 0.7059000134468079, 0.714959979057312, 0.7238600254058838, 0.7311800122261047, 0.737779974937439, 0.743340015411377, 0.7489399909973145, 0.7540199756622314, 0.7587800025939941, 0.763700008392334, 0.7681000232696533, 0.7717199921607971, 0.775439977645874, 0.7788199782371521, 0.7822200059890747, 0.785860002040863, 0.7884799838066101, 0.7912999987602234, 0.7939599752426147, 0.7966799736022949, 0.7989199757575989, 0.8009399771690369, 0.8033400177955627], "val_loss": [2.289503574371338, 2.2728190422058105, 2.2560551166534424, 2.2389280796051025, 2.2213995456695557, 2.2031333446502686, 2.1840412616729736, 2.164206027984619, 2.1433327198028564, 2.121537446975708, 2.098818063735962, 2.075169801712036, 2.05035400390625, 2.0246808528900146, 1.9980963468551636, 1.9705036878585815, 1.9421135187149048, 1.9129078388214111, 1.8828856945037842, 1.8521482944488525, 1.8206443786621094, 1.7886555194854736, 1.7562042474746704, 1.7234461307525635, 1.6906126737594604, 1.6576021909713745, 1.6244515180587769, 1.5913351774215698, 1.5581109523773193, 1.5249700546264648, 1.4920331239700317, 1.459284782409668, 1.4270803928375244, 1.395104169845581, 1.3636198043823242, 1.3328479528427124, 1.302463173866272, 1.2726895809173584, 1.2436779737472534, 1.2153493165969849, 1.1877226829528809, 1.1608775854110718, 1.1349233388900757, 1.1098133325576782, 1.0854014158248901, 1.0617797374725342, 1.0389964580535889, 1.01694917678833, 0.9957441687583923, 0.9753268361091614], "val_accuracy": [0.1445000022649765, 0.17100000381469727, 0.1996999979019165, 0.2304999977350235, 0.25999999046325684, 0.2849999964237213, 0.31470000743865967, 0.3474000096321106, 0.38440001010894775, 0.4203000068664551, 0.447299987077713, 0.4708999991416931, 0.4973999857902527, 0.5216000080108643, 0.5446000099182129, 0.5644000172615051, 0.5839999914169312, 0.6007999777793884, 0.616599977016449, 0.6335999965667725, 0.6527000069618225, 0.6674000024795532, 0.6812999844551086, 0.6944000124931335, 0.7074999809265137, 0.7208999991416931, 0.7322999835014343, 0.7426000237464905, 0.7515000104904175, 0.7605000138282776, 0.766700029373169, 0.7721999883651733, 0.7764000296592712, 0.7815999984741211, 0.7853000164031982, 0.7907999753952026, 0.7940999865531921, 0.7980999946594238, 0.802299976348877, 0.8057000041007996, 0.808899998664856, 0.8111000061035156, 0.8133999705314636, 0.816100001335144, 0.8195000290870667, 0.8215000033378601, 0.8242999911308289, 0.8273000121116638, 0.8282999992370605, 0.8309999704360962]}