{"loss": [2.238471031188965, 2.022458553314209, 1.7009398937225342, 1.3670508861541748, 1.1049610376358032, 0.9238208532333374, 0.7991651296615601, 0.7103284597396851, 0.6447039246559143, 0.5944880247116089, 0.5555301308631897, 0.5241770148277283, 0.4985053539276123, 0.47689732909202576, 0.45849373936653137, 0.44276726245880127, 0.42900511622428894, 0.416951060295105, 0.406146764755249, 0.3964770436286926, 0.3877725899219513, 0.3799019455909729, 0.3726310133934021, 0.3661327362060547, 0.3599937856197357, 0.354280024766922, 0.34912675619125366, 0.3442144989967346, 0.3396296501159668, 0.33530330657958984, 0.33114808797836304, 0.32728034257888794, 0.3235299587249756, 0.3200174570083618, 0.3165990114212036, 0.3133879005908966, 0.31029000878334045, 0.30731669068336487, 0.3044179677963257, 0.3016637861728668, 0.2989506721496582, 0.2963506877422333, 0.2938796281814575, 0.29143741726875305, 0.2890144884586334, 0.2867220342159271, 0.2845039963722229, 0.2823384702205658, 0.28017857670783997, 0.2781388461589813], "accuracy": [0.192780002951622, 0.484360009431839, 0.6543200016021729, 0.7380599975585938, 0.7778400182723999, 0.8008800148963928, 0.8176000118255615, 0.8297399878501892, 0.841159999370575, 0.8491799831390381, 0.8561000227928162, 0.8618599772453308, 0.86735999584198, 0.8718199729919434, 0.8763999938964844, 0.8799600005149841, 0.8831999897956848, 0.8860200047492981, 0.8889999985694885, 0.8910800218582153, 0.8937000036239624, 0.8951799869537354, 0.8967000246047974, 0.8985400199890137, 0.8997600078582764, 0.9012799859046936, 0.9023600220680237, 0.9035000205039978, 0.9047600030899048, 0.9058399796485901, 0.9068800210952759, 0.9078599810600281, 0.9087600111961365, 0.9097399711608887, 0.9102200269699097, 0.9113399982452393, 0.912060022354126, 0.9127799868583679, 0.9140400290489197, 0.9143800139427185, 0.9150999784469604, 0.9155600070953369, 0.9167400002479553, 0.9172000288963318, 0.9178000092506409, 0.9182800054550171, 0.919219970703125, 0.919439971446991, 0.9203600287437439, 0.9207599759101868], "val_loss": [2.1453402042388916, 1.8578003644943237, 1.4995156526565552, 1.1832544803619385, 0.9589199423789978, 0.8066615462303162, 0.7013049125671387, 0.6255509853363037, 0.5692121386528015, 0.5267397165298462, 0.4931687116622925, 0.46657469868659973, 0.44443726539611816, 0.42594969272613525, 0.4105631411075592, 0.39722248911857605, 0.3857325315475464, 0.37582340836524963, 0.36696141958236694, 0.3589756488800049, 0.3519376516342163, 0.34508687257766724, 0.3396020829677582, 0.3339640498161316, 0.32892289757728577, 0.32458701729774475, 0.3202071189880371, 0.31608352065086365, 0.31263455748558044, 0.30880194902420044, 0.3056768476963043, 0.3025553822517395, 0.2996496558189392, 0.2967904508113861, 0.2938550114631653, 0.29146406054496765, 0.28904083371162415, 0.2865073084831238, 0.284071683883667, 0.28212711215019226, 0.2800447344779968, 0.2776557505130768, 0.27562177181243896, 0.27360770106315613, 0.2715345025062561, 0.26991328597068787, 0.2679145932197571, 0.26642248034477234, 0.26467418670654297, 0.2628491520881653], "val_accuracy": [0.366100013256073, 0.6040999889373779, 0.7318000197410583, 0.7908999919891357, 0.8181999921798706, 0.8353999853134155, 0.848800003528595, 0.8586999773979187, 0.8665000200271606, 0.8730000257492065, 0.8784000277519226, 0.8833000063896179, 0.8885999917984009, 0.8925999999046326, 0.8953999876976013, 0.8978000283241272, 0.8999999761581421, 0.9024999737739563, 0.9043999910354614, 0.906000018119812, 0.9074000120162964, 0.9092000126838684, 0.9099000096321106, 0.9104999899864197, 0.9118000268936157, 0.9136000275611877, 0.9136999845504761, 0.9146000146865845, 0.9150000214576721, 0.9157000184059143, 0.916100025177002, 0.9172000288963318, 0.9179999828338623, 0.9193000197410583, 0.9199000000953674, 0.920799970626831, 0.9215999841690063, 0.9215999841690063, 0.9222999811172485, 0.9233999848365784, 0.9236999750137329, 0.9236000180244446, 0.9243000149726868, 0.9247999787330627, 0.925599992275238, 0.925599992275238, 0.9262999892234802, 0.9266999959945679, 0.9269999861717224, 0.9277999997138977]}