{"loss": [1.897887945175171, 0.9482067227363586, 0.624393105506897, 0.5070204138755798, 0.4454704821109772, 0.4078534245491028, 0.38223549723625183, 0.36328908801078796, 0.34850186109542847, 0.33624184131622314, 0.32596758008003235, 0.3170311748981476, 0.30883169174194336, 0.3015652596950531, 0.29484111070632935, 0.28863582015037537, 0.28286823630332947, 0.27744534611701965, 0.2722209095954895, 0.26728999614715576, 0.2627165615558624, 0.25829020142555237, 0.2538861632347107, 0.24981333315372467, 0.24590644240379333, 0.2420785129070282, 0.23842160403728485, 0.23494455218315125, 0.23157669603824615, 0.2282690554857254, 0.22517924010753632, 0.22215671837329865, 0.21914061903953552, 0.2162579894065857, 0.213514506816864, 0.21080289781093597, 0.20812225341796875, 0.2056083232164383, 0.20313121378421783, 0.2006382793188095, 0.19825275242328644, 0.1959434151649475, 0.19372011721134186, 0.1914575845003128, 0.18917860090732574, 0.18716567754745483, 0.18505257368087769, 0.1830313503742218, 0.1809830218553543, 0.1790628880262375], "accuracy": [0.4929400086402893, 0.7983400225639343, 0.8492400050163269, 0.8687199950218201, 0.8811799883842468, 0.8878999948501587, 0.8937399983406067, 0.8980000019073486, 0.901419997215271, 0.9040399789810181, 0.9067999720573425, 0.9095199704170227, 0.9117000102996826, 0.9134399890899658, 0.9154999852180481, 0.9169600009918213, 0.9186599850654602, 0.9197999835014343, 0.9218999743461609, 0.9233400225639343, 0.9242200255393982, 0.9254000186920166, 0.9268400073051453, 0.9277799725532532, 0.9287400245666504, 0.9297400116920471, 0.9309999942779541, 0.932200014591217, 0.9329400062561035, 0.9337199926376343, 0.934660017490387, 0.935479998588562, 0.9363399744033813, 0.9370599985122681, 0.9382200241088867, 0.9388999938964844, 0.9395999908447266, 0.9399200081825256, 0.9412000179290771, 0.9417399764060974, 0.9427000284194946, 0.9430400133132935, 0.9439399838447571, 0.9448400139808655, 0.9452999830245972, 0.946179986000061, 0.9465799927711487, 0.9470999836921692, 0.9476000070571899, 0.9486200213432312], "val_loss": [1.2784188985824585, 0.6773412823677063, 0.5083562731742859, 0.4315021336078644, 0.3898233473300934, 0.36213380098342896, 0.3438136577606201, 0.32956624031066895, 0.31839197874069214, 0.3098003566265106, 0.3013119697570801, 0.29465577006340027, 0.28838643431663513, 0.2825799286365509, 0.27779656648635864, 0.2724798321723938, 0.26837238669395447, 0.2645873427391052, 0.25961899757385254, 0.25653839111328125, 0.25246068835258484, 0.24903766810894012, 0.24578872323036194, 0.24280935525894165, 0.23872096836566925, 0.2355712205171585, 0.2323208749294281, 0.23002441227436066, 0.2271367907524109, 0.22458186745643616, 0.22246071696281433, 0.21967314183712006, 0.21706779301166534, 0.2151191234588623, 0.21259309351444244, 0.21066814661026, 0.20859552919864655, 0.20647306740283966, 0.20419590175151825, 0.20225095748901367, 0.2003008872270584, 0.19845914840698242, 0.1965559720993042, 0.1949797123670578, 0.19318178296089172, 0.1916615515947342, 0.18942008912563324, 0.1882222294807434, 0.18713191151618958, 0.1853402554988861], "val_accuracy": [0.7648000121116638, 0.8549000024795532, 0.8747000098228455, 0.88919997215271, 0.8962000012397766, 0.901199996471405, 0.9046000242233276, 0.9077000021934509, 0.9120000004768372, 0.9136000275611877, 0.9151999950408936, 0.9175000190734863, 0.9189000129699707, 0.9208999872207642, 0.921999990940094, 0.9229999780654907, 0.9247999787330627, 0.9248999953269958, 0.9265000224113464, 0.9280999898910522, 0.9284999966621399, 0.9294999837875366, 0.9301999807357788, 0.9319000244140625, 0.9325000047683716, 0.9340999722480774, 0.9348000288009644, 0.9352999925613403, 0.9362000226974487, 0.9369999766349792, 0.9358999729156494, 0.9380999803543091, 0.9388999938964844, 0.939300000667572, 0.9391000270843506, 0.9398999810218811, 0.9402999877929688, 0.9422000050544739, 0.9419999718666077, 0.9430999755859375, 0.9434999823570251, 0.9434999823570251, 0.9447000026702881, 0.9442999958992004, 0.9440000057220459, 0.9451000094413757, 0.9463000297546387, 0.946399986743927, 0.9463000297546387, 0.9467999935150146]}