{"loss": [2.3051187992095947, 2.290567398071289, 2.2758901119232178, 2.2607383728027344, 2.2448015213012695, 2.227926254272461, 2.210062026977539, 2.1911392211914062, 2.170926809310913, 2.149690866470337, 2.127549648284912, 2.104404926300049, 2.0802648067474365, 2.0554234981536865, 2.0298242568969727, 2.003323793411255, 1.9759645462036133, 1.947810173034668, 1.918961524963379, 1.8895004987716675, 1.8595811128616333, 1.8291720151901245, 1.7983827590942383, 1.7671232223510742, 1.7354319095611572, 1.7033699750900269, 1.6710785627365112, 1.6388270854949951, 1.60671067237854, 1.5746601819992065, 1.542776107788086, 1.5111031532287598, 1.4797093868255615, 1.4487073421478271, 1.4182171821594238, 1.3882701396942139, 1.3589696884155273, 1.330297827720642, 1.3022971153259277, 1.2750580310821533, 1.2486486434936523, 1.2230122089385986, 1.1979690790176392, 1.1736831665039062, 1.1502145528793335, 1.1276429891586304, 1.1056787967681885, 1.0844395160675049, 1.0638492107391357, 1.044009804725647, 1.0247771739959717, 1.0062322616577148, 0.9882692694664001, 0.9709147810935974, 0.9541681408882141, 0.9379199147224426, 0.9223175048828125, 0.9071961641311646, 0.8924885392189026, 0.8782434463500977, 0.8645877838134766, 0.8513390421867371, 0.8385650515556335, 0.826173722743988, 0.8142600059509277, 0.802815318107605, 0.7917892932891846, 0.7811828851699829, 0.7709267735481262, 0.7610068917274475, 0.7515028715133667, 0.7423401474952698, 0.7334703803062439, 0.7248852252960205, 0.7166042923927307, 0.7085922360420227, 0.700873613357544, 0.6933955550193787, 0.6861501336097717, 0.6791613101959229, 0.6724228262901306, 0.6658501029014587, 0.6594648957252502, 0.6532361507415771, 0.6471991539001465, 0.6413898468017578, 0.6357257962226868, 0.6301973462104797, 0.6248177886009216, 0.6196338534355164, 0.6145793199539185, 0.609665036201477, 0.6049165725708008, 0.6002600789070129, 0.5957302451133728, 0.5912927389144897, 0.5869513750076294, 0.5826973915100098, 0.5785406827926636, 0.5744831562042236], "accuracy": [0.09328000247478485, 0.1277800053358078, 0.1662600040435791, 0.20603999495506287, 0.24395999312400818, 0.2825799882411957, 0.3209199905395508, 0.35868000984191895, 0.39524000883102417, 0.4271399974822998, 0.45528000593185425, 0.47982001304626465, 0.5020400285720825, 0.5222399830818176, 0.5404599905014038, 0.5548200011253357, 0.5693399906158447, 0.5824000239372253, 0.5950599908828735, 0.6056600213050842, 0.6156600117683411, 0.6250200271606445, 0.6341400146484375, 0.6428599953651428, 0.65065997838974, 0.658840000629425, 0.6674799919128418, 0.6753799915313721, 0.68367999792099, 0.6925600171089172, 0.6995999813079834, 0.7084199786186218, 0.7160800099372864, 0.7235000133514404, 0.729960024356842, 0.7357000112533569, 0.7407000064849854, 0.745959997177124, 0.7511199712753296, 0.7561200261116028, 0.760200023651123, 0.7635200023651123, 0.7672600150108337, 0.7702400088310242, 0.7727800011634827, 0.7755399942398071, 0.7775800228118896, 0.7799999713897705, 0.7823600172996521, 0.7847999930381775, 0.7871999740600586, 0.7890200018882751, 0.7915999889373779, 0.7934399843215942, 0.7954000234603882, 0.7975800037384033, 0.7995399832725525, 0.8015999794006348, 0.8027999997138977, 0.8045200109481812, 0.8058599829673767, 0.8076800107955933, 0.8091599941253662, 0.8104000091552734, 0.8122400045394897, 0.813759982585907, 0.8151999711990356, 0.8163400292396545, 0.8178799748420715, 0.8190000057220459, 0.8204399943351746, 0.8217599987983704, 0.8229600191116333, 0.8244199752807617, 0.8259999752044678, 0.827180027961731, 0.828719973564148, 0.8300600051879883, 0.8309800028800964, 0.8320199847221375, 0.8332399725914001, 0.8342400193214417, 0.8352000117301941, 0.8361200094223022, 0.8373399972915649, 0.83788001537323, 0.8392000198364258, 0.8403800129890442, 0.8409799933433533, 0.8416000008583069, 0.8428000211715698, 0.8434799909591675, 0.8445000052452087, 0.845300018787384, 0.8459200263023376, 0.8468400239944458, 0.8478000164031982, 0.8486400246620178, 0.8493199944496155, 0.8501799702644348], "val_loss": [2.296952962875366, 2.2819056510925293, 2.266561508178711, 2.2505569458007812, 2.233659505844116, 2.2157199382781982, 2.196662425994873, 2.176321268081665, 2.154721975326538, 2.1321749687194824, 2.1086840629577637, 2.084141731262207, 2.0586767196655273, 2.032587766647339, 2.005661725997925, 1.9777981042861938, 1.949154257774353, 1.9197226762771606, 1.8896554708480835, 1.8590537309646606, 1.8279234170913696, 1.7964285612106323, 1.7645217180252075, 1.7320538759231567, 1.6992818117141724, 1.6660109758377075, 1.6328641176223755, 1.5996242761611938, 1.5665308237075806, 1.5335838794708252, 1.500784993171692, 1.4683268070220947, 1.4361145496368408, 1.4044923782348633, 1.3733102083206177, 1.3428199291229248, 1.3129099607467651, 1.283827304840088, 1.2554516792297363, 1.2278978824615479, 1.2011889219284058, 1.1752712726593018, 1.149858832359314, 1.1254489421844482, 1.1018550395965576, 1.0790953636169434, 1.056911826133728, 1.0354735851287842, 1.0147924423217773, 0.9947771430015564, 0.9753807783126831, 0.9567145705223083, 0.9386139512062073, 0.9212009906768799, 0.9042982459068298, 0.8880288004875183, 0.8723598718643188, 0.8571727275848389, 0.8423763513565063, 0.8281416296958923, 0.8144906759262085, 0.8012283444404602, 0.7884716987609863, 0.7761039137840271, 0.7642501592636108, 0.7528198957443237, 0.7418986558914185, 0.7313459515571594, 0.7211791276931763, 0.7113514542579651, 0.701979398727417, 0.6929047107696533, 0.6841496229171753, 0.6756725907325745, 0.6675001978874207, 0.6596084833145142, 0.6519923210144043, 0.6446449160575867, 0.6375051140785217, 0.6306928396224976, 0.6240660548210144, 0.6175782680511475, 0.6113165616989136, 0.605218231678009, 0.5993202924728394, 0.593638002872467, 0.5880748629570007, 0.5826852321624756, 0.5774483680725098, 0.5724185109138489, 0.5674825310707092, 0.5627297759056091, 0.5580979585647583, 0.5535944700241089, 0.549188494682312, 0.5448769927024841, 0.5406651496887207, 0.5365592837333679, 0.5325343012809753, 0.5286421775817871],