{"loss": [2.253507375717163, 2.060352087020874, 1.762316107749939, 1.4250824451446533, 1.1429048776626587, 0.9430012702941895, 0.8071218729019165, 0.7124590873718262, 0.6434386372566223, 0.5912385582923889, 0.550870954990387, 0.5184643864631653, 0.49227067828178406, 0.4705737829208374, 0.4521295726299286, 0.4363211989402771, 0.42257148027420044, 0.41042619943618774, 0.39970889687538147, 0.3902133107185364, 0.38155725598335266, 0.373758465051651, 0.3665517270565033, 0.3599475920200348, 0.3538004755973816, 0.34811440110206604, 0.34288567304611206, 0.337882936000824, 0.33322665095329285, 0.32874947786331177, 0.3245580196380615, 0.3205277621746063, 0.3167528808116913, 0.31308308243751526, 0.30965784192085266, 0.3063780963420868, 0.3032534122467041, 0.3001784682273865, 0.2972574532032013, 0.2944085896015167, 0.29163289070129395, 0.2889708876609802, 0.28639063239097595, 0.28382158279418945, 0.28141969442367554, 0.27902647852897644, 0.2767215371131897, 0.2744962275028229, 0.2722990810871124, 0.2702060639858246, 0.2681124806404114, 0.266134649515152, 0.26417648792266846, 0.2622215449810028, 0.2603232264518738, 0.25852102041244507, 0.2567383646965027, 0.2549589276313782, 0.2532312870025635, 0.25156834721565247, 0.24985572695732117, 0.2482936531305313, 0.24671290814876556, 0.24515743553638458, 0.24361871182918549, 0.24211151897907257, 0.24067097902297974, 0.23924949765205383, 0.23776835203170776, 0.23640558123588562, 0.23504218459129333, 0.23371556401252747, 0.23235668241977692, 0.2310863733291626, 0.22979094088077545, 0.2284969985485077, 0.22729109227657318, 0.22605304419994354, 0.22484242916107178, 0.22366204857826233, 0.22248950600624084, 0.22133754193782806, 0.22021128237247467, 0.2190811187028885, 0.21799781918525696, 0.21689221262931824, 0.21582087874412537, 0.21473820507526398, 0.21368630230426788, 0.21263861656188965, 0.21158458292484283, 0.2105862945318222, 0.20957793295383453, 0.20861321687698364, 0.20754437148571014, 0.2066570520401001, 0.20568977296352386, 0.20471127331256866, 0.20376868546009064, 0.20285509526729584], "accuracy": [0.22091999650001526, 0.42910000681877136, 0.6385599970817566, 0.7398200035095215, 0.7811400294303894, 0.8045600056648254, 0.8210999965667725, 0.8334400057792664, 0.8436999917030334, 0.8528800010681152, 0.8601400256156921, 0.8665199875831604, 0.8711000084877014, 0.8755599856376648, 0.8794199824333191, 0.8826199769973755, 0.8860599994659424, 0.8887400031089783, 0.8912799954414368, 0.8927800059318542, 0.8952599763870239, 0.8969399929046631, 0.8985599875450134, 0.9000999927520752, 0.9013800024986267, 0.9024199843406677, 0.9039400219917297, 0.9048200249671936, 0.906279981136322, 0.9075199961662292, 0.9088199734687805, 0.9094799757003784, 0.9107800126075745, 0.9117400050163269, 0.9126799702644348, 0.9135000109672546, 0.9144999980926514, 0.9154599905014038, 0.9165800213813782, 0.9169399738311768, 0.9176599979400635, 0.9185799956321716, 0.9192600250244141, 0.9198600053787231, 0.9208800196647644, 0.9214800000190735, 0.9218400120735168, 0.9223799705505371, 0.9227799773216248, 0.9233999848365784, 0.9238399863243103, 0.924340009689331, 0.924780011177063, 0.9254199862480164, 0.92603999376297, 0.9261999726295471, 0.9268400073051453, 0.9274200201034546, 0.9276800155639648, 0.9281399846076965, 0.9289199709892273, 0.9290199875831604, 0.9297000169754028, 0.9299600124359131, 0.9299200177192688, 0.9308800101280212, 0.9312000274658203, 0.9312599897384644, 0.9319199919700623, 0.9321399927139282, 0.9323599934577942, 0.9330199956893921, 0.9333400130271912, 0.9335399866104126, 0.9340800046920776, 0.9342600107192993, 0.9345200061798096, 0.9351199865341187, 0.9351999759674072, 0.9355000257492065, 0.9356399774551392, 0.9362199902534485, 0.9365000128746033, 0.9369400143623352, 0.9368799924850464, 0.9374600052833557, 0.9374799728393555, 0.938040018081665, 0.9381200075149536, 0.9383999705314636, 0.9386799931526184, 0.9390599727630615, 0.9392200112342834, 0.9395800232887268, 0.9396600127220154, 0.9402599930763245, 0.9403799772262573, 0.9407399892807007, 0.9412000179290771, 0.9409599900245667], "val_loss": [2.170377254486084, 1.9118576049804688, 1.5672835111618042, 1.237005352973938, 0.9920201301574707, 0.8254737257957458, 0.7120754718780518, 0.6323530673980713, 0.5734408497810364, 0.5285534858703613, 0.49391990900039673, 0.46614232659339905, 0.4437563419342041, 0.42517992854118347, 0.40962427854537964, 0.3959713280200958, 0.38424286246299744, 0.3740256726741791, 0.3651823103427887, 0.35711297392845154, 0.34977567195892334, 0.34339267015457153, 0.33731743693351746, 0.3317408263683319, 0.32675206661224365, 0.3220047652721405, 0.3176170885562897, 0.31360989809036255, 0.309556782245636, 0.30602791905403137, 0.30242374539375305, 0.29914528131484985, 0.29590728878974915, 0.29271814227104187, 0.2900085151195526, 0.28730934858322144, 0.28492608666419983, 0.28217554092407227, 0.2800365388393402, 0.27732691168785095, 0.2750735878944397, 0.2730104327201843, 0.27085816860198975, 0.2689051628112793, 0.26688194274902344, 0.2647114396095276, 0.26283642649650574, 0.2610962390899658, 0.2592897117137909, 0.25722745060920715, 0.2556847929954529, 0.25389260053634644, 0.25237569212913513, 0.25080785155296326, 0.2493511289358139, 0.24773015081882477, 0.24639834463596344, 0.24476875364780426, 0.2433505356311798, 0.24190278351306915, 0.24058116972446442, 0.23922428488731384, 0.23792429268360138, 0.23661772906780243, 0.23535186052322388, 0.234175905585289, 0.23298515379428864, 0.23162975907325745, 0.2306862771511078, 0.22945834696292877, 0.228249654173851, 0.22711870074272156, 0.22617216408252716, 0.22491855919361115, 0.2237110584974289, 0.2229543775320053, 0.22183150053024292, 0.2207406461238861, 0.21981145441532135, 0.21860139071941376, 0.21771350502967834, 0.21676105260849, 0.21562260389328003, 0.21501925587654114, 0.21390126645565033, 0.21314911544322968, 0.2121049016714096, 0.21135036647319794, 0.21015211939811707, 0.209340900182724, 0.20843279361724854, 0.2075621783733368, 0.20702479779720306, 0.20588508248329163, 0.20487509667873383, 0.2042704075574875, 0.20342646539211273, 0.20272143185138702, 0.20188146829605103, 0.20117300748825073],