{"loss": [0.3770727217197418, 0.16028019785881042, 0.11491122096776962, 0.08882962167263031, 0.07286941260099411, 0.060433387756347656, 0.05020124465227127, 0.04265620559453964, 0.03604820370674133, 0.0301761906594038, 0.02539261244237423, 0.02100127749145031, 0.01746070571243763, 0.015065480954945087, 0.012430769391357899, 0.009862248785793781, 0.008294597268104553, 0.007045910693705082, 0.005836312659084797, 0.004855128936469555, 0.004051597323268652, 0.0035581698175519705, 0.0031929712276905775, 0.0026969125028699636, 0.0024286035913974047, 0.002191615989431739, 0.0020247651264071465, 0.0018386211013421416, 0.0016922242939472198, 0.0015838472172617912, 0.0014715613797307014, 0.0013942790683358908, 0.0012921500019729137, 0.001202317071147263, 0.001153154531493783, 0.0010883730137720704, 0.0010299619752913713, 0.0009730126475915313, 0.0009353759232908487, 0.000886068562977016, 0.0008489417377859354, 0.0008115213131532073, 0.0007777577266097069, 0.0007480621570721269, 0.0007226906018331647, 0.0006952229887247086, 0.0006698941579088569, 0.0006487276987172663, 0.0006239786162041128, 0.0006025837501510978, 0.0005836733034811914, 0.0005657594883814454, 0.0005486594163812697, 0.0005317423492670059, 0.0005179934087209404, 0.0005004676640965044, 0.0004868841206189245, 0.00047465029638260603, 0.0004627924645319581, 0.00045053925714455545, 0.00044018347398377955, 0.000427501363446936, 0.0004167405713815242, 0.0004075081378687173, 0.000397713971324265, 0.0003887580242007971, 0.0003803562431130558, 0.00037071731640025973, 0.00036228724638931453, 0.00035515628405846655, 0.0003483789914753288, 0.00034078536555171013, 0.00033372154575772583, 0.0003270352608524263, 0.0003207173431292176, 0.0003142700297757983, 0.0003084989439230412, 0.0003026619669981301, 0.00029688916401937604, 0.00029199858545325696, 0.00028613596805371344, 0.00028103182557970285, 0.00027649468393065035, 0.00027159598539583385, 0.00026655878173187375, 0.00026207411428913474, 0.00025840048328973353, 0.0002534251834731549, 0.0002499106922186911, 0.0002451969194225967, 0.00024163202033378184, 0.00023826656979508698, 0.00023470849555451423, 0.0002309949923073873, 0.00022752235236112028, 0.00022385026386473328, 0.00022034492576494813, 0.00021779892267659307, 0.0002147027407772839, 0.00021186147932894528], "accuracy": [0.8858000040054321, 0.9513199925422668, 0.9649800062179565, 0.9733999967575073, 0.9780200123786926, 0.9813200235366821, 0.9852399826049805, 0.9873600006103516, 0.9891200065612793, 0.9920200109481812, 0.9928799867630005, 0.9947999715805054, 0.9958999752998352, 0.9961400032043457, 0.9973599910736084, 0.998199999332428, 0.998520016670227, 0.999019980430603, 0.9994199872016907, 0.9995999932289124, 0.9997400045394897, 0.9997199773788452, 0.9998800158500671, 0.9998999834060669, 0.9999399781227112, 0.9999600052833557, 0.9999799728393555, 0.9999799728393555, 0.9999799728393555, 0.9999799728393555, 1.0, 0.9999799728393555, 1.0, 1.0, 1.0, 1.0, 1.0, 1.0, 1.0, 1.0, 1.0, 1.0, 1.0, 1.0, 1.0, 1.0, 1.0, 1.0, 1.0, 1.0, 1.0, 1.0, 1.0, 1.0, 1.0, 1.0, 1.0, 1.0, 1.0, 1.0, 1.0, 1.0, 1.0, 1.0, 1.0, 1.0, 1.0, 1.0, 1.0, 1.0, 1.0, 1.0, 1.0, 1.0, 1.0, 1.0, 1.0, 1.0, 1.0, 1.0, 1.0, 1.0, 1.0, 1.0, 1.0, 1.0, 1.0, 1.0, 1.0, 1.0, 1.0, 1.0, 1.0, 1.0, 1.0, 1.0, 1.0, 1.0, 1.0, 1.0], "val_loss": [0.225442573428154, 0.36885493993759155, 0.11740157753229141, 0.12267666310071945, 0.09502489119768143, 0.11925726383924484, 0.10263277590274811, 0.10414452105760574, 0.1065836027264595, 0.10527785867452621, 0.10154877603054047, 0.09737198799848557, 0.10972075164318085, 0.10176676511764526, 0.10076695680618286, 0.11632473021745682, 0.10420694947242737, 0.10737521946430206, 0.1110837385058403, 0.10889797657728195, 0.11064881831407547, 0.11255202442407608, 0.11391129344701767, 0.11465593427419662, 0.11653102934360504, 0.11657768487930298, 0.11874444782733917, 0.12032295018434525, 0.12081717699766159, 0.12114206701517105, 0.1218125969171524, 0.12169800698757172, 0.12312699854373932, 0.12412808835506439, 0.1256662905216217, 0.12580524384975433, 0.12618860602378845, 0.12675541639328003, 0.12799149751663208, 0.12951083481311798, 0.12957821786403656, 0.13049939274787903, 0.13044336438179016, 0.1314484179019928, 0.13151417672634125, 0.1322534680366516, 0.13318252563476562, 0.1340082734823227, 0.1335696130990982, 0.13547006249427795, 0.13495495915412903, 0.13527971506118774, 0.1368708610534668, 0.13700304925441742, 0.1374581903219223, 0.1377759426832199, 0.13806109130382538, 0.1389806717634201, 0.13913892209529877, 0.13945403695106506, 0.14049188792705536, 0.14018061757087708, 0.14080239832401276, 0.14122238755226135, 0.14179135859012604, 0.14174097776412964, 0.1422816514968872, 0.1425108164548874, 0.14283928275108337, 0.14256250858306885, 0.1436421126127243, 0.14356085658073425, 0.1440921574831009, 0.14397838711738586, 0.1446526199579239, 0.145098015666008, 0.14540688693523407, 0.14581207931041718, 0.14625504612922668, 0.1463419646024704, 0.14689214527606964, 0.14705263078212738, 0.1474088430404663, 0.14759913086891174, 0.14813874661922455, 0.14777083694934845, 0.14818839728832245, 0.14861707389354706, 0.14881783723831177, 0.1488930583000183, 0.1493014693260193, 0.14982736110687256, 0.1501215100288391, 0.15047645568847656, 0.1502121388912201, 0.15084783732891083, 0.1512068659067154, 0.15133506059646606, 0.15173998475074768, 0.1515670120716095], "val_accuracy": [0.9308000206947327, 0.8834999799728394, 0.9635000228881836, 0.963699996471405, 0.9708999991416931, 0.9632999897003174, 0.9695000052452087, 0.9696999788284302, 0.968999981880188, 0.9713000059127808, 0.9718999862670898, 0.9728999733924866, 0.970300018787384, 0.9732999801635742, 0.9735999703407288, 0.9703999757766724, 0.9746999740600586, 0.9735999703407288, 0.9731000065803528, 0.9733999967575073, 0.9742000102996826, 0.9747999906539917, 0.9745000004768372, 0.9736999869346619, 0.9736999869346619, 0.9743000268936157, 0.9739000201225281, 0.9742000102996826, 0.9735000133514404, 0.9740999937057495, 0.9736999869346619, 0.9746000170707703, 0.974399983882904, 0.9740999937057495, 0.973800003528595, 0.973800003528595, 0.974399983882904, 0.9742000102996826, 0.9739000201225281, 0.9745000004768372, 0.9740999937057495, 0.9742000102996826, 0.9743000268936157, 0.9739999771118164, 0.9740999937057495, 0.9742000102996826, 0.9740999937057495, 0.9740999937057495, 0.9742000102996826, 0.9739000201225281, 0.9742000102996826, 0.974399983882904, 0.9740999937057495, 0.9743000268936157, 0.9739999771118164, 0.9740999937057495, 0.974399983882904, 0.974399983882904, 0.9740999937057495, 0.9739999771118164, 0.9742000102996826, 0.974399983882904, 0.9743000268936157, 0.9743000268936157, 0.9739000201225281, 0.9743000268936157, 0.9742000102996826, 0.974399983882904, 0.9743000268936157, 0.9743000268936157, 0.9745000004768372, 0.9746000170707703, 0.9742000102996826, 0.9743000268936157, 0.9740999937057495, 0.9742000102996826, 0.9742000102996826, 0.9745000004768372, 0.9745000004768372, 0.9740999937057495, 0.9742000102996826, 0.9745000004768372, 0.9740999937057495, 0.9742000102996826, 0.9742000102996826, 0.9745000004768372, 0.9743000268936157, 0.9742000102996826, 0.9740999937057495, 0.9745000004768372, 0.9740999937057495, 0.9742000102996826, 0.974399983882904, 0.9743000268936157, 0.9742000102996826, 0.974399983882904, 0.9743000268936157, 0.9740999937057495, 0.9740999937057495, 0.974399983882904]}