{"loss": [0.580298662185669, 0.2657581567764282, 0.21450689435005188, 0.18269890546798706, 0.15860234200954437, 0.14034153521060944, 0.12551431357860565, 0.11349154263734818, 0.10339486598968506, 0.09484225511550903, 0.08751151710748672, 0.08152558654546738, 0.07579600811004639, 0.07095838338136673, 0.06655171513557434, 0.062454141676425934, 0.05900625139474869, 0.05576635152101517, 0.052724018692970276, 0.04999342933297157, 0.04747810587286949, 0.044884320348501205, 0.042752139270305634, 0.04066286236047745, 0.038522373884916306, 0.036674607545137405, 0.035247161984443665, 0.033479589968919754, 0.031998418271541595, 0.03053802065551281, 0.029179826378822327, 0.02763180434703827, 0.026673337444663048, 0.025622086599469185, 0.024432560428977013, 0.02329428866505623, 0.02242257632315159, 0.021502278745174408, 0.020488083362579346, 0.01972818933427334, 0.018846822902560234, 0.018159139901399612, 0.017360897734761238, 0.016709178686141968, 0.01610266976058483, 0.0154313575476408, 0.014928359538316727, 0.01436180341988802, 0.013734409585595131, 0.013211935758590698, 0.012797188945114613, 0.01228074450045824, 0.011771412566304207, 0.011355509050190449, 0.011001059785485268, 0.010535255074501038, 0.010302347131073475, 0.009841051883995533, 0.009579552337527275, 0.009209807962179184, 0.008929084055125713, 0.008554083295166492, 0.008333402685821056, 0.008070060051977634, 0.007815265096724033, 0.007527611684054136, 0.007368366699665785, 0.007145220413804054, 0.006932409014552832, 0.006690546870231628, 0.006466709543019533, 0.006308533251285553, 0.006099749822169542, 0.005942290648818016, 0.005801282357424498, 0.005678785499185324, 0.005470698233693838, 0.005326776299625635, 0.005194490309804678, 0.00506218709051609, 0.004927517380565405, 0.00480567617341876, 0.004710071254521608, 0.004565920680761337, 0.004455236252397299, 0.004361303523182869, 0.004255955573171377, 0.004166498780250549, 0.004067765083163977, 0.0040016863495111465, 0.003890986554324627, 0.0038086355198174715, 0.0037241224199533463, 0.0036342123057693243, 0.0035761105827987194, 0.0034846593625843525, 0.003418508917093277, 0.0033285431563854218, 0.0032793942373245955, 0.003209349000826478], "accuracy": [0.8392199873924255, 0.9230800271034241, 0.9379000067710876, 0.9469000101089478, 0.9533200263977051, 0.9589999914169312, 0.9638400077819824, 0.9671599864959717, 0.9699000120162964, 0.9727399945259094, 0.9749199748039246, 0.9767000079154968, 0.9787999987602234, 0.9799399971961975, 0.9814800024032593, 0.9823399782180786, 0.9836599826812744, 0.9847599864006042, 0.9851199984550476, 0.9863200187683105, 0.986840009689331, 0.9874799847602844, 0.9884999990463257, 0.989139974117279, 0.9899200201034546, 0.9908999800682068, 0.991100013256073, 0.9914600253105164, 0.9919800162315369, 0.9926999807357788, 0.9932000041007996, 0.9937400221824646, 0.9940400123596191, 0.9943600296974182, 0.9947800040245056, 0.995140016078949, 0.9957000017166138, 0.9960799813270569, 0.9959800243377686, 0.9965199828147888, 0.9968000054359436, 0.996999979019165, 0.9973199963569641, 0.9975000023841858, 0.9975399971008301, 0.9977800250053406, 0.9980000257492065, 0.9980000257492065, 0.9982600212097168, 0.9983999729156494, 0.9983800053596497, 0.9985600113868713, 0.9986799955368042, 0.9987599849700928, 0.9988399744033813, 0.998960018157959, 0.9990599751472473, 0.9991000294685364, 0.9991400241851807, 0.9991999864578247, 0.999239981174469, 0.9993600249290466, 0.9994000196456909, 0.9993600249290466, 0.9995200037956238, 0.999459981918335, 0.9995399713516235, 0.9995399713516235, 0.9996399879455566, 0.9997199773788452, 0.9997400045394897, 0.9996799826622009, 0.9997599720954895, 0.9997400045394897, 0.999779999256134, 0.9997000098228455, 0.9999200105667114, 0.9998199939727783, 0.9998199939727783, 0.9998599886894226, 0.9999200105667114, 0.9998999834060669, 0.9998800158500671, 0.9998999834060669, 0.9998999834060669, 0.9999399781227112, 0.9999399781227112, 0.9999200105667114, 0.9999600052833557, 0.9999600052833557, 0.9999600052833557, 0.9999600052833557, 0.9999799728393555, 0.9999799728393555, 0.9999600052833557, 0.9999600052833557, 0.9999799728393555, 0.9999799728393555, 0.9999799728393555, 0.9999799728393555], "val_loss": [0.28464359045028687, 0.23505434393882751, 0.19613341987133026, 0.17171838879585266, 0.16285234689712524, 0.1441521793603897, 0.13843008875846863, 0.1267482340335846, 0.12262823432683945, 0.11521340161561966, 0.11646644026041031, 0.11066742986440659, 0.11677568405866623, 0.11305775493383408, 0.10390292853116989, 0.10252320766448975, 0.1026967316865921, 0.10023166239261627, 0.10026246309280396, 0.10191759467124939, 0.0981127992272377, 0.09929226338863373, 0.09673206508159637, 0.10043477267026901, 0.0999397411942482, 0.09802599251270294, 0.09748196601867676, 0.10371346771717072, 0.1016865149140358, 0.10317562520503998, 0.09704535454511642, 0.10114699602127075, 0.10143478959798813, 0.09942352026700974, 0.10136912763118744, 0.10204148292541504, 0.1005488857626915, 0.10000593215227127, 0.10162670165300369, 0.10071136802434921, 0.10376154631376266, 0.101944200694561, 0.10305663198232651, 0.10543138533830643, 0.10495345294475555, 0.10770171135663986, 0.10541649162769318, 0.10409773886203766, 0.10640814155340195, 0.10633028298616409, 0.10624842345714569, 0.10667908936738968, 0.10869776457548141, 0.10941262543201447, 0.10775566101074219, 0.10977872461080551, 0.10925541818141937, 0.11017883569002151, 0.11100379377603531, 0.11037349700927734, 0.11117005348205566, 0.11380486190319061, 0.11374881863594055, 0.11274440586566925, 0.11299536377191544, 0.11359632760286331, 0.11399029195308685, 0.1153002679347992, 0.11530225723981857, 0.11473684012889862, 0.11643561720848083, 0.11569573730230331, 0.11704391986131668, 0.11774980276823044, 0.11723151803016663, 0.11822569370269775, 0.11852650344371796, 0.11888598650693893, 0.11955853551626205, 0.11966302245855331, 0.11965030431747437, 0.11981154978275299, 0.12073148041963577, 0.12073754519224167, 0.1213313490152359, 0.12239407747983932, 0.12148940563201904, 0.12240980565547943, 0.12394146621227264, 0.12281807512044907, 0.12325001507997513, 0.12350190430879593, 0.123484767973423, 0.124344103038311, 0.12465216219425201, 0.12485236674547195, 0.12540608644485474, 0.12532050907611847, 0.1265488713979721, 0.12664303183555603],