{"loss": [0.5729270577430725, 0.26735544204711914, 0.21494947373867035, 0.18396210670471191, 0.16161122918128967, 0.14421960711479187, 0.1295694261789322, 0.118456169962883, 0.1085602343082428, 0.10011421889066696, 0.09305118769407272, 0.0863950103521347, 0.0808415561914444, 0.07581926882266998, 0.07135230302810669, 0.06737424433231354, 0.06325442343950272, 0.06036081537604332, 0.05726950988173485, 0.05424949526786804, 0.05167849734425545, 0.04902509227395058, 0.04683928191661835, 0.04459943249821663, 0.042729053646326065, 0.04073839262127876, 0.03919678553938866, 0.037298958748579025, 0.035659465938806534, 0.03426257148385048, 0.03287617862224579, 0.031271904706954956, 0.03002077154815197, 0.028861576691269875, 0.027750860899686813, 0.02652713470160961, 0.025457676500082016, 0.02446180023252964, 0.023497190326452255, 0.022539697587490082, 0.02159860171377659, 0.020839473232626915, 0.019902460277080536, 0.01935366913676262, 0.01844327338039875, 0.01771268993616104, 0.017159968614578247, 0.016443902626633644, 0.015817591920495033, 0.015301115810871124], "accuracy": [0.8415600061416626, 0.9213200211524963, 0.9369000196456909, 0.9463199973106384, 0.9532399773597717, 0.9584199786186218, 0.9628000259399414, 0.965719997882843, 0.9688000082969666, 0.9718800187110901, 0.9739599823951721, 0.975380003452301, 0.9773799777030945, 0.9788200259208679, 0.9800400137901306, 0.981939971446991, 0.9831399917602539, 0.9832000136375427, 0.9840199947357178, 0.9853000044822693, 0.9860600233078003, 0.986739993095398, 0.9875400066375732, 0.988319993019104, 0.9890000224113464, 0.9894199967384338, 0.9900599718093872, 0.9905800223350525, 0.9910200238227844, 0.9915199875831604, 0.9922400116920471, 0.9925000071525574, 0.9930599927902222, 0.9933599829673767, 0.9940599799156189, 0.9939600229263306, 0.9943600296974182, 0.9946600198745728, 0.9951199889183044, 0.9953600168228149, 0.9956799745559692, 0.9957200288772583, 0.9964399933815002, 0.9963799715042114, 0.9968799948692322, 0.9968000054359436, 0.9971799850463867, 0.9972000122070312, 0.9972400069236755, 0.9976800084114075], "val_loss": [0.3068498969078064, 0.25351133942604065, 0.19486045837402344, 0.17965956032276154, 0.16657960414886475, 0.1506565809249878, 0.1445315033197403, 0.13932380080223083, 0.12849445641040802, 0.12650282680988312, 0.1190122589468956, 0.1155145987868309, 0.11226625740528107, 0.11051212251186371, 0.10952071845531464, 0.10847492516040802, 0.11232701689004898, 0.10676714032888412, 0.10176347196102142, 0.10574764758348465, 0.10388288646936417, 0.1032547727227211, 0.10102494806051254, 0.10373979806900024, 0.10189002007246017, 0.10241542011499405, 0.10333791375160217, 0.10247320681810379, 0.10333187133073807, 0.10174224525690079, 0.10259906947612762, 0.1026453822851181, 0.10151014477014542, 0.10593466460704803, 0.10393250733613968, 0.10264220833778381, 0.10548557341098785, 0.10524658113718033, 0.10396528244018555, 0.10496430844068527, 0.1065799668431282, 0.10507264733314514, 0.10713526606559753, 0.1061968132853508, 0.10575562715530396, 0.11224518716335297, 0.10702377557754517, 0.10709472745656967, 0.10856896638870239, 0.10953864455223083], "val_accuracy": [0.9097999930381775, 0.9254999756813049, 0.9465000033378601, 0.9487000107765198, 0.9524000287055969, 0.9575999975204468, 0.9595999717712402, 0.9588000178337097, 0.9628000259399414, 0.9614999890327454, 0.9646999835968018, 0.9660999774932861, 0.9674000144004822, 0.9674999713897705, 0.9689000248908997, 0.9679999947547913, 0.9689000248908997, 0.9689000248908997, 0.9703999757766724, 0.970300018787384, 0.9702000021934509, 0.9692000150680542, 0.9700999855995178, 0.9690999984741211, 0.9700000286102295, 0.9696999788284302, 0.9700000286102295, 0.9714999794960022, 0.9690999984741211, 0.9714999794960022, 0.9710000157356262, 0.9707000255584717, 0.9713000059127808, 0.9693999886512756, 0.9696999788284302, 0.9715999960899353, 0.9700999855995178, 0.9708999991416931, 0.9710999727249146, 0.9710000157356262, 0.9696999788284302, 0.9706000089645386, 0.9700000286102295, 0.9710999727249146, 0.97079998254776, 0.9700000286102295, 0.9715999960899353, 0.9713000059127808, 0.9700999855995178, 0.970300018787384]}