{"loss": [1.0800169706344604, 0.4008053243160248, 0.3303080201148987, 0.2961718440055847, 0.27241483330726624, 0.2540091872215271, 0.23835700750350952, 0.22522574663162231, 0.21347910165786743, 0.20342519879341125, 0.19409319758415222, 0.18611735105514526, 0.1785559356212616, 0.17182283103466034, 0.16573576629161835, 0.16012024879455566, 0.1549387276172638, 0.15021394193172455, 0.14565083384513855, 0.14149899780750275, 0.13773339986801147, 0.13397535681724548, 0.13058863580226898, 0.12737645208835602, 0.12435224652290344, 0.12151341140270233, 0.11881598830223083, 0.11623993515968323, 0.11383038759231567, 0.11136264353990555, 0.10917714238166809, 0.10704784095287323, 0.10497874766588211, 0.10306160151958466, 0.10117102414369583, 0.09939572215080261, 0.0976983904838562, 0.09599881619215012, 0.09436595439910889, 0.09274230152368546, 0.09116311371326447, 0.08989023417234421, 0.08833808451890945, 0.08703061193227768, 0.08571500331163406, 0.08453324437141418, 0.08324851840734482, 0.08196072280406952, 0.08090590685606003, 0.07971248775720596, 0.07863184064626694, 0.07744225859642029, 0.07642129063606262, 0.07532346993684769, 0.07441116869449615, 0.07338458299636841, 0.07242783904075623, 0.07155869156122208, 0.0707138255238533, 0.06973757594823837, 0.06881087273359299, 0.06802818179130554, 0.0672500804066658, 0.06635504215955734, 0.06559542566537857, 0.06483682990074158, 0.06404145807027817, 0.06332569569349289, 0.0626201331615448, 0.06188337877392769, 0.06121492758393288, 0.060511358082294464, 0.05979006737470627, 0.059182826429605484, 0.05852176249027252, 0.05789794400334358, 0.05724990740418434, 0.05664234980940819, 0.05604521557688713, 0.05548306554555893, 0.05486597120761871, 0.0543944351375103, 0.053772617131471634, 0.05325493961572647, 0.05274736508727074, 0.05219046771526337, 0.05168046057224274, 0.05115857347846031, 0.050692278891801834, 0.05016155168414116, 0.049664855003356934, 0.049224287271499634, 0.04878728836774826, 0.04822329059243202, 0.047809258103370667, 0.047390975058078766, 0.04691244289278984, 0.046427879482507706, 0.04600834101438522, 0.045638926327228546], "accuracy": [0.7196199893951416, 0.8900799751281738, 0.9049800038337708, 0.9157800078392029, 0.9228000044822693, 0.9273999929428101, 0.9323800206184387, 0.9354000091552734, 0.9387199878692627, 0.9416999816894531, 0.9442200064659119, 0.9464200139045715, 0.9482799768447876, 0.9508399963378906, 0.951960027217865, 0.9540200233459473, 0.9548799991607666, 0.9571200013160706, 0.9581199884414673, 0.9598199725151062, 0.9610999822616577, 0.9617599844932556, 0.9631400108337402, 0.9638400077819824, 0.964739978313446, 0.9656800031661987, 0.9668599963188171, 0.9670000076293945, 0.9673399925231934, 0.9686599969863892, 0.968720018863678, 0.9698600172996521, 0.9701600074768066, 0.9706199765205383, 0.9711800217628479, 0.9718400239944458, 0.972320020198822, 0.9728000164031982, 0.973039984703064, 0.9740399718284607, 0.9740800261497498, 0.9745200276374817, 0.9748200178146362, 0.9753000140190125, 0.9756600260734558, 0.9758599996566772, 0.9763399958610535, 0.9764999747276306, 0.9769200086593628, 0.9775599837303162, 0.9778800010681152, 0.97816002368927, 0.9784799814224243, 0.9785199761390686, 0.9789400100708008, 0.9792799949645996, 0.9797599911689758, 0.9801200032234192, 0.9800000190734863, 0.980679988861084, 0.9812999963760376, 0.9810199737548828, 0.9811000227928162, 0.9818599820137024, 0.9818599820137024, 0.9821000099182129, 0.982479989528656, 0.9827200174331665, 0.9829400181770325, 0.9834799766540527, 0.9831799864768982, 0.983739972114563, 0.9840199947357178, 0.984220027923584, 0.9844599962234497, 0.9844599962234497, 0.9851599931716919, 0.9850199818611145, 0.9851999878883362, 0.9855200052261353, 0.9858199954032898, 0.9859600067138672, 0.9862599968910217, 0.986020028591156, 0.9864000082015991, 0.9865999817848206, 0.9869999885559082, 0.9869400262832642, 0.9872000217437744, 0.9874600172042847, 0.9875400066375732, 0.9876800179481506, 0.9876400232315063, 0.9881799817085266, 0.9880800247192383, 0.9880200028419495, 0.9883000254631042, 0.988319993019104, 0.9884600043296814, 0.9886800050735474], "val_loss": [0.4423540532588959, 0.33071205019950867, 0.29172924160957336, 0.26989737153053284, 0.2586658298969269, 0.24007073044776917, 0.22854460775852203, 0.2186434119939804, 0.21152521669864655, 0.2020980566740036, 0.19661597907543182, 0.18983541429042816, 0.18582242727279663, 0.17946355044841766, 0.1759902685880661, 0.1718679517507553, 0.16910746693611145, 0.16389082372188568, 0.16185162961483002, 0.15864165127277374, 0.15649689733982086, 0.1518411487340927, 0.1508292406797409, 0.14804106950759888, 0.14613956212997437, 0.1433809995651245, 0.1430083066225052, 0.1406661570072174, 0.1399129331111908, 0.13650770485401154, 0.13585560023784637, 0.13405948877334595, 0.13355526328086853, 0.13147170841693878, 0.13040794432163239, 0.12950995564460754, 0.12846559286117554, 0.1282331943511963, 0.12654612958431244, 0.12637513875961304, 0.12486670911312103, 0.12346473336219788, 0.12329980731010437, 0.1219482272863388, 0.12158296257257462, 0.12058128416538239, 0.1201949194073677, 0.119297556579113, 0.11887367069721222, 0.11817362159490585, 0.11733642220497131, 0.11693049222230911, 0.11652857810258865, 0.11581206321716309, 0.11552410572767258, 0.11512891948223114, 0.1144990622997284, 0.11484890431165695, 0.11363663524389267, 0.11368364095687866, 0.11296926438808441, 0.11292647570371628, 0.11247697472572327, 0.11200088262557983, 0.11166255176067352, 0.11109456419944763, 0.11116285622119904, 0.11076180636882782, 0.11025825142860413, 0.10997506976127625, 0.11011545360088348, 0.10975480824708939, 0.10943777114152908, 0.10977224260568619, 0.10932958126068115, 0.1091204583644867, 0.10851320624351501, 0.10838215053081512, 0.10827843099832535, 0.1077638566493988, 0.10815565288066864, 0.10782638937234879, 0.10791856795549393, 0.10769540816545486, 0.10715910792350769, 0.10721297562122345, 0.10725972801446915, 0.10724853724241257, 0.10761546343564987, 0.10716873407363892, 0.1072101965546608, 0.10668913275003433, 0.10691822320222855, 0.1066131442785263, 0.10671015828847885, 0.10653630644083023, 0.10611304640769958, 0.1062706932425499, 0.10624763369560242, 0.10628928244113922],