{"loss": [0.2494988739490509, 0.1259305328130722, 0.09152500331401825, 0.07467769086360931, 0.05850813165307045, 0.04713054746389389, 0.04403740540146828, 0.03419570252299309, 0.029128147289156914, 0.025554317981004715, 0.022968728095293045, 0.017075663432478905, 0.015227987430989742, 0.014065037481486797, 0.011424523778259754, 0.011218597181141376, 0.008869851939380169, 0.009244086220860481, 0.007454694248735905, 0.0073884050361812115, 0.007387850899249315, 0.006880841217935085, 0.007443206384778023, 0.00602372270077467, 0.005405172239989042, 0.007140267174690962, 0.006634527817368507, 0.003261909820139408, 0.00693728169426322, 0.004746825434267521, 0.007009119726717472, 0.004708100110292435, 0.004111877642571926, 0.0037516052834689617, 0.005770599469542503, 0.00307936267927289, 0.006194102577865124, 0.003565713297575712, 0.0030342675745487213, 0.0022870812099426985, 0.0025991015136241913, 0.0038610855117440224, 0.0037670459132641554, 0.00393341202288866, 0.003762235166504979, 0.004093886353075504, 0.0031817087437957525, 0.002427268074825406, 0.0011871862225234509, 0.00273357005789876, 0.00409341137856245, 0.003499215468764305, 0.0032680234871804714, 0.00172433874104172, 0.002572370693087578, 0.003520066849887371, 0.0033984424080699682, 0.0045362915843725204, 0.002996680559590459, 0.0025179809890687466, 0.0023284226190298796, 0.0018872438231483102, 0.003004030091688037, 0.0010313043603673577, 0.00383836030960083, 0.0028786114417016506, 0.002550138160586357, 0.001753072370775044, 0.00345752015709877, 0.0023679647129029036, 0.0035787143278867006, 0.002015520352870226, 0.003595106303691864, 0.0017724232748150826, 0.00431936327368021, 0.001374953193590045, 0.0015088821528479457, 0.0015859863488003612, 0.001547855557873845, 0.001977447420358658, 0.0022428580559790134, 0.003579176729544997, 0.003493033815175295, 0.0019216012442484498, 0.002399362390860915, 0.001598976319655776, 0.003953876439481974, 0.001467905705794692, 0.002220607828348875, 0.002893247874453664, 0.00232715648598969, 0.0015758357476443052, 0.0013740815920755267, 0.0014201989397406578, 0.0007461010827682912, 0.002089583780616522, 0.0011342015350237489, 0.0027842994313687086, 0.001523410901427269, 0.0032436558976769447], "accuracy": [0.9231600165367126, 0.9611600041389465, 0.971340000629425, 0.976360023021698, 0.9813200235366821, 0.9840999841690063, 0.9854400157928467, 0.9886400103569031, 0.9900599718093872, 0.9914000034332275, 0.9924200177192688, 0.9940400123596191, 0.9946799874305725, 0.9950399994850159, 0.9957200288772583, 0.9959999918937683, 0.9972000122070312, 0.9965800046920776, 0.9976400136947632, 0.9973999857902527, 0.9977800250053406, 0.997439980506897, 0.9975200295448303, 0.9980800151824951, 0.9984400272369385, 0.9978399872779846, 0.9978799819946289, 0.9989200234413147, 0.9978200197219849, 0.9983199834823608, 0.9979000091552734, 0.9985399842262268, 0.9984599947929382, 0.9987000226974487, 0.9982200264930725, 0.9990800023078918, 0.9981399774551392, 0.9987599849700928, 0.9991199970245361, 0.9993799924850464, 0.9990599751472473, 0.9987800121307373, 0.9987800121307373, 0.9988200068473816, 0.9988600015640259, 0.998740017414093, 0.9990400075912476, 0.9992200136184692, 0.9995200037956238, 0.998960018157959, 0.9986799955368042, 0.9988600015640259, 0.9991199970245361, 0.9993600249290466, 0.9993199706077576, 0.9987999796867371, 0.9988800287246704, 0.9988399744033813, 0.9991599917411804, 0.999180018901825, 0.9993000030517578, 0.9994800090789795, 0.9993399977684021, 0.9997400045394897, 0.9988999962806702, 0.9991000294685364, 0.999180018901825, 0.9994999766349792, 0.9990800023078918, 0.9992799758911133, 0.9988399744033813, 0.9994400143623352, 0.9990800023078918, 0.9995599985122681, 0.9989399909973145, 0.9995399713516235, 0.9995200037956238, 0.9995800256729126, 0.9995599985122681, 0.9994400143623352, 0.9992200136184692, 0.9990800023078918, 0.9989200234413147, 0.9993799924850464, 0.9993799924850464, 0.9995399713516235, 0.9989399909973145, 0.9994999766349792, 0.9992600083351135, 0.9992799758911133, 0.9993399977684021, 0.9994999766349792, 0.9996399879455566, 0.9994999766349792, 0.9998599886894226, 0.9994999766349792, 0.9996799826622009, 0.9992600083351135, 0.9996200203895569, 0.9991599917411804], "val_loss": [0.16436080634593964, 0.13309301435947418, 0.11465057730674744, 0.12060366570949554, 0.12524734437465668, 0.13323193788528442, 0.12803742289543152, 0.14684942364692688, 0.15950828790664673, 0.15864676237106323, 0.15151631832122803, 0.15901102125644684, 0.17311395704746246, 0.18812672793865204, 0.19392108917236328, 0.2150491178035736, 0.19974878430366516, 0.2104032039642334, 0.19875866174697876, 0.21555858850479126, 0.228494793176651, 0.22148391604423523, 0.211752250790596, 0.23468606173992157, 0.23196029663085938, 0.23911486566066742, 0.25203800201416016, 0.27023354172706604, 0.24050119519233704, 0.2593068480491638, 0.24693894386291504, 0.24629902839660645, 0.2676960527896881, 0.26766112446784973, 0.2780044972896576, 0.2897440493106842, 0.28810954093933105, 0.2842828035354614, 0.29228365421295166, 0.28895753622055054, 0.29081693291664124, 0.29829171299934387, 0.32070550322532654, 0.3027595281600952, 0.30580955743789673, 0.35103195905685425, 0.31967490911483765, 0.30844151973724365, 0.3211728632450104, 0.3345281183719635, 0.34575188159942627, 0.3495931625366211, 0.32960084080696106, 0.3192967176437378, 0.3487430214881897, 0.33149453997612, 0.35768213868141174, 0.36486107110977173, 0.3393467664718628, 0.36582088470458984, 0.3568184971809387, 0.3568578064441681, 0.3495260775089264, 0.37088707089424133, 0.3553333580493927, 0.3383518159389496, 0.387023001909256, 0.3947392702102661, 0.36780279874801636, 0.3639402687549591, 0.3638445734977722, 0.3729340434074402, 0.3638423681259155, 0.38578763604164124, 0.39195600152015686, 0.35611197352409363, 0.38172855973243713, 0.3852306008338928, 0.4164814352989197, 0.40861672163009644, 0.3938194513320923, 0.39109769463539124, 0.40623798966407776, 0.4507307708263397, 0.4167858958244324, 0.4198835790157318, 0.41340672969818115, 0.4185463488101959, 0.4003610908985138, 0.4203632175922394, 0.42568403482437134, 0.40706735849380493, 0.44033506512641907, 0.44502905011177063, 0.4719465672969818, 0.45204290747642517, 0.44700947403907776, 0.46578526496887207, 0.4618430733680725, 0.45670801401138306],