{"loss": [0.25519171357154846, 0.12787799537181854, 0.09675759077072144, 0.07357338070869446, 0.059103306382894516, 0.04904622957110405, 0.04216267913579941, 0.03729252517223358, 0.030120616778731346, 0.02864217944443226, 0.02320048026740551, 0.022679496556520462, 0.018497740849852562, 0.015590187162160873, 0.015307467430830002, 0.012607019394636154, 0.012234078720211983, 0.011958773247897625, 0.008550155907869339, 0.009411055594682693, 0.007762696593999863, 0.00739549333229661, 0.00978886429220438, 0.0068360320292413235, 0.006334570702165365, 0.007133332081139088, 0.00456980150192976, 0.006898052524775267, 0.0030501801520586014, 0.004221620969474316, 0.006021464243531227, 0.003969954326748848, 0.0030517198611050844, 0.007721884176135063, 0.003975315950810909, 0.004797626752406359, 0.005745105445384979, 0.0035663165617734194, 0.0031355801038444042, 0.004090838599950075, 0.004299649503082037, 0.002836447674781084, 0.003833677154034376, 0.0036397387739270926, 0.004113555420190096, 0.003357697743922472, 0.0025961636565625668, 0.004055574536323547, 0.002794682513922453, 0.0049920883029699326], "accuracy": [0.9220600128173828, 0.9607399702072144, 0.9693199992179871, 0.9763399958610535, 0.9808400273323059, 0.9837599992752075, 0.9862800240516663, 0.9875199794769287, 0.9900799989700317, 0.9904599785804749, 0.9920799732208252, 0.9916999936103821, 0.9932199716567993, 0.9948199987411499, 0.9948400259017944, 0.995419979095459, 0.9959200024604797, 0.9960799813270569, 0.9968400001525879, 0.996720016002655, 0.9971200227737427, 0.9973400235176086, 0.9968600273132324, 0.9978399872779846, 0.9980000257492065, 0.9976800084114075, 0.9985399842262268, 0.9979400038719177, 0.9991000294685364, 0.998520016670227, 0.9980199933052063, 0.9987999796867371, 0.998960018157959, 0.9973599910736084, 0.9987999796867371, 0.9983400106430054, 0.9981600046157837, 0.9989399909973145, 0.998960018157959, 0.9986799955368042, 0.9985399842262268, 0.9988999962806702, 0.9988800287246704, 0.9989799857139587, 0.9988600015640259, 0.9987000226974487, 0.9991999864578247, 0.9987199902534485, 0.9991000294685364, 0.9986400008201599], "val_loss": [0.163858562707901, 0.12061409652233124, 0.11616399884223938, 0.11159548163414001, 0.12339591234922409, 0.1261814683675766, 0.11969389766454697, 0.11113826930522919, 0.12343006581068039, 0.1292826235294342, 0.15461848676204681, 0.1473606526851654, 0.13854633271694183, 0.15042081475257874, 0.17238160967826843, 0.17079393565654755, 0.19273971021175385, 0.18429036438465118, 0.18906743824481964, 0.2104593813419342, 0.19856210052967072, 0.21281589567661285, 0.20921039581298828, 0.21821188926696777, 0.21810351312160492, 0.2089339643716812, 0.2433275431394577, 0.21937274932861328, 0.23492492735385895, 0.2408558875322342, 0.224481463432312, 0.26388415694236755, 0.2526611089706421, 0.2594467103481293, 0.2400636523962021, 0.31484299898147583, 0.2535417377948761, 0.24745243787765503, 0.25281837582588196, 0.2749285399913788, 0.2669193148612976, 0.26471224427223206, 0.256313294172287, 0.278011679649353, 0.26555967330932617, 0.28198057413101196, 0.2808571755886078, 0.2818220257759094, 0.2809338867664337, 0.29925408959388733], "val_accuracy": [0.9517999887466431, 0.9649999737739563, 0.9678999781608582, 0.9706000089645386, 0.9681000113487244, 0.9690999984741211, 0.9726999998092651, 0.972000002861023, 0.9739999771118164, 0.9714000225067139, 0.9704999923706055, 0.9721999764442444, 0.9745000004768372, 0.9717000126838684, 0.9729999899864197, 0.9732000231742859, 0.9702000021934509, 0.9725000262260437, 0.9732999801635742, 0.9704999923706055, 0.972000002861023, 0.9732999801635742, 0.9729999899864197, 0.972100019454956, 0.9724000096321106, 0.9735999703407288, 0.9718000292778015, 0.9754999876022339, 0.9739000201225281, 0.9746999740600586, 0.9731000065803528, 0.9710999727249146, 0.9733999967575073, 0.9743000268936157, 0.9750000238418579, 0.9690999984741211, 0.9735999703407288, 0.974399983882904, 0.9740999937057495, 0.9731000065803528, 0.9736999869346619, 0.972599983215332, 0.9754999876022339, 0.9729999899864197, 0.9735000133514404, 0.9729999899864197, 0.9743000268936157, 0.9728999733924866, 0.9740999937057495, 0.9725000262260437]}