{"loss": [0.2641809582710266, 0.14222581684589386, 0.11621993035078049, 0.09914526343345642, 0.09646786749362946, 0.08853902667760849, 0.07765766233205795, 0.07227945327758789, 0.07291881740093231, 0.0684020072221756, 0.06110112741589546, 0.05881229415535927, 0.05474947765469551, 0.059401724487543106, 0.0547524057328701, 0.05902228504419327, 0.046546075493097305, 0.05139084905385971, 0.05497859790921211, 0.04682005196809769, 0.04571421816945076, 0.051942870020866394, 0.04520844668149948, 0.03894062340259552, 0.04353963956236839, 0.04501113295555115, 0.04318002611398697, 0.04240193963050842, 0.03478391468524933, 0.04232320934534073, 0.03954440355300903, 0.046749409288167953, 0.04200279340147972, 0.04081781581044197, 0.03860102966427803, 0.03785962238907814, 0.041548144072294235, 0.03336770832538605, 0.03873457387089729, 0.046571385115385056, 0.023924587294459343, 0.031486593186855316, 0.04270069673657417, 0.03050735406577587, 0.030896415933966637, 0.03827854245901108, 0.0446285754442215, 0.03657691553235054, 0.03325638920068741, 0.02716275118291378], "accuracy": [0.9199000000953674, 0.9576799869537354, 0.9645199775695801, 0.9700599908828735, 0.9712399840354919, 0.9726200103759766, 0.9771999716758728, 0.9783400297164917, 0.978380024433136, 0.9796000123023987, 0.9822400212287903, 0.9829000234603882, 0.9842600226402283, 0.9821799993515015, 0.984000027179718, 0.9840800166130066, 0.9866200089454651, 0.9864400029182434, 0.9853799939155579, 0.9875199794769287, 0.9877200126647949, 0.9869999885559082, 0.9881600141525269, 0.9894000291824341, 0.989579975605011, 0.9887199997901917, 0.9894400238990784, 0.9900199770927429, 0.9912599921226501, 0.9898599982261658, 0.9908400177955627, 0.9897199869155884, 0.9901599884033203, 0.9909399747848511, 0.9911199808120728, 0.991100013256073, 0.9905800223350525, 0.9923999905586243, 0.9918599724769592, 0.9904199838638306, 0.9940599799156189, 0.9929599761962891, 0.9913399815559387, 0.9932399988174438, 0.9933599829673767, 0.9919999837875366, 0.9915199875831604, 0.99235999584198, 0.9924799799919128, 0.9939200282096863], "val_loss": [0.21174800395965576, 0.14971880614757538, 0.15269175171852112, 0.16892258822917938, 0.14853624999523163, 0.1503635048866272, 0.1523865908384323, 0.17359565198421478, 0.16941487789154053, 0.13976003229618073, 0.18330711126327515, 0.1735570877790451, 0.20083266496658325, 0.1908903867006302, 0.21839219331741333, 0.20949240028858185, 0.23236289620399475, 0.27136993408203125, 0.22759665548801422, 0.2511747479438782, 0.285946249961853, 0.25667786598205566, 0.2828996479511261, 0.24890607595443726, 0.28224048018455505, 0.31693243980407715, 0.2882854640483856, 0.27991601824760437, 0.27997565269470215, 0.3550940454006195, 0.35550814867019653, 0.35179421305656433, 0.330138236284256, 0.34151121973991394, 0.31370049715042114, 0.3364850878715515, 0.373696506023407, 0.3877757787704468, 0.36082276701927185, 0.3328571021556854, 0.3646528422832489, 0.33077073097229004, 0.3695182502269745, 0.3411284387111664, 0.4224036633968353, 0.42328575253486633, 0.40491732954978943, 0.3690420091152191, 0.37567952275276184, 0.5395100712776184], "val_accuracy": [0.9348000288009644, 0.9531000256538391, 0.9599999785423279, 0.9581000208854675, 0.963699996471405, 0.9642999768257141, 0.9642000198364258, 0.960099995136261, 0.965399980545044, 0.9699000120162964, 0.9624999761581421, 0.9617999792098999, 0.9624999761581421, 0.9628999829292297, 0.9645000100135803, 0.9638000130653381, 0.9656999707221985, 0.9634000062942505, 0.9666000008583069, 0.9641000032424927, 0.9625999927520752, 0.9672999978065491, 0.9653000235557556, 0.9659000039100647, 0.9645000100135803, 0.9656999707221985, 0.9646000266075134, 0.9635999798774719, 0.9659000039100647, 0.9664000272750854, 0.9611999988555908, 0.9613999724388123, 0.9659000039100647, 0.9671000242233276, 0.9679999947547913, 0.9667999744415283, 0.9641000032424927, 0.9656999707221985, 0.9688000082969666, 0.9682000279426575, 0.9674000144004822, 0.9675999879837036, 0.9645000100135803, 0.9682000279426575, 0.9638000130653381, 0.9670000076293945, 0.9656000137329102, 0.96670001745224, 0.9678999781608582, 0.9574999809265137]}