{"loss": [0.3915988802909851, 0.1950051188468933, 0.14897696673870087, 0.11990182846784592, 0.10187337547540665, 0.08701246231794357, 0.07612837851047516, 0.06808559596538544, 0.06039395183324814, 0.05389537662267685, 0.0486958771944046, 0.043184276670217514, 0.03857573866844177, 0.034021664410829544, 0.03012326918542385, 0.02689509093761444, 0.024069201201200485, 0.021159367635846138, 0.018748514354228973, 0.01666886731982231, 0.01484023779630661, 0.012801526114344597, 0.011151543818414211, 0.009923825971782207, 0.00846563745290041, 0.007353613153100014, 0.00609167804941535, 0.005175319034606218, 0.004694601055234671, 0.004080234561115503, 0.003554843831807375, 0.0030169817619025707, 0.0024058984126895666, 0.0022396498825401068, 0.0019878007005900145, 0.0015012144576758146, 0.0016033027786761522, 0.000990614527836442, 0.0011740607442334294, 0.0007862217607907951, 0.0008752102148719132, 0.0005719292676076293, 0.0006230204598978162, 0.000609027047175914, 0.0004416161682456732, 0.00033308949787169695, 0.0003844248712994158, 0.00032051539164967835, 0.00029933537007309496, 0.00019934808369725943, 0.0002323624794371426, 0.0001853552385000512, 0.00012751668691635132, 0.00010558134817983955, 0.00013921668869443238, 0.00010636403021635488, 9.351188782602549e-05, 6.244306132430211e-05, 0.00014900384121574461, 4.414906652527861e-05, 3.755714715225622e-05, 4.8257097660098225e-05, 4.52609674539417e-05, 6.132210546638817e-05, 2.2078707843320444e-05, 3.133315476588905e-05, 2.6663819880923256e-05, 2.0694815248134546e-05, 7.704723248025402e-05, 1.5885361790424213e-05, 1.0616947292874102e-05, 1.188698661280796e-05, 1.6226204024860635e-05, 1.0400021892564837e-05, 7.669149454159196e-06, 1.6546047845622525e-05, 5.257291377347428e-06, 4.754099791171029e-06, 7.915375135780778e-06, 1.7866539565147832e-05, 1.586167127243243e-05, 3.363787755006342e-06, 2.7723863240680657e-06, 2.5824460863077547e-06, 8.941724445321597e-06, 5.262330887489952e-05, 2.1143866888451157e-06, 2.1105504401930375e-06, 1.8627258668857394e-06, 1.696783897386922e-06, 1.8795195728671388e-06, 1.4432530406338628e-06, 1.1577017176023219e-06, 2.1392654616647633e-06, 9.119549417846429e-07, 2.7584642339206766e-06, 1.3203429034547298e-06, 4.7670587832726596e-07, 4.7266351543839846e-07, 1.0640160326147452e-06], "accuracy": [0.8899999856948853, 0.9426800012588501, 0.955560028553009, 0.9638800024986267, 0.9694799780845642, 0.9740999937057495, 0.9771000146865845, 0.9799200296401978, 0.9823799729347229, 0.9843999743461609, 0.9858999848365784, 0.987280011177063, 0.9888399839401245, 0.9902600049972534, 0.9915599822998047, 0.9925400018692017, 0.9934200048446655, 0.9947400093078613, 0.9952999949455261, 0.99617999792099, 0.9965599775314331, 0.9972000122070312, 0.9976599812507629, 0.9982200264930725, 0.9986400008201599, 0.9987599849700928, 0.9991599917411804, 0.999459981918335, 0.999459981918335, 0.9994999766349792, 0.9997000098228455, 0.9997400045394897, 0.9998800158500671, 0.9999399781227112, 0.9998800158500671, 0.9999600052833557, 0.9999399781227112, 1.0, 0.9999200105667114, 1.0, 0.9999600052833557, 1.0, 0.9999799728393555, 1.0, 0.9999799728393555, 1.0, 1.0, 1.0, 1.0, 1.0, 1.0, 1.0, 1.0, 1.0, 0.9999799728393555, 0.9999799728393555, 1.0, 1.0, 0.9999799728393555, 1.0, 1.0, 1.0, 1.0, 1.0, 1.0, 1.0, 1.0, 1.0, 0.9999799728393555, 1.0, 1.0, 1.0, 1.0, 1.0, 1.0, 1.0, 1.0, 1.0, 1.0, 1.0, 1.0, 1.0, 1.0, 1.0, 1.0, 0.9999799728393555, 1.0, 1.0, 1.0, 1.0, 1.0, 1.0, 1.0, 1.0, 1.0, 1.0, 1.0, 1.0, 1.0, 1.0], "val_loss": [0.21829956769943237, 0.16325274109840393, 0.14127448201179504, 0.12930646538734436, 0.11550614982843399, 0.10975233465433121, 0.1027577742934227, 0.10372431576251984, 0.09931900352239609, 0.10698814690113068, 0.09814738482236862, 0.09748126566410065, 0.1001441553235054, 0.09777047485113144, 0.10168541967868805, 0.09901319444179535, 0.10271582007408142, 0.10631346702575684, 0.10253644734621048, 0.10698924213647842, 0.10914984345436096, 0.1092187762260437, 0.114875927567482, 0.11259786039590836, 0.1168418601155281, 0.1170295998454094, 0.11998304724693298, 0.1300542652606964, 0.12969274818897247, 0.1254163384437561, 0.13044202327728271, 0.1353047639131546, 0.1365068107843399, 0.13738024234771729, 0.1438310146331787, 0.14005841314792633, 0.1434377133846283, 0.1496611088514328, 0.1499762237071991, 0.15483643114566803, 0.15463297069072723, 0.16157326102256775, 0.16347689926624298, 0.1629500538110733, 0.1658475548028946, 0.1664966493844986, 0.17246456444263458, 0.17265544831752777, 0.17534661293029785, 0.18054932355880737, 0.18420515954494476, 0.18894416093826294, 0.18821775913238525, 0.19084830582141876, 0.1916784793138504, 0.19389952719211578, 0.19527512788772583, 0.19712765514850616, 0.20188452303409576, 0.20133662223815918, 0.20572690665721893, 0.20846068859100342, 0.21850727498531342, 0.21224845945835114, 0.21552860736846924, 0.22239921987056732, 0.22128602862358093, 0.22374211251735687, 0.223671093583107, 0.22472134232521057, 0.2281697541475296, 0.23112820088863373, 0.23958444595336914, 0.23566319048404694, 0.2410331815481186, 0.2433672547340393, 0.24573296308517456, 0.246779203414917, 0.24967260658740997, 0.24974191188812256, 0.24927976727485657, 0.25010156631469727, 0.25203582644462585, 0.2548219859600067, 0.26435327529907227, 0.2594504952430725, 0.2605530023574829, 0.26846885681152344, 0.26722481846809387, 0.2754676640033722, 0.2737206220626831, 0.2802219092845917, 0.28656697273254395, 0.28340113162994385, 0.28980985283851624, 0.286409854888916, 0.28701722621917725, 0.2898135185241699, 0.2940499484539032, 0.2976250946521759], "val_accuracy": [0.9362999796867371, 0.9520999789237976, 0.9577999711036682, 0.9610000252723694, 0.9652000069618225, 0.9674000144004822, 0.968999981880188, 0.968999981880188, 0.9710000157356262, 0.9692000150680542, 0.9722999930381775, 0.972000002861023, 0.9708999991416931, 0.9718999862670898, 0.9722999930381775, 0.972599983215332, 0.9722999930381775, 0.9722999930381775, 0.9736999869346619, 0.9710000157356262, 0.9725000262260437, 0.9714999794960022, 0.9732000231742859, 0.9722999930381775, 0.9740999937057495, 0.9739999771118164, 0.9735999703407288, 0.9728999733924866, 0.9728999733924866, 0.9745000004768372, 0.9732999801635742, 0.9731000065803528, 0.9728999733924866, 0.9731000065803528, 0.9717000126838684, 0.9736999869346619, 0.9732000231742859, 0.9726999998092651, 0.973800003528595, 0.9732999801635742, 0.9735000133514404, 0.9735000133514404, 0.9740999937057495, 0.9725000262260437, 0.9739000201225281, 0.9749000072479248, 0.9739000201225281, 0.9732000231742859, 0.9736999869346619, 0.9728999733924866, 0.9728999733924866, 0.9726999998092651, 0.9728999733924866, 0.973800003528595, 0.9732999801635742, 0.9735999703407288, 0.9732999801635742, 0.9735000133514404, 0.9729999899864197, 0.9735000133514404, 0.9732999801635742, 0.9729999899864197, 0.9718999862670898, 0.9739000201225281, 0.9732999801635742, 0.9721999764442444, 0.9735000133514404, 0.9726999998092651, 0.9733999967575073, 0.973800003528595, 0.9731000065803528, 0.9726999998092651, 0.9736999869346619, 0.9731000065803528, 0.9728999733924866, 0.9739000201225281, 0.9729999899864197, 0.9729999899864197, 0.9733999967575073, 0.9728999733924866, 0.9728999733924866, 0.9732000231742859, 0.9732000231742859, 0.9732000231742859, 0.9728999733924866, 0.973800003528595, 0.9733999967575073, 0.9736999869346619, 0.9735999703407288, 0.9728999733924866, 0.973800003528595, 0.9739000201225281, 0.972000002861023, 0.972599983215332, 0.9726999998092651, 0.9728999733924866, 0.9739000201225281, 0.9735999703407288, 0.9736999869346619, 0.9746000170707703]}