{"loss": [0.2632688283920288, 0.14498473703861237, 0.11377555876970291, 0.10214845091104507, 0.0911802127957344, 0.08394300937652588, 0.08004336059093475, 0.08377955853939056, 0.06574331223964691, 0.06547561287879944, 0.06626390665769577, 0.06341172009706497, 0.06037783622741699, 0.05277477204799652, 0.05554599687457085, 0.05158720538020134, 0.05791051313281059, 0.05112816020846367, 0.048277441412210464, 0.047530267387628555, 0.04797295480966568, 0.051946889609098434, 0.04250781238079071, 0.03697913885116577, 0.048024747520685196, 0.03979584202170372, 0.05511998012661934, 0.038834720849990845, 0.03971637785434723, 0.046674132347106934, 0.039849452674388885, 0.03629006817936897, 0.036404065787792206, 0.036358464509248734, 0.04410502314567566, 0.04231133684515953, 0.0483492836356163, 0.0424625501036644, 0.027794567868113518, 0.04004596546292305, 0.033593032509088516, 0.03459930792450905, 0.042624473571777344, 0.030421627685427666, 0.0302140936255455, 0.03692908212542534, 0.040573637932538986, 0.030737681314349174, 0.029248235747218132, 0.031406842172145844, 0.040061239153146744, 0.045171719044446945, 0.02825726568698883, 0.03167133033275604, 0.03033439628779888, 0.03196660801768303, 0.03732093796133995, 0.030439341440796852, 0.03520512580871582, 0.02872607856988907, 0.038471125066280365, 0.0396253801882267, 0.039168260991573334, 0.029653578996658325, 0.03934751823544502, 0.028954967856407166, 0.04099253937602043, 0.024774527177214622, 0.031086310744285583, 0.05492689833045006, 0.025063691660761833, 0.03253097087144852, 0.036114294081926346, 0.027595920488238335, 0.032761700451374054, 0.03144780173897743, 0.02865036204457283, 0.020709224045276642, 0.03260445222258568, 0.03388671949505806, 0.029223144054412842, 0.02995341643691063, 0.03354458510875702, 0.03127247467637062, 0.040050674229860306, 0.026121169328689575, 0.02145967446267605, 0.026953741908073425, 0.05602391064167023, 0.032645050436258316, 0.02983951009809971, 0.0225367434322834, 0.031480614095926285, 0.04699094593524933, 0.03497794643044472, 0.028997382149100304, 0.022767674177885056, 0.02489430457353592, 0.02484211139380932, 0.04663463681936264], "accuracy": [0.9192600250244141, 0.9557200074195862, 0.964739978313446, 0.9692800045013428, 0.9726399779319763, 0.9749400019645691, 0.9761000275611877, 0.9753199815750122, 0.9810400009155273, 0.9803400039672852, 0.9812399744987488, 0.9817799925804138, 0.9831399917602539, 0.9847000241279602, 0.9844200015068054, 0.9856799840927124, 0.9851599931716919, 0.98580002784729, 0.9869400262832642, 0.9872400164604187, 0.9876199960708618, 0.987500011920929, 0.9890199899673462, 0.9902600049972534, 0.9882599711418152, 0.9902399778366089, 0.987339973449707, 0.9907799959182739, 0.9903600215911865, 0.9889799952507019, 0.9905999898910522, 0.9915400147438049, 0.9916599988937378, 0.9918799996376038, 0.9905999898910522, 0.9904999732971191, 0.9902399778366089, 0.9910399913787842, 0.9936800003051758, 0.9910200238227844, 0.9925199747085571, 0.9925400018692017, 0.9911199808120728, 0.993399977684021, 0.9934800267219543, 0.9927200078964233, 0.9919000267982483, 0.9929800033569336, 0.9936400055885315, 0.9936000108718872, 0.9918000102043152, 0.9919400215148926, 0.9947800040245056, 0.9942200183868408, 0.9937800168991089, 0.9934200048446655, 0.9930599927902222, 0.9945799708366394, 0.9938799738883972, 0.993939995765686, 0.9932799935340881, 0.9934800267219543, 0.9937400221824646, 0.9947800040245056, 0.9937000274658203, 0.9946200251579285, 0.993619978427887, 0.9951599836349487, 0.9940199851989746, 0.9925400018692017, 0.9948400259017944, 0.9948599934577942, 0.9939600229263306, 0.9943400025367737, 0.9948199987411499, 0.9946399927139282, 0.9948599934577942, 0.995639979839325, 0.9944400191307068, 0.9944400191307068, 0.9951000213623047, 0.9948800206184387, 0.9945600032806396, 0.9944800138473511, 0.9935799837112427, 0.9952600002288818, 0.9958400130271912, 0.9956799745559692, 0.9920399785041809, 0.9947800040245056, 0.9953600168228149, 0.9961599707603455, 0.9952600002288818, 0.9940400123596191, 0.9944800138473511, 0.995419979095459, 0.9962400197982788, 0.9960799813270569, 0.9952600002288818, 0.9936599731445312], "val_loss": [0.15279574692249298, 0.1486283242702484, 0.14639592170715332, 0.1451275497674942, 0.12923099100589752, 0.14102457463741302, 0.14980605244636536, 0.14176636934280396, 0.16835260391235352, 0.1742389053106308, 0.17345421016216278, 0.17409732937812805, 0.17135103046894073, 0.19588547945022583, 0.2038762867450714, 0.2115982174873352, 0.19046320021152496, 0.18232351541519165, 0.19135317206382751, 0.20875512063503265, 0.22122062742710114, 0.24299541115760803, 0.19136042892932892, 0.234841451048851, 0.23828236758708954, 0.28865036368370056, 0.2795366048812866, 0.24276916682720184, 0.256288081407547, 0.2548476457595825, 0.23199206590652466, 0.23196028172969818, 0.3054659068584442, 0.3015645444393158, 0.2821647822856903, 0.2909146547317505, 0.32982075214385986, 0.26878294348716736, 0.3147622048854828, 0.35354509949684143, 0.378079891204834, 0.37122324109077454, 0.3461077809333801, 0.37346285581588745, 0.4102294445037842, 0.3809960186481476, 0.39655643701553345, 0.3446505665779114, 0.386713445186615, 0.38135668635368347, 0.39222556352615356, 0.37024572491645813, 0.3879892826080322, 0.441500723361969, 0.40479451417922974, 0.43548184633255005, 0.45235610008239746, 0.3990821838378906, 0.4283212423324585, 0.49600350856781006, 0.423814982175827, 0.5956901907920837, 0.4194408059120178, 0.47429609298706055, 0.4160543978214264, 0.5289698243141174, 0.42802488803863525, 0.5183490514755249, 0.44451573491096497, 0.3772396743297577, 0.468723863363266, 0.4803731441497803, 0.4403870701789856, 0.5129361748695374, 0.486188143491745, 0.440212219953537, 0.4736262559890747, 0.584648072719574, 0.500556468963623, 0.60222327709198, 0.6667968034744263, 0.648473858833313, 0.5823990702629089, 0.5565100312232971, 0.7144439220428467, 0.5208590030670166, 0.6224112510681152, 0.5836614966392517, 0.6051142811775208, 0.6125407218933105, 0.6309549808502197, 0.7286979556083679, 0.6369258165359497, 0.6489071846008301, 0.6612565517425537, 0.7243548035621643, 0.6744025945663452, 0.6129196882247925, 0.7005243897438049, 0.7189082503318787],