{"loss": [0.41077789664268494, 0.18171992897987366, 0.13202904164791107, 0.10439622402191162, 0.08505363017320633, 0.07047664374113083, 0.05922036990523338, 0.0504167303442955, 0.04195044934749603, 0.03508026897907257, 0.031314440071582794, 0.025201689451932907, 0.021644480526447296, 0.01825696974992752, 0.015600456856191158, 0.014340303838253021, 0.01287913415580988, 0.0106332553550601, 0.00902958307415247, 0.009548301808536053, 0.00865156576037407, 0.007230937015265226, 0.006404847372323275, 0.006799937225878239, 0.01005907915532589, 0.004340078216046095, 0.006583964452147484, 0.005792026408016682, 0.004466325044631958, 0.008533450774848461, 0.004623020067811012, 0.001669237855821848, 0.007542014122009277, 0.005344522651284933, 0.0018034569220617414, 0.007016412913799286, 0.004866052884608507, 0.002295368816703558, 0.005239076446741819, 0.005691024009138346, 0.0023208525963127613, 0.0034665067214518785, 0.0033185025677084923, 0.004721538629382849, 0.004652365576475859, 0.003549512242898345, 0.0028246643487364054, 0.0039512100629508495, 0.004798887763172388, 0.0020457091741263866], "accuracy": [0.8827599883079529, 0.9456800222396851, 0.9608399868011475, 0.9686800241470337, 0.9738199710845947, 0.9784200191497803, 0.981939971446991, 0.9847000241279602, 0.9870200157165527, 0.9890599846839905, 0.9899399876594543, 0.9927800297737122, 0.9930599927902222, 0.9942600131034851, 0.9956200122833252, 0.9958599805831909, 0.9958599805831909, 0.9966199994087219, 0.9974200129508972, 0.9970999956130981, 0.9974799752235413, 0.9978799819946289, 0.9977999925613403, 0.9980199933052063, 0.9965800046920776, 0.9988200068473816, 0.9979199767112732, 0.9981600046157837, 0.9987000226974487, 0.9971200227737427, 0.998520016670227, 0.9995999932289124, 0.9975200295448303, 0.9983599781990051, 0.9994199872016907, 0.9976800084114075, 0.9983199834823608, 0.9993600249290466, 0.9981399774551392, 0.9978799819946289, 0.9992600083351135, 0.9987999796867371, 0.9988800287246704, 0.9984400272369385, 0.9983800053596497, 0.9987000226974487, 0.9991599917411804, 0.998960018157959, 0.9982799887657166, 0.9993799924850464], "val_loss": [0.2005438208580017, 0.1608087122440338, 0.13426949083805084, 0.1238819807767868, 0.10854815691709518, 0.1079796776175499, 0.10121747851371765, 0.10830577462911606, 0.10405228286981583, 0.10447221994400024, 0.10990256071090698, 0.10704591125249863, 0.11430624127388, 0.11522349715232849, 0.1262047290802002, 0.13113386929035187, 0.12377654761075974, 0.13927267491817474, 0.13773877918720245, 0.14389123022556305, 0.14975138008594513, 0.13745707273483276, 0.15865683555603027, 0.16815364360809326, 0.16097009181976318, 0.1636136919260025, 0.15589666366577148, 0.16710273921489716, 0.1788203865289688, 0.1775140017271042, 0.16660812497138977, 0.16376902163028717, 0.18526123464107513, 0.17543627321720123, 0.1777057945728302, 0.25944051146507263, 0.1967417299747467, 0.17743872106075287, 0.20025400817394257, 0.18700428307056427, 0.18075832724571228, 0.1915418952703476, 0.18870426714420319, 0.2333981990814209, 0.2160125970840454, 0.1924806386232376, 0.2055535614490509, 0.1933545470237732, 0.22280684113502502, 0.19729208946228027], "val_accuracy": [0.9437000155448914, 0.9531000256538391, 0.9596999883651733, 0.9623000025749207, 0.9682999849319458, 0.9696999788284302, 0.9700000286102295, 0.970300018787384, 0.9710000157356262, 0.972100019454956, 0.9718999862670898, 0.9724000096321106, 0.9714000225067139, 0.972100019454956, 0.9702000021934509, 0.97079998254776, 0.9732000231742859, 0.97079998254776, 0.972599983215332, 0.970300018787384, 0.9714999794960022, 0.9726999998092651, 0.9710000157356262, 0.9693999886512756, 0.9724000096321106, 0.9711999893188477, 0.97079998254776, 0.9722999930381775, 0.9706000089645386, 0.9678999781608582, 0.9722999930381775, 0.9733999967575073, 0.9710000157356262, 0.9732000231742859, 0.9722999930381775, 0.9627000093460083, 0.9714000225067139, 0.9740999937057495, 0.9700000286102295, 0.9722999930381775, 0.9714000225067139, 0.9732000231742859, 0.9733999967575073, 0.9677000045776367, 0.9697999954223633, 0.9728999733924866, 0.9718000292778015, 0.9728000164031982, 0.9714000225067139, 0.9736999869346619]}