{"loss": [0.28426215052604675, 0.1359659731388092, 0.09833438694477081, 0.07457351684570312, 0.06041053682565689, 0.047785691916942596, 0.0397246778011322, 0.03116176277399063, 0.0271078422665596, 0.021737514063715935, 0.017780862748622894, 0.015401453711092472, 0.011683337390422821, 0.009409262798726559, 0.007673878688365221, 0.005860704462975264, 0.005518082994967699, 0.004790458828210831, 0.003613340202718973, 0.0032982160337269306, 0.0033284039236605167, 0.0018519340083003044, 0.0011328815016895533, 0.0019765584729611874, 0.0007770144729875028, 0.0007579356897622347, 0.0018552688416093588, 0.00035709451185539365, 0.00018026235920842737, 0.00010734694660641253, 0.0020063649863004684, 0.0004563931142911315, 0.0011771329445764422, 0.00012579599570017308, 5.4163039749255404e-05, 4.302901288610883e-05, 0.0012162062339484692, 0.00011965435987804085, 4.113148315809667e-05, 2.714653965085745e-05, 0.0012083936017006636, 0.00045401626266539097, 4.103811806999147e-05, 2.0032133761560544e-05, 1.600163523107767e-05, 1.3958685485704336e-05, 0.0012299328809604049, 0.00023528255405835807, 3.528923116391525e-05, 1.5241360415529925e-05], "accuracy": [0.9139800071716309, 0.9587200284004211, 0.9694399833679199, 0.9764400124549866, 0.9814599752426147, 0.9848200082778931, 0.9873200058937073, 0.9904400110244751, 0.9918000102043152, 0.9929999709129333, 0.9942600131034851, 0.9953399896621704, 0.9968199729919434, 0.9973199963569641, 0.9980599880218506, 0.998420000076294, 0.9985799789428711, 0.9985600113868713, 0.9991000294685364, 0.999180018901825, 0.9990599751472473, 0.9995399713516235, 0.9998800158500671, 0.9994400143623352, 0.9999200105667114, 0.9998800158500671, 0.9995200037956238, 0.9999799728393555, 1.0, 1.0, 0.9994000196456909, 0.9998599886894226, 0.9997000098228455, 1.0, 1.0, 1.0, 0.9996200203895569, 1.0, 1.0, 1.0, 0.9996399879455566, 0.9998400211334229, 1.0, 1.0, 1.0, 1.0, 0.9995999932289124, 0.9999799728393555, 1.0, 1.0], "val_loss": [0.1541776806116104, 0.12340570241212845, 0.11411118507385254, 0.10597556084394455, 0.09444648027420044, 0.10589437186717987, 0.10121284425258636, 0.09765704721212387, 0.10404041409492493, 0.11405376344919205, 0.12041932344436646, 0.11317088454961777, 0.11535575240850449, 0.12061141431331635, 0.11980222165584564, 0.12608109414577484, 0.14324691891670227, 0.13313530385494232, 0.13701565563678741, 0.14325594902038574, 0.13959063589572906, 0.14613759517669678, 0.14765675365924835, 0.16189934313297272, 0.15005849301815033, 0.15805187821388245, 0.15898877382278442, 0.16059784591197968, 0.1607828438282013, 0.1743224859237671, 0.17090974748134613, 0.1729743480682373, 0.16320759057998657, 0.1634216457605362, 0.1692502796649933, 0.17275485396385193, 0.1837233006954193, 0.17945270240306854, 0.1768140196800232, 0.18147991597652435, 0.1913936883211136, 0.1872258335351944, 0.18510515987873077, 0.18558083474636078, 0.18766894936561584, 0.19436153769493103, 0.19534392654895782, 0.1927366852760315, 0.19447332620620728, 0.19409750401973724], "val_accuracy": [0.9528999924659729, 0.9624999761581421, 0.9653000235557556, 0.9675999879837036, 0.9718999862670898, 0.9678000211715698, 0.97079998254776, 0.9724000096321106, 0.9735000133514404, 0.9695000052452087, 0.9711999893188477, 0.9729999899864197, 0.9731000065803528, 0.9729999899864197, 0.9732000231742859, 0.9740999937057495, 0.9728000164031982, 0.9735000133514404, 0.9745000004768372, 0.9735000133514404, 0.9746999740600586, 0.9757999777793884, 0.9753999710083008, 0.9732999801635742, 0.9750999808311462, 0.974399983882904, 0.9746000170707703, 0.9743000268936157, 0.9750999808311462, 0.9753999710083008, 0.9758999943733215, 0.9747999906539917, 0.9751999974250793, 0.9764999747276306, 0.9753999710083008, 0.975600004196167, 0.9743000268936157, 0.9749000072479248, 0.9754999876022339, 0.9758999943733215, 0.9729999899864197, 0.9754999876022339, 0.9757000207901001, 0.9757000207901001, 0.9757999777793884, 0.9753000140190125, 0.9757000207901001, 0.9757000207901001, 0.9768000245094299, 0.9764000177383423]}