{"loss": [0.4079955220222473, 0.18410256505012512, 0.13698455691337585, 0.10860084742307663, 0.08890866488218307, 0.0735761746764183, 0.062252227216959, 0.052691396325826645, 0.04369213804602623, 0.037453215569257736, 0.03246361389756203, 0.026295598596334457, 0.022720124572515488, 0.018951421603560448, 0.017516272142529488, 0.01667240634560585, 0.012789170257747173, 0.010835197754204273, 0.010512536391615868, 0.008099033497273922, 0.010042704641819, 0.007551584392786026, 0.006558469031006098, 0.008844411931931973, 0.006267083343118429, 0.006971749942749739, 0.006729764398187399, 0.004037091974169016, 0.008435821160674095, 0.005015585105866194, 0.0033222122583538294, 0.0056055872701108456, 0.006645754911005497, 0.005125586409121752, 0.0058996351435780525, 0.0027620578184723854, 0.005514152348041534, 0.005997254513204098, 0.004730451852083206, 0.0033116741105914116, 0.001747047295793891, 0.00033831322798505425, 0.00010407808440504596, 6.837985711172223e-05, 5.5213269661180675e-05, 4.5427335862768814e-05, 3.9075508539099246e-05, 0.012287579476833344, 0.012648281641304493, 0.0015965279890224338, 0.0002581837179604918, 8.874727063812315e-05, 6.179685442475602e-05, 5.008403240935877e-05, 3.9973281673155725e-05, 3.2507930882275105e-05, 2.6142522983718663e-05, 0.003891921602189541, 0.017988476902246475, 0.0009781994158402085, 0.0001848009560490027, 7.923602242954075e-05, 5.580041397479363e-05, 4.31981316069141e-05, 3.5445857065496966e-05, 2.771264553302899e-05, 2.211330138379708e-05, 1.887051075755153e-05, 0.020238257944583893, 0.0038604666478931904, 0.0015517773572355509, 0.004852702375501394, 0.003997086081653833, 0.007457526866346598, 0.0020748707465827465, 0.0016477026510983706, 0.005316650494933128, 0.005948666483163834, 0.0023523522540926933, 0.0026279836893081665, 0.0025661885738372803, 0.0052211531437933445, 0.002314279554411769, 0.0037838721182197332, 0.003984976559877396, 0.001759417005814612, 0.0059801070019602776, 0.003306247293949127, 0.0018115066923201084, 0.005184599664062262, 0.0037599054630845785, 0.003943598363548517, 0.000431497348472476, 0.0001581114629516378, 2.6884661565418355e-05, 1.347041325061582e-05, 1.0719065357989166e-05, 8.73852059157798e-06, 7.065305908326991e-06, 5.7898819250112865e-06], "accuracy": [0.8846799731254578, 0.9451000094413757, 0.9593999981880188, 0.9672600030899048, 0.9728400111198425, 0.9771199822425842, 0.980679988861084, 0.9841799736022949, 0.9861800074577332, 0.9880399703979492, 0.9898200035095215, 0.9921000003814697, 0.9930999875068665, 0.9940999746322632, 0.994979977607727, 0.9947400093078613, 0.9959999918937683, 0.9969800114631653, 0.9967799782752991, 0.9976599812507629, 0.9966599941253662, 0.9975200295448303, 0.9981399774551392, 0.9969199895858765, 0.9983000159263611, 0.9976400136947632, 0.9978799819946289, 0.9990000128746033, 0.997219979763031, 0.9981799721717834, 0.9991199970245361, 0.9983400106430054, 0.9977399706840515, 0.9983400106430054, 0.9981200098991394, 0.9990400075912476, 0.9980599880218506, 0.9979000091552734, 0.9983599781990051, 0.998960018157959, 0.9995599985122681, 0.9999799728393555, 1.0, 1.0, 1.0, 1.0, 1.0, 0.997439980506897, 0.9960799813270569, 0.9995200037956238, 0.9999799728393555, 1.0, 1.0, 1.0, 1.0, 1.0, 1.0, 0.9991000294685364, 0.9948999881744385, 0.9997199773788452, 1.0, 1.0, 1.0, 1.0, 1.0, 1.0, 1.0, 1.0, 0.9940999746322632, 0.998740017414093, 0.9994999766349792, 0.9982600212097168, 0.9989200234413147, 0.9974200129508972, 0.9992600083351135, 0.9996200203895569, 0.9984999895095825, 0.9980599880218506, 0.9991400241851807, 0.9991999864578247, 0.9990599751472473, 0.9983999729156494, 0.999239981174469, 0.9986199736595154, 0.998740017414093, 0.9994800090789795, 0.997979998588562, 0.9989200234413147, 0.999459981918335, 0.9983800053596497, 0.9988800287246704, 0.9987999796867371, 0.9998800158500671, 0.9999799728393555, 1.0, 1.0, 1.0, 1.0, 1.0, 1.0], "val_loss": [0.21042226254940033, 0.1631997674703598, 0.1378714144229889, 0.12550611793994904, 0.1218419298529625, 0.11301311105489731, 0.10722316801548004, 0.1053021028637886, 0.11319722980260849, 0.11702395230531693, 0.1264481395483017, 0.1232697144150734, 0.13596677780151367, 0.1312333196401596, 0.12780527770519257, 0.1406213492155075, 0.13835960626602173, 0.14714528620243073, 0.1531306505203247, 0.15727701783180237, 0.16118773818016052, 0.14704856276512146, 0.17413750290870667, 0.1701165735721588, 0.17834077775478363, 0.17853957414627075, 0.16987287998199463, 0.17323313653469086, 0.18956874310970306, 0.1800975203514099, 0.18137724697589874, 0.1974804401397705, 0.1963430941104889, 0.2076605260372162, 0.21024392545223236, 0.19892242550849915, 0.20678149163722992, 0.21176496148109436, 0.20721814036369324, 0.2060641050338745, 0.2040364146232605, 0.19800448417663574, 0.1986781358718872, 0.2003071904182434, 0.20391938090324402, 0.20476976037025452, 0.20936274528503418, 0.3014136254787445, 0.20488709211349487, 0.2034202516078949, 0.20636124908924103, 0.20545583963394165, 0.20728223025798798, 0.2088269740343094, 0.21168383955955505, 0.2136986255645752, 0.216714546084404, 0.3714233934879303, 0.234207421541214, 0.22707843780517578, 0.2195083200931549, 0.22008605301380157, 0.22268714010715485, 0.223518505692482, 0.22704489529132843, 0.2293521761894226, 0.23350122570991516, 0.23356038331985474, 0.2407650202512741, 0.24382582306861877, 0.2581324279308319, 0.2606256902217865, 0.2642619013786316, 0.25726836919784546, 0.23471936583518982, 0.2532843053340912, 0.27751070261001587, 0.2615143358707428, 0.26973798871040344, 0.27373409271240234, 0.28311216831207275, 0.2624813914299011, 0.26504459977149963, 0.2682079076766968, 0.25614988803863525, 0.2820762097835541, 0.28118011355400085, 0.2816450297832489, 0.2703196704387665, 0.27583739161491394, 0.29036828875541687, 0.28018099069595337, 0.2765278220176697, 0.27621710300445557, 0.2737452983856201, 0.27394339442253113, 0.27401968836784363, 0.2747241258621216, 0.27546611428260803, 0.2764674723148346], "val_accuracy": [0.9380000233650208, 0.9514999985694885, 0.9588000178337097, 0.9631999731063843, 0.9627000093460083, 0.9677000045776367, 0.9684000015258789, 0.9696000218391418, 0.968500018119812, 0.9681000113487244, 0.9663000106811523, 0.9684000015258789, 0.9661999940872192, 0.9682999849319458, 0.9699000120162964, 0.9689000248908997, 0.9700000286102295, 0.9677000045776367, 0.9678000211715698, 0.9692000150680542, 0.9690999984741211, 0.9710999727249146, 0.9667999744415283, 0.9685999751091003, 0.968500018119812, 0.9692999720573425, 0.9703999757766724, 0.9707000255584717, 0.9661999940872192, 0.9706000089645386, 0.9697999954223633, 0.9692000150680542, 0.9707000255584717, 0.9692999720573425, 0.9699000120162964, 0.9715999960899353, 0.9696000218391418, 0.9710999727249146, 0.9703999757766724, 0.9722999930381775, 0.9718999862670898, 0.972100019454956, 0.972100019454956, 0.9724000096321106, 0.9722999930381775, 0.9726999998092651, 0.972599983215332, 0.9596999883651733, 0.972100019454956, 0.9742000102996826, 0.9736999869346619, 0.9739999771118164, 0.9739999771118164, 0.9739999771118164, 0.9740999937057495, 0.9740999937057495, 0.973800003528595, 0.9534000158309937, 0.9704999923706055, 0.9711999893188477, 0.9728999733924866, 0.9728000164031982, 0.9724000096321106, 0.9732000231742859, 0.972599983215332, 0.9728999733924866, 0.9726999998092651, 0.9725000262260437, 0.9700999855995178, 0.9714999794960022, 0.9693999886512756, 0.9699000120162964, 0.97079998254776, 0.968500018119812, 0.9739000201225281, 0.9728000164031982, 0.9682999849319458, 0.9710000157356262, 0.9692999720573425, 0.9710000157356262, 0.9700000286102295, 0.9711999893188477, 0.9718000292778015, 0.9717000126838684, 0.972100019454956, 0.9699000120162964, 0.9715999960899353, 0.9715999960899353, 0.9714999794960022, 0.9714000225067139, 0.9702000021934509, 0.9718999862670898, 0.972000002861023, 0.9732000231742859, 0.9739000201225281, 0.973800003528595, 0.9736999869346619, 0.9736999869346619, 0.973800003528595, 0.9739999771118164]}