{"loss": [0.4036622941493988, 0.23520587384700775, 0.20347218215465546, 0.18014025688171387, 0.16719357669353485, 0.15488480031490326, 0.15073877573013306, 0.13613875210285187, 0.13319002091884613, 0.1282118707895279, 0.12267082929611206, 0.120516337454319, 0.11671268194913864, 0.11274101585149765, 0.11105912178754807, 0.1035076379776001, 0.10232473909854889, 0.09805498272180557, 0.0996258556842804, 0.09560169279575348, 0.09204179793596268, 0.08955688774585724, 0.08349435776472092, 0.08438632637262344, 0.08427126705646515, 0.08228651434183121, 0.07775881141424179, 0.08136548101902008, 0.08168663829565048, 0.07357295602560043, 0.07478834688663483, 0.07165985554456711, 0.07082535326480865, 0.07039819657802582, 0.06631802767515182, 0.06878893822431564, 0.06850831210613251, 0.0662015825510025, 0.06541231274604797, 0.06494851410388947, 0.06447815150022507, 0.06242365762591362, 0.05652870982885361, 0.06334826350212097, 0.06184991076588631, 0.05659693479537964, 0.05893329530954361, 0.05284984037280083, 0.05743329972028732, 0.061319321393966675, 0.0503302626311779, 0.05081954225897789, 0.04889076203107834, 0.050351280719041824, 0.05097508803009987, 0.05001964792609215, 0.051787376403808594, 0.0509471595287323, 0.04588804021477699, 0.051558736711740494, 0.044580403715372086, 0.0467703677713871, 0.04726622626185417, 0.04377976432442665, 0.04660815745592117, 0.04521796479821205, 0.04396039992570877, 0.04823284223675728, 0.044811446219682693, 0.044610779732465744, 0.04319410026073456, 0.043166011571884155, 0.0383782722055912, 0.039814140647649765, 0.0431724451482296, 0.04311203211545944, 0.036482349038124084, 0.04075019434094429, 0.039274975657463074, 0.0394308976829052, 0.03857714310288429, 0.03555884584784508, 0.04198217764496803, 0.03673051670193672, 0.03840603679418564, 0.03770444169640541, 0.035611849278211594, 0.03253626078367233, 0.038779038935899734, 0.037936534732580185, 0.039066657423973083, 0.03439898043870926, 0.038001034408807755, 0.03745773434638977, 0.03508434072136879, 0.03077748604118824, 0.03760455548763275, 0.03343646228313446, 0.03439002111554146, 0.031455062329769135], "accuracy": [0.8816400170326233, 0.9321399927139282, 0.9415000081062317, 0.9484400153160095, 0.9521999955177307, 0.9549599885940552, 0.9573400020599365, 0.9595999717712402, 0.962119996547699, 0.9628999829292297, 0.9646599888801575, 0.9658399820327759, 0.9662200212478638, 0.9678599834442139, 0.9688400030136108, 0.9694600105285645, 0.9719200134277344, 0.9723399877548218, 0.9715999960899353, 0.9723799824714661, 0.9734399914741516, 0.9741600155830383, 0.9760199785232544, 0.9768000245094299, 0.9753999710083008, 0.9773600101470947, 0.9772999882698059, 0.9766200184822083, 0.9772400259971619, 0.9785199761390686, 0.9785199761390686, 0.9798399806022644, 0.9800800085067749, 0.9797999858856201, 0.9809600114822388, 0.9805200099945068, 0.980679988861084, 0.9810400009155273, 0.9818599820137024, 0.9817600250244141, 0.981939971446991, 0.9825000166893005, 0.9835799932479858, 0.9823799729347229, 0.9825999736785889, 0.9840199947357178, 0.983460009098053, 0.9848200082778931, 0.9846600294113159, 0.9835399985313416, 0.9858400225639343, 0.9854400157928467, 0.9860000014305115, 0.986240029335022, 0.9855999946594238, 0.9862800240516663, 0.9854599833488464, 0.9865400195121765, 0.9873200058937073, 0.9859399795532227, 0.9876199960708618, 0.9872999787330627, 0.9870799779891968, 0.988099992275238, 0.9876000285148621, 0.9873999953269958, 0.9877399802207947, 0.9864599704742432, 0.9878000020980835, 0.9876800179481506, 0.9880200028419495, 0.9883000254631042, 0.990119993686676, 0.9884999990463257, 0.98853999376297, 0.988860011100769, 0.9897000193595886, 0.9894000291824341, 0.9896399974822998, 0.9890999794006348, 0.9895600080490112, 0.9903200268745422, 0.9895600080490112, 0.9902999997138977, 0.9894000291824341, 0.9908400177955627, 0.9909200072288513, 0.9907799959182739, 0.9899799823760986, 0.9899200201034546, 0.9901999831199646, 0.9907799959182739, 0.9900400042533875, 0.9908599853515625, 0.990339994430542, 0.9916200041770935, 0.9904000163078308, 0.991599977016449, 0.9909200072288513, 0.9911400079727173], "val_loss": [0.25922635197639465, 0.20667670667171478, 0.19684794545173645, 0.20611926913261414, 0.20139093697071075, 0.17977310717105865, 0.22299939393997192, 0.22517605125904083, 0.18443551659584045, 0.18275931477546692, 0.2148904800415039, 0.18534736335277557, 0.2008855789899826, 0.20569688081741333, 0.1998831182718277, 0.22013062238693237, 0.2053423821926117, 0.205766499042511, 0.2135082334280014, 0.19714076817035675, 0.22645775973796844, 0.2304074764251709, 0.22969545423984528, 0.22677624225616455, 0.24702028930187225, 0.22293584048748016, 0.23901179432868958, 0.2771466076374054, 0.24061492085456848, 0.2510194480419159, 0.24843648076057434, 0.2592712342739105, 0.2500278055667877, 0.2739780843257904, 0.24349263310432434, 0.2618465721607208, 0.2841806411743164, 0.3057042360305786, 0.3148517310619354, 0.32464808225631714, 0.33858704566955566, 0.307273268699646, 0.3189227283000946, 0.30509084463119507, 0.31342050433158875, 0.30991852283477783, 0.32028165459632874, 0.3665964603424072, 0.3364323377609253, 0.355220764875412, 0.34561678767204285, 0.38428795337677, 0.39436858892440796, 0.3913511335849762, 0.4007938802242279, 0.3833771347999573, 0.3993440866470337, 0.37186717987060547, 0.3989214599132538, 0.38119351863861084, 0.40692028403282166, 0.4054611325263977, 0.42127618193626404, 0.3887631893157959, 0.4291609823703766, 0.42157021164894104, 0.42115849256515503, 0.4409944415092468, 0.428209513425827, 0.47229301929473877, 0.4215124547481537, 0.4940802752971649, 0.4804050922393799, 0.4417937397956848, 0.5294584035873413, 0.5050928592681885, 0.574703574180603, 0.4701294004917145, 0.5564361810684204, 0.5384380221366882, 0.48077118396759033, 0.5176985859870911, 0.5633927583694458, 0.5100807547569275, 0.5332399010658264, 0.5369526147842407, 0.5142910480499268, 0.5515122413635254, 0.5662230253219604, 0.5450087785720825, 0.6053886413574219, 0.611242949962616, 0.5716906785964966, 0.5429652333259583, 0.589364767074585, 0.6347566246986389, 0.632635235786438, 0.6260142922401428, 0.6777877807617188, 0.6294807195663452],