{"loss": [0.3470110297203064, 0.25799885392189026, 0.23007738590240479, 0.2145632952451706, 0.1936885416507721, 0.18903258442878723, 0.18010058999061584, 0.1794205904006958, 0.17375224828720093, 0.1655609905719757, 0.16835880279541016, 0.15408103168010712, 0.1610931009054184, 0.15574674308300018, 0.15328660607337952, 0.15137949585914612, 0.16440647840499878, 0.15797866880893707, 0.14505521953105927, 0.13633067905902863, 0.15277138352394104, 0.1383690983057022, 0.12572439014911652, 0.14431339502334595, 0.15463942289352417, 0.14267641305923462, 0.13775183260440826, 0.13206849992275238, 0.13244007527828217, 0.12517493963241577, 0.12316270172595978, 0.13885043561458588, 0.13898293673992157, 0.1419394165277481, 0.11910208314657211, 0.15609592199325562, 0.1389472782611847, 0.11935022473335266, 0.14443185925483704, 0.13330385088920593, 0.1387699842453003, 0.12865161895751953, 0.12045104801654816, 0.13570815324783325, 0.11837951838970184, 0.15731850266456604, 0.12472257018089294, 0.12100961804389954, 0.12377478182315826, 0.12259011715650558, 0.11938624829053879, 0.12453979253768921, 0.1530955284833908, 0.12818732857704163, 0.13119208812713623, 0.12311327457427979, 0.1150212213397026, 0.11119818687438965, 0.13475705683231354, 0.13149568438529968, 0.1302787810564041, 0.1311303675174713, 0.11266008764505386, 0.10383164882659912, 0.1348339170217514, 0.13785141706466675, 0.1361280083656311, 0.09943670779466629, 0.1043853685259819, 0.1284039318561554, 0.1284777671098709, 0.12970811128616333, 0.10748507082462311, 0.11753290146589279, 0.09753965586423874, 0.12849073112010956, 0.13390332460403442, 0.11154386401176453, 0.10652220994234085, 0.13820311427116394, 0.12436289340257645, 0.1379338502883911, 0.13375912606716156, 0.10132625699043274, 0.10637330263853073, 0.11441824585199356, 0.15498685836791992, 0.14603178203105927, 0.10497641563415527, 0.11594309657812119, 0.10585124790668488, 0.1223488375544548, 0.1341409534215927, 0.1434510499238968, 0.13608959317207336, 0.1222187802195549, 0.11323712021112442, 0.1052447035908699, 0.11817343533039093, 0.12067050486803055], "accuracy": [0.8997600078582764, 0.9318199753761292, 0.9409800171852112, 0.9452999830245972, 0.9501199722290039, 0.9528999924659729, 0.9553200006484985, 0.9557999968528748, 0.9575999975204468, 0.9589599967002869, 0.958840012550354, 0.9622200131416321, 0.961139976978302, 0.9620199799537659, 0.9628999829292297, 0.9638800024986267, 0.9609599709510803, 0.9631400108337402, 0.9647799730300903, 0.9664599895477295, 0.9638000130653381, 0.9661399722099304, 0.9686400294303894, 0.9654200077056885, 0.9645400047302246, 0.9665399789810181, 0.9664400219917297, 0.967960000038147, 0.9684200286865234, 0.9693599939346313, 0.9696400165557861, 0.9663199782371521, 0.9653599858283997, 0.9670600295066833, 0.9702799916267395, 0.9636800289154053, 0.9668999910354614, 0.9696800112724304, 0.9663400053977966, 0.9679200053215027, 0.9672799706459045, 0.9679200053215027, 0.9706199765205383, 0.9690200090408325, 0.9701399803161621, 0.9635999798774719, 0.969219982624054, 0.9708799719810486, 0.9696800112724304, 0.9696800112724304, 0.9696400165557861, 0.968280017375946, 0.9646199941635132, 0.9673399925231934, 0.9681199789047241, 0.9700800180435181, 0.9705600142478943, 0.9716799855232239, 0.9683600068092346, 0.9706400036811829, 0.9702799916267395, 0.968999981880188, 0.9735000133514404, 0.9737799763679504, 0.9694799780845642, 0.9695199728012085, 0.9684200286865234, 0.9735400080680847, 0.9739999771118164, 0.9688799977302551, 0.9717000126838684, 0.9694399833679199, 0.972540020942688, 0.9710599780082703, 0.9736800193786621, 0.9689000248908997, 0.9679800271987915, 0.9718199968338013, 0.9715800285339355, 0.967519998550415, 0.9699400067329407, 0.9683200120925903, 0.9679999947547913, 0.9732199907302856, 0.9716799855232239, 0.9708600044250488, 0.9655200242996216, 0.9659600257873535, 0.972320020198822, 0.9721800088882446, 0.9724799990653992, 0.970740020275116, 0.9695799946784973, 0.9688199758529663, 0.9701600074768066, 0.9702399969100952, 0.9710400104522705, 0.9719600081443787, 0.9701200127601624, 0.9698399901390076], "val_loss": [0.2841930687427521, 0.2617948055267334, 0.3660504221916199, 0.23642495274543762, 0.230588898062706, 0.2192603200674057, 0.25783872604370117, 0.2589879035949707, 0.25297796726226807, 0.22642108798027039, 0.2365318089723587, 0.23186570405960083, 0.28203245997428894, 0.2354678511619568, 0.25058597326278687, 0.3539862036705017, 0.31998950242996216, 0.30471518635749817, 0.32602813839912415, 0.3209923207759857, 0.2774035334587097, 0.3159335255622864, 0.34858429431915283, 0.3208705186843872, 0.35641995072364807, 0.3255442976951599, 0.336846262216568, 0.2843606770038605, 0.35338616371154785, 0.29411551356315613, 0.38826796412467957, 0.3547438383102417, 0.3957490622997284, 0.44335970282554626, 0.3583606481552124, 0.38555899262428284, 0.41757506132125854, 0.4946034550666809, 0.5013353228569031, 0.4573458135128021, 0.5256661772727966, 0.45980167388916016, 0.41800394654273987, 0.5435118079185486, 0.4021051526069641, 0.5354580283164978, 0.5163382887840271, 0.4472326636314392, 0.5213022828102112, 0.5090551972389221, 0.530042827129364, 0.5464106202125549, 0.6797999739646912, 0.5459910035133362, 0.5002613663673401, 0.5234159827232361, 0.626331627368927, 0.4733298718929291, 0.534225344657898, 0.4871484339237213, 0.5552894473075867, 0.602321982383728, 0.5974375009536743, 0.6019464731216431, 0.8308530449867249, 0.5965424180030823, 0.5430331826210022, 0.5471796989440918, 0.5845481157302856, 0.8297651410102844, 0.6072440147399902, 0.6379798054695129, 0.6201528310775757, 0.6410860419273376, 0.5834762454032898, 0.8817447423934937, 0.7229202389717102, 0.7325468063354492, 0.687675416469574, 0.8612723350524902, 0.8712337613105774, 0.7001746296882629, 0.7734737992286682, 0.5964055061340332, 0.7205538153648376, 0.8743014931678772, 0.9016581177711487, 0.6673471927642822, 0.7075647711753845, 0.7930448651313782, 0.9880259037017822, 0.771946907043457, 0.7505049705505371, 0.8564932346343994, 0.9677006006240845, 0.8574559688568115, 0.8167913556098938, 0.782323956489563, 0.8629557490348816, 0.9656255841255188],