{"loss": [0.8083047866821289, 0.7252613306045532, 0.8363164067268372, 1.0604724884033203, 0.9965008497238159, 1.0142205953598022, 1.0480228662490845, 1.0580425262451172, 0.9943277835845947, 1.0516581535339355, 1.2549611330032349, 1.2770265340805054, 1.2680929899215698, 1.344839096069336, 1.3005006313323975, 1.4002617597579956, 1.3131965398788452, 1.3403515815734863, 1.478240966796875, 1.522407054901123, 1.470047950744629, 1.5020160675048828, 1.4915322065353394, 1.4839692115783691, 1.5088889598846436, 1.5223393440246582, 1.4732953310012817, 1.3940632343292236, 1.3814178705215454, 1.3446217775344849, 1.4099329710006714, 1.368816614151001, 1.3465030193328857, 1.4957095384597778, 1.5304334163665771, 1.5043760538101196, 1.5305631160736084, 1.4913864135742188, 1.4941145181655884, 1.4656623601913452, 1.4733401536941528, 1.5084253549575806, 1.4767364263534546, 1.484675645828247, 1.5009474754333496, 1.4999325275421143, 1.4891101121902466, 1.487017035484314, 1.470753788948059, 1.4869776964187622, 1.4769937992095947, 1.5113420486450195, 1.4894167184829712, 1.5234320163726807, 1.4799830913543701, 1.483153223991394, 1.4883254766464233, 1.4799796342849731, 1.4863256216049194, 1.4939379692077637, 1.4744148254394531, 1.4794590473175049, 1.482864260673523, 1.4893443584442139, 1.4865789413452148, 1.4999442100524902, 1.5068697929382324, 1.4827337265014648, 1.4953817129135132, 1.464024543762207, 1.499520182609558, 1.4842078685760498, 1.5031706094741821, 1.4993250370025635, 1.4685595035552979, 1.4941729307174683, 1.4754654169082642, 1.465077519416809, 1.4712531566619873, 1.4716253280639648, 1.4669016599655151, 1.4697166681289673, 1.4836981296539307, 1.4748096466064453, 1.4849976301193237, 1.5090709924697876, 1.497775673866272, 1.5068471431732178, 1.4636340141296387, 1.4670428037643433, 1.5028923749923706, 1.479802131652832, 1.4691959619522095, 1.5030715465545654, 1.484022855758667, 1.4792176485061646, 1.4743034839630127, 1.4896061420440674, 1.4828039407730103, 1.4845033884048462], "accuracy": [0.7757599949836731, 0.8093199729919434, 0.7645599842071533, 0.6701400279998779, 0.6748200058937073, 0.6583799719810486, 0.6297600269317627, 0.6330999732017517, 0.6530200242996216, 0.6038399934768677, 0.5067800283432007, 0.49178001284599304, 0.4971800148487091, 0.470660001039505, 0.4926599860191345, 0.4544999897480011, 0.48969998955726624, 0.4775199890136719, 0.3984600007534027, 0.37922000885009766, 0.3815000057220459, 0.37209999561309814, 0.3894999921321869, 0.3919999897480011, 0.3764599859714508, 0.38264000415802, 0.4008199870586395, 0.42089998722076416, 0.43474000692367554, 0.4436199963092804, 0.4293000102043152, 0.43546000123023987, 0.4467200040817261, 0.36702001094818115, 0.3623799979686737, 0.37373998761177063, 0.3643600046634674, 0.3701600134372711, 0.3664399981498718, 0.38100001215934753, 0.3785000145435333, 0.3711000084877014, 0.3803800046443939, 0.38144001364707947, 0.3699600100517273, 0.3679400086402893, 0.37446001172065735, 0.37634000182151794, 0.3844200074672699, 0.3807399868965149, 0.37880000472068787, 0.3785400092601776, 0.37935999035835266, 0.36998000741004944, 0.3801000118255615, 0.37571999430656433, 0.3706800043582916, 0.377920001745224, 0.3734399974346161, 0.37860000133514404, 0.3738200068473816, 0.37432000041007996, 0.3745799958705902, 0.3727400004863739, 0.37400001287460327, 0.36768001317977905, 0.3649600148200989, 0.3784399926662445, 0.36528000235557556, 0.3840000033378601, 0.3743399977684021, 0.37599998712539673, 0.37459999322891235, 0.37229999899864197, 0.37968000769615173, 0.37432000041007996, 0.3718999922275543, 0.37742000818252563, 0.3876799941062927, 0.37681999802589417, 0.38317999243736267, 0.38218000531196594, 0.373199999332428, 0.37567999958992004, 0.3757599890232086, 0.3718999922275543, 0.3734000027179718, 0.3669799864292145, 0.3845199942588806, 0.3806999921798706, 0.3710800111293793, 0.3816800117492676, 0.3762199878692627, 0.36866000294685364, 0.3729400038719177, 0.3796600103378296, 0.38029998540878296, 0.3765600025653839, 0.3760800063610077, 0.3796199858188629], "val_loss": [0.7224056124687195, 0.7436705231666565, 0.8634611368179321, 0.9402093887329102, 0.9886825084686279, 1.1759297847747803, 1.199975848197937, 1.0612045526504517, 1.1211490631103516, 1.1383416652679443, 1.262689471244812, 1.255345106124878, 1.2593456506729126, 1.3771332502365112, 1.2707910537719727, 1.27146577835083, 1.2276239395141602, 1.3178218603134155, 1.4119855165481567, 1.5030688047409058, 1.4751367568969727, 1.4901375770568848, 1.4542182683944702, 1.5935633182525635, 1.5806026458740234, 1.443416953086853, 1.416534423828125, 1.3849976062774658, 1.3469429016113281, 1.3436682224273682, 1.380714774131775, 1.2964211702346802, 1.679107427597046, 1.4423305988311768, 1.5905462503433228, 1.6584833860397339, 1.5261691808700562, 1.4266493320465088, 1.4838637113571167, 1.4895740747451782, 1.481404185295105, 1.5517501831054688, 1.4792062044143677, 1.5053040981292725, 1.5017452239990234, 1.4736357927322388, 1.5175377130508423, 1.4821254014968872, 1.5821316242218018, 1.4550437927246094, 1.5498179197311401, 1.4804774522781372, 1.5376285314559937, 1.5707759857177734, 1.4437506198883057, 1.4388792514801025, 1.4500417709350586, 1.4505850076675415, 1.4632290601730347, 1.520192265510559, 1.5019203424453735, 1.4374910593032837, 1.6167298555374146, 1.4370805025100708, 1.4926100969314575, 1.4942306280136108, 1.5237724781036377, 1.5281729698181152, 1.6257694959640503, 1.470457911491394, 1.514218807220459, 1.455474853515625, 1.6382039785385132, 1.4771127700805664, 1.4375797510147095, 1.4310312271118164, 1.4338959455490112, 1.4342297315597534, 1.4209351539611816, 1.4933620691299438, 1.4582679271697998, 1.5260851383209229, 1.4471431970596313, 1.421349287033081, 1.4568017721176147, 1.5347614288330078, 1.4726893901824951, 1.4230257272720337, 1.4285147190093994, 1.412095308303833, 1.7135303020477295, 1.4669808149337769, 1.5343550443649292, 1.491197943687439, 1.4829977750778198, 1.463078260421753, 1.4541800022125244, 1.543596625328064, 1.4463050365447998, 1.4993281364440918],