{"loss": [0.5968875885009766, 0.29522329568862915, 0.2466626614332199, 0.2148134410381317, 0.19056867063045502, 0.17246517539024353, 0.15693195164203644, 0.1445675641298294, 0.13337476551532745, 0.12384036928415298, 0.11571823060512543, 0.10847814381122589, 0.10200542211532593, 0.09601310640573502, 0.09057886898517609, 0.0854429081082344, 0.08080890774726868, 0.07691565155982971, 0.07293006777763367, 0.06959325075149536, 0.06602353602647781, 0.06270750612020493, 0.05966457352042198, 0.057039566338062286, 0.05453992262482643, 0.051833461970090866, 0.049503520131111145, 0.047057151794433594, 0.04489148035645485, 0.043125662952661514, 0.04114234820008278, 0.03924083709716797, 0.03722948208451271, 0.0358787402510643, 0.03407054394483566, 0.032507605850696564, 0.03112676739692688, 0.02968357689678669, 0.02840045839548111, 0.02686900645494461, 0.02572084404528141, 0.02427479438483715, 0.023460624739527702, 0.022255904972553253, 0.021291274577379227, 0.020107854157686234, 0.019156916067004204, 0.018215492367744446, 0.017214525490999222, 0.01644185744225979], "accuracy": [0.8485999703407288, 0.9160599708557129, 0.9294999837875366, 0.9387400150299072, 0.9457399845123291, 0.9507200121879578, 0.9548599720001221, 0.9582399725914001, 0.9620800018310547, 0.9645199775695801, 0.9664400219917297, 0.9698799848556519, 0.9708200097084045, 0.9722200036048889, 0.9739400148391724, 0.9751399755477905, 0.9767600297927856, 0.9780600070953369, 0.9786199927330017, 0.9793400168418884, 0.9811800122261047, 0.9823200106620789, 0.9831600189208984, 0.984220027923584, 0.9849600195884705, 0.9854199886322021, 0.9861199855804443, 0.9871199727058411, 0.9875400066375732, 0.9882599711418152, 0.9886999726295471, 0.9891800284385681, 0.9898800253868103, 0.9907000064849854, 0.9905999898910522, 0.9916399717330933, 0.991919994354248, 0.992579996585846, 0.9932799935340881, 0.9935399889945984, 0.9937800168991089, 0.9945799708366394, 0.9947400093078613, 0.9951800107955933, 0.9954599738121033, 0.9961000084877014, 0.9962199926376343, 0.9966999888420105, 0.9969000220298767, 0.9970399737358093], "val_loss": [0.3067602515220642, 0.24964995682239532, 0.21764640510082245, 0.19689275324344635, 0.18433639407157898, 0.1667870283126831, 0.16156227886676788, 0.14972656965255737, 0.1406138688325882, 0.1365031749010086, 0.1321052610874176, 0.12491703033447266, 0.12292228639125824, 0.11964359134435654, 0.11915548145771027, 0.113685242831707, 0.11232840269804001, 0.10971909016370773, 0.10967148095369339, 0.10843072831630707, 0.10473696142435074, 0.10427021235227585, 0.10357127338647842, 0.10041316598653793, 0.10078532993793488, 0.10153922438621521, 0.1002218946814537, 0.0986797884106636, 0.09829933941364288, 0.09931375086307526, 0.10175296664237976, 0.1004977747797966, 0.10022035986185074, 0.09744525700807571, 0.0997115820646286, 0.10043758153915405, 0.10023403912782669, 0.09816699475049973, 0.10093232244253159, 0.10097219049930573, 0.10115300118923187, 0.10204903781414032, 0.10254399478435516, 0.10250747203826904, 0.10311073064804077, 0.10447674244642258, 0.1050904393196106, 0.10590731352567673, 0.10366347432136536, 0.10647162795066833], "val_accuracy": [0.909600019454956, 0.9294999837875366, 0.9401000142097473, 0.9452999830245972, 0.9487000107765198, 0.9545000195503235, 0.955299973487854, 0.9593999981880188, 0.9602000117301941, 0.9616000056266785, 0.9628000259399414, 0.9646999835968018, 0.9648000001907349, 0.9646999835968018, 0.9668999910354614, 0.9679999947547913, 0.9674000144004822, 0.9696000218391418, 0.9690999984741211, 0.9697999954223633, 0.9706000089645386, 0.970300018787384, 0.9700999855995178, 0.9718000292778015, 0.9717000126838684, 0.9711999893188477, 0.9726999998092651, 0.972100019454956, 0.9728000164031982, 0.9717000126838684, 0.9718999862670898, 0.9713000059127808, 0.972100019454956, 0.974399983882904, 0.9736999869346619, 0.9732999801635742, 0.9736999869346619, 0.9732999801635742, 0.972100019454956, 0.9732999801635742, 0.9732999801635742, 0.9721999764442444, 0.973800003528595, 0.972599983215332, 0.9733999967575073, 0.9732999801635742, 0.9728999733924866, 0.9735000133514404, 0.9739999771118164, 0.972599983215332]}