{"loss": [0.34724149107933044, 0.23963545262813568, 0.21833427250385284, 0.2022257000207901, 0.1950540840625763, 0.1796053946018219, 0.17722055315971375, 0.17241889238357544, 0.16965828835964203, 0.16250258684158325, 0.16396205127239227, 0.15215705335140228, 0.14967916905879974, 0.18623782694339752, 0.13846537470817566, 0.1579396277666092, 0.14969775080680847, 0.15294677019119263, 0.13945457339286804, 0.13799098134040833, 0.14310181140899658, 0.14373663067817688, 0.1358557492494583, 0.1370602697134018, 0.13895608484745026, 0.14043310284614563, 0.13221484422683716, 0.12467587739229202, 0.12857842445373535, 0.15275897085666656, 0.12954141199588776, 0.12936393916606903, 0.12829168140888214, 0.13454456627368927, 0.11814413219690323, 0.13525107502937317, 0.11860315501689911, 0.13015791773796082, 0.13199853897094727, 0.1377156674861908, 0.12107083201408386, 0.11888130009174347, 0.11805830895900726, 0.13164877891540527, 0.11812806874513626, 0.12987463176250458, 0.12307026237249374, 0.1411355584859848, 0.11847516894340515, 0.10860614478588104], "accuracy": [0.9002199769020081, 0.934939980506897, 0.942300021648407, 0.9472600221633911, 0.9499800205230713, 0.9535999894142151, 0.9555400013923645, 0.9569600224494934, 0.9577800035476685, 0.9601200222969055, 0.960099995136261, 0.962119996547699, 0.9641199707984924, 0.9571599960327148, 0.9660400152206421, 0.9629600048065186, 0.9635400176048279, 0.9630799889564514, 0.9652799963951111, 0.96670001745224, 0.9654399752616882, 0.9647200107574463, 0.9674199819564819, 0.965939998626709, 0.9667199850082397, 0.9658600091934204, 0.9676200151443481, 0.9683399796485901, 0.9680200219154358, 0.9655600190162659, 0.9682999849319458, 0.9683200120925903, 0.9671599864959717, 0.9674999713897705, 0.9711400270462036, 0.9677799940109253, 0.9700800180435181, 0.9692400097846985, 0.9699000120162964, 0.9676399827003479, 0.9706799983978271, 0.9696199893951416, 0.9710599780082703, 0.9686800241470337, 0.9707199931144714, 0.9687399864196777, 0.9703599810600281, 0.9682999849319458, 0.9716799855232239, 0.9727799892425537], "val_loss": [0.22383323311805725, 0.22965475916862488, 0.1969691962003708, 0.20185963809490204, 0.21978576481342316, 0.22689980268478394, 0.18982338905334473, 0.20740942656993866, 0.20914196968078613, 0.21312959492206573, 0.22045902907848358, 0.23910947144031525, 0.24918942153453827, 0.2109675109386444, 0.22447702288627625, 0.2550373375415802, 0.23509040474891663, 0.25270360708236694, 0.30419063568115234, 0.281547486782074, 0.26171037554740906, 0.3002128303050995, 0.3037970960140228, 0.2682019770145416, 0.27460986375808716, 0.3929173946380615, 0.3204920291900635, 0.3372892439365387, 0.2907673418521881, 0.3085048794746399, 0.26878032088279724, 0.3193146884441376, 0.3534418046474457, 0.3710399866104126, 0.3888607323169708, 0.39430931210517883, 0.3334657549858093, 0.4250606894493103, 0.38026586174964905, 0.374468058347702, 0.4365794062614441, 0.4075384736061096, 0.42207181453704834, 0.47042763233184814, 0.3487577736377716, 0.34781134128570557, 0.39197903871536255, 0.427262544631958, 0.41669541597366333, 0.36343780159950256], "val_accuracy": [0.9406999945640564, 0.9409999847412109, 0.9472000002861023, 0.9498999714851379, 0.9498999714851379, 0.9465000033378601, 0.954800009727478, 0.955299973487854, 0.9521999955177307, 0.9560999870300293, 0.9523000121116638, 0.9538999795913696, 0.955299973487854, 0.9571999907493591, 0.9610000252723694, 0.9524999856948853, 0.9559999704360962, 0.9514999985694885, 0.9556000232696533, 0.9516000151634216, 0.9556000232696533, 0.9527000188827515, 0.9538000226020813, 0.9535999894142151, 0.9556999802589417, 0.9498999714851379, 0.9589999914169312, 0.957099974155426, 0.9506999850273132, 0.9545999765396118, 0.955299973487854, 0.9480999708175659, 0.954200029373169, 0.9564999938011169, 0.9521999955177307, 0.9535999894142151, 0.9570000171661377, 0.9559000134468079, 0.9496999979019165, 0.9534000158309937, 0.9531000256538391, 0.9502000212669373, 0.9552000164985657, 0.9510999917984009, 0.9532999992370605, 0.9531000256538391, 0.9570000171661377, 0.9559000134468079, 0.9509999752044678, 0.9571999907493591]}