{"loss": [0.29054418206214905, 0.1300830841064453, 0.09202559292316437, 0.07131199538707733, 0.05792713537812233, 0.049196675419807434, 0.040462676435709, 0.035297784954309464, 0.030232394114136696, 0.030431322753429413, 0.025391191244125366, 0.02176855131983757, 0.022237246856093407, 0.02071399614214897, 0.017205767333507538, 0.019590094685554504, 0.01893707551062107, 0.020652126520872116, 0.015210552141070366, 0.019469451159238815, 0.01380203291773796, 0.017323339357972145, 0.012778252363204956, 0.020604275166988373, 0.01145669911056757, 0.013984610326588154, 0.011857790872454643, 0.016486994922161102, 0.012340746819972992, 0.015279214829206467, 0.014685467816889286, 0.011446787044405937, 0.013999435119330883, 0.013664580881595612, 0.013513687998056412, 0.012868080288171768, 0.012892741709947586, 0.00676233833655715, 0.012921684421598911, 0.014609198085963726, 0.012905635870993137, 0.011980749666690826, 0.014073978178203106, 0.0113790612667799, 0.010519455187022686, 0.00960596464574337, 0.01593642868101597, 0.01382103655487299, 0.00774321099743247, 0.014817338436841965, 0.011556717567145824, 0.011364077217876911, 0.008321929723024368, 0.01203695684671402, 0.011162251234054565, 0.00792501401156187, 0.012457056902348995, 0.010467026382684708, 0.011337273754179478, 0.011823825538158417, 0.009123973548412323, 0.007865039631724358, 0.010331578552722931, 0.013172339648008347, 0.010426491498947144, 0.01084547583013773, 0.010226084850728512, 0.010695495642721653, 0.005816847085952759, 0.013524766080081463, 0.010969392023980618, 0.007443482521921396, 0.012691304087638855, 0.006645731162279844, 0.01222321204841137, 0.009475180879235268, 0.010328931733965874, 0.010349320247769356, 0.01089133508503437, 0.009733564220368862, 0.013949865475296974, 0.007280485238879919, 0.0112196309491992, 0.01120456587523222, 0.009489134885370731, 0.010945833288133144, 0.016285961493849754, 0.009053971618413925, 0.00632231030613184, 0.01384294219315052, 0.012261980213224888, 0.009558134712278843, 0.011220868676900864, 0.003857298521324992, 0.012724993750452995, 0.009856239892542362, 0.00888917688280344, 0.008948173373937607, 0.013407357968389988, 0.0071910228580236435], "accuracy": [0.9147400259971619, 0.9595000147819519, 0.9706799983978271, 0.977180004119873, 0.9815599918365479, 0.9836400151252747, 0.9863399863243103, 0.9879400134086609, 0.989799976348877, 0.9890400171279907, 0.9912999868392944, 0.9927800297737122, 0.9920600056648254, 0.9928200244903564, 0.9940800070762634, 0.9930199980735779, 0.9934800267219543, 0.993120014667511, 0.9951599836349487, 0.9932799935340881, 0.9954000115394592, 0.9948199987411499, 0.9955199956893921, 0.9934399724006653, 0.996399998664856, 0.9953799843788147, 0.9958400130271912, 0.9951199889183044, 0.9962599873542786, 0.9954400062561035, 0.9955599904060364, 0.9964600205421448, 0.9957000017166138, 0.9962400197982788, 0.9959999918937683, 0.9964399933815002, 0.9959800243377686, 0.9979400038719177, 0.9962199926376343, 0.9955599904060364, 0.9966800212860107, 0.9966199994087219, 0.9962800145149231, 0.9966599941253662, 0.9971399903297424, 0.9975000023841858, 0.9958400130271912, 0.9965199828147888, 0.9977999925613403, 0.9962599873542786, 0.9970800280570984, 0.9971799850463867, 0.9978600144386292, 0.9970800280570984, 0.9970600008964539, 0.9980599880218506, 0.9964600205421448, 0.9976400136947632, 0.9973800182342529, 0.996940016746521, 0.9975600242614746, 0.9980000257492065, 0.9973599910736084, 0.9971799850463867, 0.9974799752235413, 0.9975799918174744, 0.9974200129508972, 0.9975600242614746, 0.9982799887657166, 0.9968799948692322, 0.9975000023841858, 0.9978600144386292, 0.997160017490387, 0.998420000076294, 0.9973999857902527, 0.9978799819946289, 0.9979400038719177, 0.9977399706840515, 0.9977999925613403, 0.9980800151824951, 0.9971399903297424, 0.9983999729156494, 0.9975200295448303, 0.997759997844696, 0.998199999332428, 0.9978200197219849, 0.9969800114631653, 0.998420000076294, 0.9984400272369385, 0.9973599910736084, 0.9976199865341187, 0.997979998588562, 0.9981600046157837, 0.9990599751472473, 0.9977200031280518, 0.9981600046157837, 0.9981200098991394, 0.9981600046157837, 0.9976400136947632, 0.9986600279808044], "val_loss": [0.1536712497472763, 0.11780594289302826, 0.12646156549453735, 0.1144920065999031, 0.13981834053993225, 0.11961498111486435, 0.11746276915073395, 0.11868364363908768, 0.14296509325504303, 0.13684621453285217, 0.13951648771762848, 0.1459839940071106, 0.16628912091255188, 0.15389324724674225, 0.18302442133426666, 0.18000410497188568, 0.16660082340240479, 0.16636894643306732, 0.20554262399673462, 0.18151243031024933, 0.20019257068634033, 0.18562836945056915, 0.20420080423355103, 0.1901383101940155, 0.20482534170150757, 0.26384860277175903, 0.2247830331325531, 0.21637406945228577, 0.21300393342971802, 0.2230144590139389, 0.2076389640569687, 0.19918406009674072, 0.23602770268917084, 0.23803214728832245, 0.2562726140022278, 0.2681020498275757, 0.2420206367969513, 0.26870760321617126, 0.26866623759269714, 0.26281100511550903, 0.27126649022102356, 0.2749052941799164, 0.273189902305603, 0.2818690836429596, 0.29652276635169983, 0.3601755201816559, 0.31568220257759094, 0.2825053036212921, 0.34183818101882935, 0.3256990909576416, 0.2889687418937683, 0.29813507199287415, 0.33954885601997375, 0.3130374848842621, 0.30389735102653503, 0.30506837368011475, 0.3292492926120758, 0.3395480811595917, 0.3660193681716919, 0.39402011036872864, 0.3267316520214081, 0.32466670870780945, 0.33376824855804443, 0.36309295892715454, 0.37985584139823914, 0.3863829970359802, 0.3630770146846771, 0.35294514894485474, 0.390938401222229, 0.3818177282810211, 0.3562113344669342, 0.3875647783279419, 0.38117802143096924, 0.4108497202396393, 0.42549145221710205, 0.4002384841442108, 0.44818931818008423, 0.4321458637714386, 0.40240156650543213, 0.4261339008808136, 0.47908544540405273, 0.44605228304862976, 0.460528701543808, 0.4556165635585785, 0.48015716671943665, 0.47330009937286377, 0.47258129715919495, 0.4462278187274933, 0.5514819025993347, 0.49558717012405396, 0.5000964999198914, 0.503768801689148, 0.4910009801387787, 0.516244113445282, 0.4975210428237915, 0.5180481672286987, 0.5060906410217285, 0.5023127198219299, 0.500770092010498, 0.5298982858657837],