{"loss": [0.40736788511276245, 0.1800764501094818, 0.13043057918548584, 0.1005685031414032, 0.08246870338916779, 0.0678662583231926, 0.057231031358242035, 0.048204608261585236, 0.03983905911445618, 0.03492317348718643, 0.0298610832542181, 0.024509353563189507, 0.02206214889883995, 0.01879577338695526, 0.016634656116366386, 0.013995467685163021, 0.013404468074440956, 0.011272783391177654, 0.009697595611214638, 0.008764627389609814, 0.00996707659214735, 0.00821995735168457, 0.007495588157325983, 0.0047810566611588, 0.00814947672188282, 0.007391107734292746, 0.006671060808002949, 0.005539673380553722, 0.004736103117465973, 0.0048874663189053535, 0.009987960569560528, 0.004164536949247122, 0.0022425814531743526, 0.010877792723476887, 0.005346471443772316, 0.0031386620830744505, 0.004501556511968374, 0.006031327415257692, 0.003406132571399212, 0.004335012286901474, 0.0045243436470627785, 0.00492140743881464, 0.0062128035351634026, 0.000944322906434536, 0.0004952659364789724, 0.009372919797897339, 0.006359140854328871, 0.0033352277241647243, 0.0007232400239445269, 0.00670164730399847], "accuracy": [0.8862400054931641, 0.9467599987983704, 0.9617599844932556, 0.9698799848556519, 0.9742599725723267, 0.9796800017356873, 0.9822400212287903, 0.9850199818611145, 0.9877600073814392, 0.9896399974822998, 0.9909800291061401, 0.9922400116920471, 0.9934800267219543, 0.9942200183868408, 0.994700014591217, 0.9958000183105469, 0.9959200024604797, 0.9966400265693665, 0.996999979019165, 0.9973599910736084, 0.9967799782752991, 0.9975399971008301, 0.9976999759674072, 0.9987999796867371, 0.9975399971008301, 0.9977200031280518, 0.9975200295448303, 0.9980000257492065, 0.9985399842262268, 0.9984400272369385, 0.9966800212860107, 0.9986400008201599, 0.9994000196456909, 0.9959800243377686, 0.9980400204658508, 0.9991199970245361, 0.9986799955368042, 0.9977800250053406, 0.9989399909973145, 0.9986799955368042, 0.9984999895095825, 0.9981600046157837, 0.997759997844696, 0.9998199939727783, 0.9999399781227112, 0.9969800114631653, 0.9976999759674072, 0.9989399909973145, 0.9998400211334229, 0.9976599812507629], "val_loss": [0.22038735449314117, 0.15889358520507812, 0.13355956971645355, 0.1235852763056755, 0.11573154479265213, 0.1128898561000824, 0.10730534791946411, 0.1012120470404625, 0.10535331070423126, 0.11049588769674301, 0.10384495556354523, 0.12050244212150574, 0.12217424064874649, 0.12834152579307556, 0.12931330502033234, 0.1336875557899475, 0.1435886025428772, 0.14626207947731018, 0.16238613426685333, 0.15311267971992493, 0.1573352962732315, 0.15991120040416718, 0.16393783688545227, 0.16029037535190582, 0.18803519010543823, 0.17125655710697174, 0.1698766052722931, 0.1833684742450714, 0.18161918222904205, 0.18896399438381195, 0.1833924502134323, 0.19027592241764069, 0.2002762258052826, 0.21171130239963531, 0.19616369903087616, 0.19784699380397797, 0.20228390395641327, 0.2048419862985611, 0.20873303711414337, 0.20638899505138397, 0.24034687876701355, 0.2379114031791687, 0.20718850195407867, 0.21218962967395782, 0.22330725193023682, 0.2199469953775406, 0.22455397248268127, 0.20696181058883667, 0.20929548144340515, 0.22922512888908386], "val_accuracy": [0.9345999956130981, 0.9531000256538391, 0.9598000049591064, 0.9621000289916992, 0.963699996471405, 0.9667999744415283, 0.9667999744415283, 0.9713000059127808, 0.9696000218391418, 0.9717000126838684, 0.9725000262260437, 0.968500018119812, 0.9699000120162964, 0.9684000015258789, 0.9689000248908997, 0.9692999720573425, 0.9678999781608582, 0.9689000248908997, 0.9684000015258789, 0.9689000248908997, 0.9690999984741211, 0.968999981880188, 0.9678999781608582, 0.9710999727249146, 0.9666000008583069, 0.9732000231742859, 0.9717000126838684, 0.9700000286102295, 0.9722999930381775, 0.9696000218391418, 0.9735999703407288, 0.9718999862670898, 0.9695000052452087, 0.9679999947547913, 0.9717000126838684, 0.9721999764442444, 0.9700999855995178, 0.9700999855995178, 0.9715999960899353, 0.9715999960899353, 0.9689000248908997, 0.9678000211715698, 0.9736999869346619, 0.9735000133514404, 0.9726999998092651, 0.9714999794960022, 0.9710000157356262, 0.9739999771118164, 0.9732999801635742, 0.9700999855995178]}