{"loss": [0.3407020568847656, 0.22615839540958405, 0.20200161635875702, 0.19284823536872864, 0.17502638697624207, 0.17035597562789917, 0.15437747538089752, 0.1613859236240387, 0.14592167735099792, 0.14101755619049072, 0.14897774159908295, 0.14315932989120483, 0.14662785828113556, 0.13821926712989807, 0.13303276896476746, 0.1410568803548813, 0.12929609417915344, 0.13300630450248718, 0.1381377875804901, 0.1333983689546585, 0.12979912757873535, 0.12967638671398163, 0.12913954257965088, 0.12821897864341736, 0.1406179666519165, 0.13749191164970398, 0.12982314825057983, 0.13728691637516022, 0.1331532895565033, 0.12204967439174652, 0.1443517804145813, 0.11539524048566818, 0.12807756662368774, 0.12238102406263351, 0.13473035395145416, 0.12044263631105423, 0.1327304095029831, 0.12091538310050964, 0.11912276595830917, 0.13570377230644226, 0.1232854500412941, 0.11836885660886765, 0.13634495437145233, 0.1425095647573471, 0.1362270712852478, 0.13236665725708008, 0.12628276646137238, 0.13233299553394318, 0.12533466517925262, 0.13642804324626923, 0.12691384553909302, 0.1407933384180069, 0.1109040156006813, 0.12818558514118195, 0.12777194380760193, 0.14908064901828766, 0.11356628686189651, 0.1111762598156929, 0.12607602775096893, 0.14960475265979767, 0.11907704919576645, 0.1114233136177063, 0.12046743929386139, 0.12741614878177643, 0.12194743007421494, 0.12361793965101242, 0.12473084777593613, 0.13370123505592346, 0.11986452341079712, 0.13018201291561127, 0.1364808827638626, 0.1512116640806198, 0.11624636501073837, 0.1141325980424881, 0.11090897768735886, 0.12589216232299805, 0.1431465893983841, 0.13800948858261108, 0.10679361969232559, 0.11193027347326279, 0.13570450246334076, 0.1281869262456894, 0.12262727320194244, 0.14505401253700256, 0.12786109745502472, 0.11578726768493652, 0.12364502251148224, 0.11770020425319672, 0.14068995416164398, 0.1284249871969223, 0.14668545126914978, 0.14501628279685974, 0.10952585935592651, 0.1204851046204567, 0.1379001885652542, 0.12421386688947678, 0.123302161693573, 0.1312965452671051, 0.12739987671375275, 0.1487344205379486], "accuracy": [0.9006999731063843, 0.9381800293922424, 0.9447600245475769, 0.9474999904632568, 0.953000009059906, 0.9558799862861633, 0.9603999853134155, 0.9588000178337097, 0.9635599851608276, 0.964139997959137, 0.9633399844169617, 0.9639800190925598, 0.9641000032424927, 0.9650400280952454, 0.9664599895477295, 0.9654600024223328, 0.9682000279426575, 0.96670001745224, 0.9668800234794617, 0.9674400091171265, 0.9688799977302551, 0.9690999984741211, 0.9684200286865234, 0.9690799713134766, 0.9671000242233276, 0.9682199954986572, 0.9687600135803223, 0.9676799774169922, 0.9678400158882141, 0.9695600271224976, 0.9664400219917297, 0.9715399742126465, 0.9690399765968323, 0.9709200263023376, 0.9675400257110596, 0.972100019454956, 0.9683799743652344, 0.9700400233268738, 0.9695000052452087, 0.9676200151443481, 0.9696000218391418, 0.9712799787521362, 0.968999981880188, 0.9661200046539307, 0.9678999781608582, 0.9688799977302551, 0.9703599810600281, 0.9685800075531006, 0.9679800271987915, 0.9683799743652344, 0.9696800112724304, 0.967960000038147, 0.9720399975776672, 0.9702600240707397, 0.9696400165557861, 0.9672799706459045, 0.9714800119400024, 0.9733200073242188, 0.9690999984741211, 0.9661999940872192, 0.9719799757003784, 0.9732000231742859, 0.9715999960899353, 0.9703400135040283, 0.9714999794960022, 0.9704399704933167, 0.9697800278663635, 0.9687399864196777, 0.972000002861023, 0.9698600172996521, 0.9686200022697449, 0.96670001745224, 0.9703400135040283, 0.9721599817276001, 0.9735000133514404, 0.9699000120162964, 0.9665799736976624, 0.9682199954986572, 0.9726999998092651, 0.9731799960136414, 0.9688199758529663, 0.9695199728012085, 0.9700400233268738, 0.966920018196106, 0.968779981136322, 0.9696999788284302, 0.9686800241470337, 0.9692800045013428, 0.9672600030899048, 0.9686200022697449, 0.9673200249671936, 0.9642000198364258, 0.9715999960899353, 0.9695199728012085, 0.9668200016021729, 0.9681400060653687, 0.9701200127601624, 0.9678999781608582, 0.9690999984741211, 0.9657400250434875], "val_loss": [0.251431941986084, 0.22669905424118042, 0.23053421080112457, 0.21786090731620789, 0.20803044736385345, 0.20590664446353912, 0.2126130908727646, 0.22208501398563385, 0.22974172234535217, 0.252900093793869, 0.2305077612400055, 0.22590334713459015, 0.2192716747522354, 0.22176508605480194, 0.25892579555511475, 0.25200989842414856, 0.2293155938386917, 0.2650989890098572, 0.30487680435180664, 0.30057215690612793, 0.2489972859621048, 0.2873181104660034, 0.28731268644332886, 0.27304136753082275, 0.3193633556365967, 0.26698294281959534, 0.33263081312179565, 0.33706408739089966, 0.2897445857524872, 0.362667441368103, 0.342862069606781, 0.3500518202781677, 0.3358295261859894, 0.3315741717815399, 0.4002818167209625, 0.3492104113101959, 0.36539512872695923, 0.36700594425201416, 0.4023396968841553, 0.3654090464115143, 0.4075481593608856, 0.38336700201034546, 0.544119119644165, 0.4238675832748413, 0.403644859790802, 0.633133590221405, 0.5200199484825134, 0.44411787390708923, 0.5522260665893555, 0.4959138035774231, 0.5284697413444519, 0.48422515392303467, 0.4640069305896759, 0.47223174571990967, 0.4084613621234894, 0.5041894316673279, 0.5173402428627014, 0.6068058013916016, 0.7403964996337891, 0.6259514093399048, 0.551230788230896, 0.5167495608329773, 0.5050288438796997, 0.5845438838005066, 0.673163890838623, 0.6939379572868347, 0.5868518352508545, 0.44545331597328186, 0.6236878037452698, 0.6639896035194397, 0.7728406190872192, 0.6377766132354736, 0.6411488056182861, 0.6050272583961487, 0.6386095285415649, 0.6848419904708862, 0.6743953227996826, 0.6479640007019043, 0.5889539122581482, 0.6859564185142517, 0.8056166768074036, 0.8288468718528748, 2.233579158782959, 0.6466194987297058, 0.6058663129806519, 0.8170757293701172, 0.8241288065910339, 0.691546618938446, 1.0822200775146484, 0.7190617918968201, 0.7952988743782043, 0.726161539554596, 0.8618399500846863, 0.9219163060188293, 0.829231858253479, 0.8840407133102417, 0.899277925491333, 0.6442797183990479, 0.8724513649940491, 0.6707775592803955],