{"loss": [0.286300927400589, 0.12135303020477295, 0.08639577776193619, 0.06776358932256699, 0.055448979139328, 0.042937226593494415, 0.04164106771349907, 0.032680120319128036, 0.02939014881849289, 0.027632340788841248, 0.025420205667614937, 0.024626588448882103, 0.021910442039370537, 0.01876322366297245, 0.017338460311293602, 0.02010059729218483, 0.019824694842100143, 0.013395891524851322, 0.014511385932564735, 0.016495341435074806, 0.015217899344861507, 0.015574666671454906, 0.016126375645399094, 0.013897704891860485, 0.00926246028393507, 0.01579483598470688, 0.013728894293308258, 0.013138819485902786, 0.013342397287487984, 0.010081243701279163, 0.016238952055573463, 0.012144997715950012, 0.012169917114078999, 0.0091925710439682, 0.016471166163682938, 0.008081247098743916, 0.011222641915082932, 0.011878542602062225, 0.011775723658502102, 0.013668066821992397, 0.009125142358243465, 0.011962277814745903, 0.009315723553299904, 0.010936103761196136, 0.011662330478429794, 0.009776019491255283, 0.015981631353497505, 0.007073861546814442, 0.007906848564743996, 0.014840567484498024], "accuracy": [0.9170200228691101, 0.96288001537323, 0.972760021686554, 0.9787999987602234, 0.9820600152015686, 0.9860399961471558, 0.9861400127410889, 0.9885600209236145, 0.990119993686676, 0.9898800253868103, 0.9910600185394287, 0.9913600087165833, 0.9926999807357788, 0.993340015411377, 0.9937000274658203, 0.9930400252342224, 0.9932399988174438, 0.9955800175666809, 0.9951199889183044, 0.9946200251579285, 0.9946799874305725, 0.9947199821472168, 0.9948999881744385, 0.9954400062561035, 0.9970999956130981, 0.994700014591217, 0.9958400130271912, 0.995639979839325, 0.9960799813270569, 0.9966400265693665, 0.9951599836349487, 0.9962000250816345, 0.996399998664856, 0.9973999857902527, 0.9950199723243713, 0.9973999857902527, 0.9966999888420105, 0.9965999722480774, 0.9964799880981445, 0.9960200190544128, 0.9971399903297424, 0.9965800046920776, 0.997160017490387, 0.9971799850463867, 0.997160017490387, 0.9975600242614746, 0.9958000183105469, 0.9982200264930725, 0.997979998588562, 0.9964799880981445], "val_loss": [0.16155482828617096, 0.11316680908203125, 0.11514224857091904, 0.1106613278388977, 0.10675106197595596, 0.11566869169473648, 0.11137766391038895, 0.14268693327903748, 0.14574725925922394, 0.13419073820114136, 0.14161929488182068, 0.15561100840568542, 0.1413552314043045, 0.1803463101387024, 0.17079496383666992, 0.16543327271938324, 0.16429026424884796, 0.15924884378910065, 0.1751866191625595, 0.192213237285614, 0.1925073117017746, 0.20228435099124908, 0.20512589812278748, 0.21960432827472687, 0.2267204076051712, 0.20622284710407257, 0.2213578075170517, 0.2339143306016922, 0.23927578330039978, 0.24830523133277893, 0.2068367451429367, 0.24015529453754425, 0.22028137743473053, 0.24912285804748535, 0.22993820905685425, 0.24149098992347717, 0.2469594031572342, 0.2597252130508423, 0.25387245416641235, 0.25174081325531006, 0.28406038880348206, 0.24627533555030823, 0.266593873500824, 0.28875288367271423, 0.26990312337875366, 0.3159737288951874, 0.29174932837486267, 0.28982463479042053, 0.3165169954299927, 0.29234758019447327], "val_accuracy": [0.9514999985694885, 0.9657999873161316, 0.9649999737739563, 0.9674999713897705, 0.9721999764442444, 0.9703999757766724, 0.9710999727249146, 0.9650999903678894, 0.9686999917030334, 0.9710999727249146, 0.9696000218391418, 0.9681000113487244, 0.9726999998092651, 0.968500018119812, 0.9718000292778015, 0.9735000133514404, 0.9718999862670898, 0.9742000102996826, 0.9732000231742859, 0.9718000292778015, 0.9718999862670898, 0.97079998254776, 0.9718000292778015, 0.9711999893188477, 0.9700999855995178, 0.9718000292778015, 0.970300018787384, 0.9710999727249146, 0.9689000248908997, 0.9710000157356262, 0.9746000170707703, 0.973800003528595, 0.9733999967575073, 0.9721999764442444, 0.9725000262260437, 0.9751999974250793, 0.972599983215332, 0.9728999733924866, 0.9732000231742859, 0.972100019454956, 0.9706000089645386, 0.9728000164031982, 0.9743000268936157, 0.9696999788284302, 0.9746000170707703, 0.9692999720573425, 0.9714999794960022, 0.9740999937057495, 0.9713000059127808, 0.9742000102996826]}