{"loss": [0.8126533627510071, 1.5280205011367798, 1.7131013870239258, 1.6328166723251343, 1.650307297706604, 1.601011037826538, 1.608856439590454, 1.6470485925674438, 1.6008720397949219, 1.5862380266189575, 1.5928997993469238, 1.6680833101272583, 1.6517102718353271, 1.6153953075408936, 1.5962637662887573, 1.5956873893737793, 1.668464183807373, 1.5738246440887451, 1.612431526184082, 1.6104817390441895, 1.6600109338760376, 1.7436984777450562, 1.6937968730926514, 1.6911488771438599, 1.6158173084259033, 1.6304460763931274, 1.6218371391296387, 1.6255147457122803, 1.619133710861206, 1.6056275367736816, 1.5786319971084595, 1.645267367362976, 1.610953450202942, 1.8148739337921143, 1.8045148849487305, 1.7967896461486816, 1.8171679973602295, 1.8008918762207031, 1.7882282733917236, 1.813185214996338, 1.8281930685043335, 1.8409360647201538, 1.8142057657241821, 1.8228007555007935, 1.8252888917922974, 1.823326826095581, 1.8240519762039185, 1.8018766641616821, 1.798257827758789, 1.8024649620056152], "accuracy": [0.751479983329773, 0.4784199893474579, 0.29510000348091125, 0.2989400029182434, 0.28619998693466187, 0.297760009765625, 0.29693999886512756, 0.2974799871444702, 0.29506000876426697, 0.2998799979686737, 0.2978000044822693, 0.28578001260757446, 0.29607999324798584, 0.293940007686615, 0.298880010843277, 0.29541999101638794, 0.28797999024391174, 0.29693999886512756, 0.2958599925041199, 0.2972800135612488, 0.2771799862384796, 0.25336000323295593, 0.26958000659942627, 0.2823599874973297, 0.2884199917316437, 0.29330000281333923, 0.2960200011730194, 0.293940007686615, 0.2905600070953369, 0.2998200058937073, 0.29673999547958374, 0.28898000717163086, 0.29113999009132385, 0.19689999520778656, 0.20192000269889832, 0.19922000169754028, 0.20056000351905823, 0.20212000608444214, 0.20270000398159027, 0.20003999769687653, 0.1979600042104721, 0.20034000277519226, 0.19935999810695648, 0.1954600065946579, 0.19957999885082245, 0.19723999500274658, 0.19832000136375427, 0.19855999946594238, 0.19930000603199005, 0.1956000030040741], "val_loss": [0.8352336883544922, 1.7033262252807617, 1.6411994695663452, 1.6697431802749634, 1.6002181768417358, 1.637306571006775, 1.5836083889007568, 1.5919079780578613, 1.5966562032699585, 1.5925540924072266, 1.6245951652526855, 1.6994699239730835, 1.608255386352539, 1.6204891204833984, 1.6986184120178223, 1.634809136390686, 1.6117855310440063, 1.5790305137634277, 1.6826775074005127, 1.715400218963623, 1.8189892768859863, 1.9684431552886963, 1.6118420362472534, 1.6509798765182495, 1.5982979536056519, 1.6490992307662964, 1.5873680114746094, 1.613989233970642, 1.5831191539764404, 1.5727099180221558, 1.5881184339523315, 1.6260420083999634, 1.954742431640625, 1.799984335899353, 1.7787543535232544, 1.8112730979919434, 1.8088220357894897, 1.7938066720962524, 1.8182525634765625, 1.8514195680618286, 1.8301432132720947, 1.8284611701965332, 1.8023366928100586, 1.8767777681350708, 1.8060226440429688, 1.7902134656906128, 1.8132727146148682, 1.7850463390350342, 1.7943705320358276, 1.812941551208496], "val_accuracy": [0.7795000076293945, 0.30399999022483826, 0.2669000029563904, 0.29350000619888306, 0.28110000491142273, 0.3034999966621399, 0.30320000648498535, 0.2879999876022339, 0.2994999885559082, 0.3061999976634979, 0.2946000099182129, 0.29179999232292175, 0.29649999737739563, 0.30329999327659607, 0.2648000121116638, 0.2953000068664551, 0.28760001063346863, 0.2992999851703644, 0.287200003862381, 0.29809999465942383, 0.2556999921798706, 0.26269999146461487, 0.29660001397132874, 0.2784999907016754, 0.29420000314712524, 0.2824999988079071, 0.2919999957084656, 0.30720001459121704, 0.29649999737739563, 0.30720001459121704, 0.2913999855518341, 0.29280000925064087, 0.19460000097751617, 0.18219999969005585, 0.19429999589920044, 0.20509999990463257, 0.19050000607967377, 0.19869999587535858, 0.19499999284744263, 0.20389999449253082, 0.193900004029274, 0.1923999935388565, 0.19689999520778656, 0.18389999866485596, 0.19740000367164612, 0.2045000046491623, 0.1867000013589859, 0.20110000669956207, 0.1940000057220459, 0.1907999962568283]}