{"loss": [0.39201438426971436, 0.1863725632429123, 0.13937413692474365, 0.1133972778916359, 0.09551399201154709, 0.08181881904602051, 0.07224735617637634, 0.06443679332733154, 0.056184060871601105, 0.050289086997509, 0.0455106720328331, 0.04049043357372284, 0.0368814617395401, 0.03337142616510391, 0.029809830710291862, 0.026950126513838768, 0.023517746478319168, 0.02092706970870495, 0.019315823912620544, 0.017666248604655266, 0.015456831082701683, 0.01430665422230959, 0.012822452001273632, 0.010403599590063095, 0.009623866528272629, 0.008276115171611309, 0.007793614640831947, 0.007009867578744888, 0.005847498308867216, 0.005693282466381788, 0.005146503448486328, 0.004247674718499184, 0.0039418162778019905, 0.0035573537461459637, 0.002734467387199402, 0.0022300875280052423, 0.002250310964882374, 0.002225259318947792, 0.001740018604323268, 0.0013659909600391984, 0.0013493886217474937, 0.001509231748059392, 0.001225662650540471, 0.0013889868278056383, 0.0010355855338275433, 0.0010184345301240683, 0.0007400108152069151, 0.0006695542251691222, 0.000738463131710887, 0.0007218756945803761, 0.0006841000868007541, 0.000705063110217452, 0.0005239990423433483, 0.0003095308493357152, 0.0006082851905375719, 0.0006075689452700317, 0.0003550526453182101, 0.00020126622985117137, 0.0002806820848491043, 0.000334057433065027, 0.00021756986097898334, 0.00013630709145218134, 0.00017982647113967687, 0.00022945702949073166, 0.00014075671788305044, 0.00011822136002592742, 0.00010087481496157125, 0.0002871015458367765, 0.0001823666534619406, 8.55287944432348e-05, 5.712655547540635e-05, 8.358342165593058e-05, 0.00010517196642467752, 0.0001816521107684821, 9.671010775491595e-05, 0.00010180203389609233, 5.6705168390180916e-05, 8.759700722293928e-05, 0.0002202542091254145, 9.277938806917518e-05, 0.00011341345816617832, 0.0002261440531583503, 0.0002328024711459875, 4.563695256365463e-05, 8.254313434008509e-05, 1.577243529027328e-05, 1.3746044714935124e-05, 3.7821057048859075e-05, 2.372251583437901e-05, 8.407903806073591e-05, 3.826997635769658e-05, 1.0229876352241263e-05, 5.760393105447292e-05, 6.574226517841453e-06, 3.4992494875041302e-06, 1.1177389751537703e-05, 5.4844702390255406e-05, 6.222702268132707e-06, 2.970414470837568e-06, 3.0651722227048595e-06], "accuracy": [0.8924599885940552, 0.9441800117492676, 0.9576399922370911, 0.9656999707221985, 0.97052001953125, 0.9755600094795227, 0.9782999753952026, 0.9812999963760376, 0.9832800030708313, 0.9852399826049805, 0.9862800240516663, 0.9880800247192383, 0.9890599846839905, 0.9899200201034546, 0.9911800026893616, 0.9916399717330933, 0.9933599829673767, 0.9940800070762634, 0.9946200251579285, 0.9944999814033508, 0.9953600168228149, 0.9958800077438354, 0.9964600205421448, 0.9969000220298767, 0.9969199895858765, 0.9976800084114075, 0.9976199865341187, 0.9980400204658508, 0.9981799721717834, 0.9981200098991394, 0.9983000159263611, 0.9986199736595154, 0.9988399744033813, 0.9989799857139587, 0.9990599751472473, 0.9991999864578247, 0.999239981174469, 0.9993199706077576, 0.9994000196456909, 0.9996200203895569, 0.9995399713516235, 0.9995200037956238, 0.9995999932289124, 0.9994999766349792, 0.9996600151062012, 0.9996600151062012, 0.999779999256134, 0.9998000264167786, 0.9997400045394897, 0.9998400211334229, 0.9997000098228455, 0.9997000098228455, 0.9998400211334229, 0.9999399781227112, 0.9997199773788452, 0.9998199939727783, 0.9998999834060669, 0.9999600052833557, 0.9998999834060669, 0.9999200105667114, 0.9999200105667114, 0.9999799728393555, 0.9999399781227112, 0.9998999834060669, 0.9999600052833557, 0.9999399781227112, 0.9999600052833557, 0.9999200105667114, 0.9999399781227112, 0.9999600052833557, 0.9999799728393555, 0.9999600052833557, 0.9999600052833557, 0.9999399781227112, 0.9999399781227112, 0.9999600052833557, 0.9999799728393555, 0.9999799728393555, 0.9999399781227112, 0.9999799728393555, 0.9999799728393555, 0.9999600052833557, 0.9999399781227112, 0.9999600052833557, 0.9999799728393555, 1.0, 1.0, 1.0, 1.0, 0.9999799728393555, 0.9999799728393555, 1.0, 0.9999600052833557, 1.0, 1.0, 1.0, 0.9999799728393555, 1.0, 1.0, 1.0], "val_loss": [0.2115361988544464, 0.16128772497177124, 0.13507555425167084, 0.12572799623012543, 0.12659849226474762, 0.11287951469421387, 0.12062942981719971, 0.12187474220991135, 0.11622986197471619, 0.10994576662778854, 0.11905490607023239, 0.11308690160512924, 0.12265617400407791, 0.12544482946395874, 0.1290324181318283, 0.13135221600532532, 0.13145607709884644, 0.13702331483364105, 0.1471470147371292, 0.14626853168010712, 0.1474570333957672, 0.1564798802137375, 0.16644930839538574, 0.1705489605665207, 0.17757529020309448, 0.17541000247001648, 0.18764761090278625, 0.18929186463356018, 0.1934114694595337, 0.20856526494026184, 0.207656130194664, 0.22228547930717468, 0.22107820212841034, 0.2233186960220337, 0.22410951554775238, 0.24333149194717407, 0.24455015361309052, 0.2531028091907501, 0.2574383020401001, 0.2597721517086029, 0.26003262400627136, 0.27474245429039, 0.26794153451919556, 0.27908042073249817, 0.2877205014228821, 0.30283600091934204, 0.2981666922569275, 0.316165566444397, 0.33001279830932617, 0.31752118468284607, 0.3245576322078705, 0.3464947044849396, 0.3334071636199951, 0.3382853865623474, 0.35622161626815796, 0.35241663455963135, 0.3677695691585541, 0.36003145575523376, 0.36086782813072205, 0.35928916931152344, 0.3577870726585388, 0.3705969452857971, 0.38777562975883484, 0.3789970278739929, 0.400069922208786, 0.40727946162223816, 0.4095679819583893, 0.4263271987438202, 0.4196895956993103, 0.4329223036766052, 0.4242473542690277, 0.43580424785614014, 0.4456723630428314, 0.4440285265445709, 0.4606914520263672, 0.45468759536743164, 0.457682728767395, 0.4694802165031433, 0.45907914638519287, 0.47404906153678894, 0.4830021560192108, 0.4670543968677521, 0.48495084047317505, 0.4922911524772644, 0.4843764305114746, 0.4851028323173523, 0.5146639347076416, 0.5130854845046997, 0.5207483768463135, 0.5275539755821228, 0.5231381058692932, 0.5172746777534485, 0.5350247025489807, 0.5270305275917053, 0.5354710221290588, 0.5498169660568237, 0.5449044108390808, 0.554985523223877, 0.5480761528015137, 0.5716067552566528],