{"loss": [0.2951192259788513, 0.16186650097370148, 0.14556537568569183, 0.13659562170505524, 0.13176806271076202, 0.1209467202425003, 0.12749120593070984, 0.11743804812431335, 0.1289568990468979, 0.12072692066431046, 0.1145792007446289, 0.11465428024530411, 0.10956081748008728, 0.11483617126941681, 0.1030658707022667, 0.1094084084033966, 0.10772218555212021, 0.10162820667028427, 0.10481434315443039, 0.10643012076616287, 0.10454508662223816, 0.10122770816087723, 0.10377693176269531, 0.09579995274543762, 0.0982280746102333, 0.10063827782869339, 0.10105687379837036, 0.09015798568725586, 0.08972781896591187, 0.09647301584482193, 0.10053223371505737, 0.08799390494823456, 0.10527569055557251, 0.10141890496015549, 0.09710139036178589, 0.09572330862283707, 0.09083613008260727, 0.08534559607505798, 0.1079091876745224, 0.09461331367492676, 0.09040843695402145, 0.09562402963638306, 0.08868247270584106, 0.1036713495850563, 0.0923844426870346, 0.09043242037296295, 0.11249519884586334, 0.10823509097099304, 0.10110042989253998, 0.09483341127634048], "accuracy": [0.909500002861023, 0.9554399847984314, 0.9629799723625183, 0.9660800099372864, 0.9700599908828735, 0.9734799861907959, 0.9734600186347961, 0.9750800132751465, 0.9764000177383423, 0.9764999747276306, 0.9786199927330017, 0.9789199829101562, 0.9798200130462646, 0.9809200167655945, 0.982479989528656, 0.9823600053787231, 0.9831399917602539, 0.9839000105857849, 0.9837999939918518, 0.984279990196228, 0.9847400188446045, 0.9863600134849548, 0.985759973526001, 0.9864000082015991, 0.9867600202560425, 0.9872999787330627, 0.9871799945831299, 0.9878799915313721, 0.9887999892234802, 0.9886999726295471, 0.9886800050735474, 0.9889199733734131, 0.9878799915313721, 0.9890400171279907, 0.9887999892234802, 0.9901800155639648, 0.9905200004577637, 0.9908999800682068, 0.9899799823760986, 0.9901599884033203, 0.9907799959182739, 0.9904800057411194, 0.9913399815559387, 0.9912800192832947, 0.9911199808120728, 0.991599977016449, 0.9912599921226501, 0.991100013256073, 0.9913600087165833, 0.9916599988937378], "val_loss": [0.15969805419445038, 0.19249090552330017, 0.18771231174468994, 0.21887502074241638, 0.17719468474388123, 0.21585232019424438, 0.2591400444507599, 0.27967381477355957, 0.3256330192089081, 0.36284908652305603, 0.27606406807899475, 0.32344481348991394, 0.3426501750946045, 0.41488587856292725, 0.467814564704895, 0.4796440899372101, 0.5104535222053528, 0.5467585325241089, 0.5911075472831726, 0.6034239530563354, 0.7025965452194214, 0.6984813809394836, 0.6531425714492798, 0.7207937240600586, 0.7364441752433777, 0.9103572964668274, 0.8100060820579529, 0.8180846571922302, 0.8673033118247986, 0.8651999831199646, 0.9098843932151794, 1.2672590017318726, 1.0083160400390625, 1.0836398601531982, 1.138222336769104, 1.3163663148880005, 1.2914682626724243, 1.3053770065307617, 1.3215185403823853, 1.3623350858688354, 1.3363282680511475, 1.1649528741836548, 1.2518982887268066, 1.3369423151016235, 1.4006845951080322, 1.5655370950698853, 1.380190134048462, 1.4920473098754883, 1.5221744775772095, 1.714489459991455], "val_accuracy": [0.9569000005722046, 0.9505000114440918, 0.9592000246047974, 0.9596999883651733, 0.9674000144004822, 0.9638000130653381, 0.9643999934196472, 0.9653000235557556, 0.9595000147819519, 0.9577999711036682, 0.968999981880188, 0.96670001745224, 0.9656999707221985, 0.9671000242233276, 0.9659000039100647, 0.9664999842643738, 0.9677000045776367, 0.9663000106811523, 0.967199981212616, 0.964900016784668, 0.9645000100135803, 0.9700000286102295, 0.9678999781608582, 0.9648000001907349, 0.9670000076293945, 0.965499997138977, 0.9617000222206116, 0.9686999917030334, 0.9675999879837036, 0.9702000021934509, 0.9620000123977661, 0.9681000113487244, 0.9677000045776367, 0.9639000296592712, 0.9648000001907349, 0.968500018119812, 0.9681000113487244, 0.9650999903678894, 0.9672999978065491, 0.9663000106811523, 0.9704999923706055, 0.9682000279426575, 0.9678999781608582, 0.9674999713897705, 0.9692000150680542, 0.9696000218391418, 0.9692000150680542, 0.9657999873161316, 0.9646000266075134, 0.9679999947547913]}