{"loss": [0.28739699721336365, 0.16798552870750427, 0.15368486940860748, 0.14967182278633118, 0.14539417624473572, 0.1408713012933731, 0.136443629860878, 0.1354091614484787, 0.13448560237884521, 0.12777495384216309, 0.1288076788187027, 0.11960828304290771, 0.12491774559020996, 0.12213335186243057, 0.11857905983924866, 0.12314858287572861, 0.11621784418821335, 0.1073087826371193, 0.11866798996925354, 0.11978385597467422, 0.11412057280540466, 0.11606507748365402, 0.1133723333477974, 0.11682264506816864, 0.12474394589662552, 0.10678224265575409, 0.11460600793361664, 0.11461930721998215, 0.11742962151765823, 0.11158984154462814, 0.1160818561911583, 0.10930438339710236, 0.11021292209625244, 0.11170941591262817, 0.11208649724721909, 0.10478811711072922, 0.119761161506176, 0.10795405507087708, 0.11055483669042587, 0.105168417096138, 0.1177249625325203, 0.12547218799591064, 0.1129305362701416, 0.11509197950363159, 0.10706263035535812, 0.1162170022726059, 0.12231708317995071, 0.10018850862979889, 0.09763898700475693, 0.0999678447842598, 0.10623982548713684, 0.11108122766017914, 0.10680818557739258, 0.10239196568727493, 0.09526229649782181, 0.09299074858427048, 0.09867862612009048, 0.11270486563444138, 0.10346024483442307, 0.10435530543327332, 0.11110276728868484, 0.10202503949403763, 0.10863842070102692, 0.10505326092243195, 0.11987493932247162, 0.10605958849191666, 0.1191241666674614, 0.12401573359966278, 0.11313340812921524, 0.11087352782487869, 0.11804033070802689, 0.1093715950846672, 0.11662479490041733, 0.08880896121263504, 0.09245412051677704, 0.10665290802717209, 0.11463182419538498, 0.1014309749007225, 0.09473394602537155, 0.12250780314207077, 0.1102462187409401, 0.09548560529947281, 0.10729090869426727, 0.10931877791881561, 0.09414421766996384, 0.11199206113815308, 0.1011539027094841, 0.10879015922546387, 0.12258472293615341, 0.0892878845334053, 0.11088692396879196, 0.09558015316724777, 0.11260596662759781, 0.09979485720396042, 0.09932240843772888, 0.10753334313631058, 0.1038203313946724, 0.10861937701702118, 0.10837806761264801, 0.1053164079785347], "accuracy": [0.9130200147628784, 0.9546599984169006, 0.9617599844932556, 0.9632400274276733, 0.9654800295829773, 0.9682199954986572, 0.9706599712371826, 0.971560001373291, 0.9713199734687805, 0.9747999906539917, 0.9749199748039246, 0.9766200184822083, 0.9763399958610535, 0.9765400290489197, 0.9779800176620483, 0.9785400032997131, 0.9796199798583984, 0.979960024356842, 0.9801599979400635, 0.9801599979400635, 0.9806600213050842, 0.9807800054550171, 0.9818400144577026, 0.9815800189971924, 0.98089998960495, 0.9822800159454346, 0.9819200038909912, 0.983519971370697, 0.9828199744224548, 0.9839400053024292, 0.9834200143814087, 0.983299970626831, 0.983240008354187, 0.984000027179718, 0.9834200143814087, 0.9850999712944031, 0.9854599833488464, 0.9848399758338928, 0.9858599901199341, 0.9850199818611145, 0.9853799939155579, 0.9842600226402283, 0.985759973526001, 0.9849200248718262, 0.9861999750137329, 0.9858400225639343, 0.9869199991226196, 0.9865000247955322, 0.9880800247192383, 0.9872400164604187, 0.987559974193573, 0.9886400103569031, 0.9880800247192383, 0.987779974937439, 0.9881600141525269, 0.989300012588501, 0.9880399703979492, 0.9884999990463257, 0.9884200096130371, 0.9880599975585938, 0.9885600209236145, 0.9886400103569031, 0.9879000186920166, 0.9890199899673462, 0.9888200163841248, 0.9892399907112122, 0.9879800081253052, 0.9886999726295471, 0.989799976348877, 0.9890199899673462, 0.9885600209236145, 0.990119993686676, 0.9883599877357483, 0.9908400177955627, 0.9901400208473206, 0.9900000095367432, 0.9885799884796143, 0.990119993686676, 0.9905400276184082, 0.9888200163841248, 0.9892399907112122, 0.9904999732971191, 0.9898200035095215, 0.9901400208473206, 0.9901400208473206, 0.990339994430542, 0.9908400177955627, 0.9901000261306763, 0.9900799989700317, 0.9922599792480469, 0.9908599853515625, 0.9911999702453613, 0.9908999800682068, 0.9908999800682068, 0.9909999966621399, 0.9905800223350525, 0.9916200041770935, 0.9905400276184082, 0.9920200109481812, 0.9908599853515625], "val_loss": [0.17858122289180756, 0.1821116954088211, 0.1699223816394806, 0.23414470255374908, 0.28045958280563354, 0.24994629621505737, 0.23038923740386963, 0.29611364006996155, 0.31265297532081604, 0.27238401770591736, 0.2847522497177124, 0.4193338453769684, 0.38238075375556946, 0.3744105100631714, 0.38271892070770264, 0.480863481760025, 0.40703755617141724, 0.47784876823425293, 0.4496971070766449, 0.4825637638568878, 0.4433882236480713, 0.44716009497642517, 0.5725478529930115, 0.519929826259613, 0.5305116176605225, 0.584610641002655, 0.6643123030662537, 0.7761377096176147, 0.687757670879364, 0.661151111125946, 0.6640462875366211, 0.6748976707458496, 0.7486990094184875, 0.6610279679298401, 0.7538909912109375, 0.8751797080039978, 0.8045160174369812, 0.7030811905860901, 0.931740939617157, 0.9485200047492981, 1.0106210708618164, 0.9086736440658569, 1.0043936967849731, 0.8822959065437317, 0.9163028597831726, 0.9570732712745667, 1.143319845199585, 1.0504587888717651, 0.9539629817008972, 1.1068750619888306, 0.9427071213722229, 1.0550671815872192, 1.0409752130508423, 1.08421790599823, 1.212217926979065, 1.2000077962875366, 1.3006395101547241, 1.346923589706421, 1.4019594192504883, 1.3079217672348022, 1.2920321226119995, 1.4734753370285034, 1.4237395524978638, 1.401910662651062, 1.3590688705444336, 1.5820715427398682, 1.581377387046814, 1.387510061264038, 1.4667729139328003, 1.3996460437774658, 1.587841510772705, 1.6315919160842896, 1.4374010562896729, 1.441283941268921, 1.6503902673721313, 1.7056223154067993, 1.6978086233139038, 1.8196954727172852, 1.934311866760254, 1.777013897895813, 1.7587132453918457, 1.5640034675598145, 1.693461537361145, 1.8837826251983643, 1.8547992706298828, 1.8267654180526733, 1.9991068840026855, 2.120990514755249, 2.242621660232544, 2.220658302307129, 2.419692039489746, 2.084190607070923, 2.5742006301879883, 2.2190630435943604, 2.423172950744629, 2.4375317096710205, 2.248352527618408, 2.2329397201538086, 2.6057169437408447, 2.4471311569213867],