{"loss": [0.40203022956848145, 0.18928062915802002, 0.14055587351322174, 0.112459696829319, 0.09451685845851898, 0.08126889914274216, 0.07153071463108063, 0.06279724091291428, 0.05646085366606712, 0.050007857382297516, 0.04487497732043266, 0.039456434547901154, 0.035426028072834015, 0.03182638809084892, 0.028514796867966652, 0.02591729909181595, 0.023040158674120903, 0.020416025072336197, 0.017548825591802597, 0.016021592542529106, 0.014704415574669838, 0.012547980062663555, 0.010949341580271721, 0.01006899680942297, 0.008499148301780224, 0.007820043712854385, 0.006387763656675816, 0.005933814682066441, 0.005595832131803036, 0.00452503701671958, 0.003953111823648214, 0.003613439854234457, 0.003285525133833289, 0.002650894457474351, 0.0025473847053945065, 0.0023708809167146683, 0.0021174587309360504, 0.001929212943650782, 0.0016719932900741696, 0.0013729709899052978, 0.0012965190690010786, 0.0011779649648815393, 0.0012529189698398113, 0.0012467881897464395, 0.0011078707175329328, 0.0009510327945463359, 0.0006371589843183756, 0.0006332070915959775, 0.0006743274861946702, 0.000353310169884935], "accuracy": [0.8883600234985352, 0.9440799951553345, 0.9571400284767151, 0.9655799865722656, 0.9717400074005127, 0.9761999845504761, 0.9789599776268005, 0.9808599948883057, 0.9829599857330322, 0.985260009765625, 0.9865800142288208, 0.9884399771690369, 0.989799976348877, 0.9904199838638306, 0.991320013999939, 0.9924799799919128, 0.9930800199508667, 0.9941400289535522, 0.9948400259017944, 0.9951000213623047, 0.9957000017166138, 0.9966199994087219, 0.9970999956130981, 0.9970399737358093, 0.9976000189781189, 0.9976400136947632, 0.9981399774551392, 0.9983599781990051, 0.9982799887657166, 0.9987800121307373, 0.9988800287246704, 0.9988600015640259, 0.9990400075912476, 0.9994000196456909, 0.9992600083351135, 0.9992600083351135, 0.9993600249290466, 0.9993799924850464, 0.9995399713516235, 0.9996399879455566, 0.9996600151062012, 0.9997000098228455, 0.9995800256729126, 0.9996600151062012, 0.9996799826622009, 0.9996799826622009, 0.9998400211334229, 0.9998199939727783, 0.9998000264167786, 0.9998199939727783], "val_loss": [0.22866325080394745, 0.17113447189331055, 0.13288599252700806, 0.14120648801326752, 0.12517352402210236, 0.11058977991342545, 0.10222799330949783, 0.10549721866846085, 0.10476760566234589, 0.11996850371360779, 0.10589498281478882, 0.11572248488664627, 0.11904411762952805, 0.12200715392827988, 0.122567318379879, 0.12494521588087082, 0.1326177418231964, 0.1279410570859909, 0.13831454515457153, 0.14690279960632324, 0.14939408004283905, 0.15205411612987518, 0.16140124201774597, 0.16625148057937622, 0.17254428565502167, 0.18083205819129944, 0.18558478355407715, 0.18882450461387634, 0.195439413189888, 0.21597981452941895, 0.20688855648040771, 0.2078702449798584, 0.20564033091068268, 0.21352580189704895, 0.21921801567077637, 0.23713849484920502, 0.23929579555988312, 0.24739889800548553, 0.26656806468963623, 0.2505105435848236, 0.259365051984787, 0.2760516405105591, 0.28176188468933105, 0.2763623893260956, 0.2917739748954773, 0.2892141342163086, 0.30599942803382874, 0.29179567098617554, 0.3220272958278656, 0.3169075548648834], "val_accuracy": [0.9290000200271606, 0.9491999745368958, 0.9610999822616577, 0.9599000215530396, 0.961899995803833, 0.9657999873161316, 0.9718999862670898, 0.970300018787384, 0.9708999991416931, 0.9681000113487244, 0.9728000164031982, 0.9710999727249146, 0.9732999801635742, 0.9721999764442444, 0.9724000096321106, 0.9722999930381775, 0.9732000231742859, 0.9743000268936157, 0.972000002861023, 0.9729999899864197, 0.972100019454956, 0.9729999899864197, 0.9728999733924866, 0.9718999862670898, 0.9714999794960022, 0.9746000170707703, 0.9728000164031982, 0.9735999703407288, 0.9725000262260437, 0.97079998254776, 0.9735000133514404, 0.9732999801635742, 0.9732999801635742, 0.9732999801635742, 0.9746000170707703, 0.9736999869346619, 0.9718999862670898, 0.9732999801635742, 0.9706000089645386, 0.9713000059127808, 0.972000002861023, 0.9718999862670898, 0.9728000164031982, 0.9728999733924866, 0.9713000059127808, 0.9717000126838684, 0.9708999991416931, 0.9722999930381775, 0.9704999923706055, 0.972599983215332]}