{"loss": [0.5003651976585388, 0.35445457696914673, 0.371381551027298, 0.37135374546051025, 0.36904972791671753, 0.35617703199386597, 0.3541097342967987, 0.3786817193031311, 0.36278772354125977, 0.3716612756252289, 0.38132214546203613, 0.35911527276039124, 0.39132168889045715, 0.393100768327713, 0.4034947156906128, 0.42863133549690247, 0.387861967086792, 0.3934301435947418, 0.40155354142189026, 0.41292616724967957, 0.46137285232543945, 0.4774050712585449, 0.5402990579605103, 0.5477063059806824, 0.6326451897621155, 0.7096607089042664, 0.6981738805770874, 0.7434782981872559, 0.8464791178703308, 0.8076534271240234, 0.8622373938560486, 0.9141737222671509, 0.9446559548377991, 0.9687937498092651, 1.0673273801803589, 1.012209415435791, 1.016941785812378, 1.0645182132720947, 1.1076924800872803, 1.2513370513916016, 1.1562477350234985, 1.2990260124206543, 1.1862777471542358, 1.2473729848861694, 1.2126648426055908, 1.6121352910995483, 1.2913906574249268, 1.3931089639663696, 1.4416319131851196, 1.3901795148849487, 1.4448161125183105, 1.482534646987915, 1.4419578313827515, 1.5592012405395508, 1.4772306680679321, 1.683016300201416, 1.840537190437317, 1.4980716705322266, 1.8564454317092896, 1.4997419118881226, 1.50002121925354, 1.525669813156128, 1.696699857711792, 1.61726713180542, 1.674109697341919, 1.5044912099838257, 1.5217962265014648, 1.4959646463394165, 1.6578147411346436, 1.828176736831665, 1.8368974924087524, 1.705091118812561, 1.645370364189148, 1.7924379110336304, 1.5898429155349731, 1.6281801462173462, 1.9440912008285522, 1.5157246589660645, 1.7535996437072754, 1.7058837413787842, 1.5842905044555664, 1.5929112434387207, 1.6004443168640137, 1.7794451713562012, 1.4661970138549805, 1.8098562955856323, 1.5138943195343018, 1.5580060482025146, 1.6310310363769531, 1.5660427808761597, 1.7318702936172485, 1.806085467338562, 1.8699100017547607, 1.5169203281402588, 1.527647614479065, 1.7560752630233765, 1.6676687002182007, 1.7819530963897705, 1.7816928625106812, 1.9121534824371338], "accuracy": [0.8724600076675415, 0.9208199977874756, 0.9256600141525269, 0.928659975528717, 0.9318199753761292, 0.9344800114631653, 0.9362800121307373, 0.9361000061035156, 0.935920000076294, 0.9380800127983093, 0.9378200173377991, 0.9383599758148193, 0.9357799887657166, 0.9362599849700928, 0.9368399977684021, 0.9335600137710571, 0.9380199909210205, 0.9373800158500671, 0.9348800182342529, 0.9337599873542786, 0.9317799806594849, 0.9251199960708618, 0.916379988193512, 0.9042400121688843, 0.9006199836730957, 0.8851199746131897, 0.8818399906158447, 0.8740000128746033, 0.8677999973297119, 0.8588399887084961, 0.8369600176811218, 0.8365799784660339, 0.8353999853134155, 0.8346199989318848, 0.812279999256134, 0.811959981918335, 0.8040000200271606, 0.8060399889945984, 0.7950800061225891, 0.7888000011444092, 0.7763800024986267, 0.7932199835777283, 0.789900004863739, 0.7636399865150452, 0.7638599872589111, 0.7409999966621399, 0.7284600138664246, 0.7039600014686584, 0.6993399858474731, 0.7093799710273743, 0.7115200161933899, 0.6787400245666504, 0.692799985408783, 0.6763799786567688, 0.6733199954032898, 0.6662799715995789, 0.6742200255393982, 0.6777999997138977, 0.6586999893188477, 0.6702600121498108, 0.6476600170135498, 0.6874200105667114, 0.6759200096130371, 0.6630200147628784, 0.6694200038909912, 0.634119987487793, 0.6617799997329712, 0.6477199792861938, 0.645799994468689, 0.6272600293159485, 0.6556800007820129, 0.6683599948883057, 0.6531199812889099, 0.6307799816131592, 0.6195799708366394, 0.6509600281715393, 0.6386399865150452, 0.6379200220108032, 0.6506999731063843, 0.6648399829864502, 0.6548600196838379, 0.640500009059906, 0.6379600167274475, 0.6344000101089478, 0.6409800052642822, 0.6284199953079224, 0.6104000210762024, 0.6287999749183655, 0.6454600095748901, 0.6375600099563599, 0.6146399974822998, 0.6363400220870972, 0.6517800092697144, 0.648639976978302, 0.626039981842041, 0.6240400075912476, 0.6222800016403198, 0.6022999882698059, 0.6236000061035156, 0.6163399815559387], "val_loss": [0.31782785058021545, 0.7303587198257446, 0.33567091822624207, 0.39076584577560425, 0.4803261160850525, 0.37998726963996887, 0.5564260482788086, 0.5611943602561951, 0.5149121284484863, 0.500037670135498, 0.6222751140594482, 0.7115725874900818, 0.8410811424255371, 0.9057888388633728, 1.1729333400726318, 0.70866858959198, 0.825993537902832, 0.9689831733703613, 0.8478133082389832, 1.2308881282806396, 0.9955386519432068, 1.1357461214065552, 0.7388628721237183, 1.0755105018615723, 1.0796093940734863, 1.3316054344177246, 1.2303458452224731, 1.3735558986663818, 1.490851879119873, 1.8198217153549194, 2.396365165710449, 2.0161333084106445, 2.1286208629608154, 1.623138666152954, 4.073101997375488, 1.8053017854690552, 3.9679183959960938, 3.00264573097229, 2.513113021850586, 2.28530216217041, 2.135880947113037, 3.778813600540161, 3.7550628185272217, 3.630814552307129, 4.358809947967529, 3.085247755050659, 3.1129343509674072, 2.731025457382202, 3.7188026905059814, 4.526463031768799, 4.425601959228516, 3.4909772872924805, 2.721169948577881, 2.804495334625244, 3.370572566986084, 3.492173433303833, 7.4337310791015625, 4.5761213302612305, 5.409877777099609, 5.408720016479492, 4.567195415496826, 10.53116512298584, 4.716475963592529, 5.483227729797363, 4.205818176269531, 5.842034339904785, 4.852427959442139, 5.738696098327637, 8.741744041442871, 5.271881580352783, 6.371327877044678, 9.056177139282227, 8.220837593078613, 8.563214302062988, 5.430279731750488, 5.518884181976318, 5.616920471191406, 7.341355323791504, 8.027816772460938, 7.929629802703857, 6.320960998535156, 15.448129653930664, 5.984181880950928, 6.914699077606201, 11.195096015930176, 6.530850887298584, 5.451455593109131, 10.95883560180664, 8.04924201965332, 9.137519836425781, 30.84280014038086, 7.619831085205078, 9.676691055297852, 8.089742660522461, 9.004806518554688, 9.736154556274414, 7.516732692718506, 10.499929428100586, 10.834946632385254, 8.447555541992188], "val_accuracy": [0.9277999997138977, 0.8912000060081482, 0.9332000017166138, 0.9372000098228455, 0.934499979019165, 0.9423999786376953, 0.9320999979972839, 0.9316999912261963, 0.9397000074386597, 0.9319999814033508, 0.9307000041007996, 0.9401000142097473, 0.929099977016449, 0.9341999888420105, 0.9289000034332275, 0.9322999715805054, 0.9229000210762024, 0.930899977684021, 0.923799991607666, 0.9369999766349792, 0.925599992275238, 0.9052000045776367, 0.9036999940872192, 0.9117000102996826, 0.8919000029563904, 0.8898000121116638, 0.8826000094413757, 0.8761000037193298, 0.8375999927520752, 0.8464000225067139, 0.8300999999046326, 0.7975000143051147, 0.8551999926567078, 0.7937999963760376, 0.8655999898910522, 0.7993000149726868, 0.8586999773979187, 0.8363000154495239, 0.7369999885559082, 0.7857000231742859, 0.7591999769210815, 0.8162000179290771, 0.8029000163078308, 0.7663999795913696, 0.7754999995231628, 0.6863999962806702, 0.6607999801635742, 0.6833000183105469, 0.722100019454956, 0.7504000067710876, 0.7224000096321106, 0.6802999973297119, 0.6269000172615051, 0.6342999935150146, 0.6172000169754028, 0.6484000086784363, 0.7646999955177307, 0.6373999714851379, 0.718999981880188, 0.7318999767303467, 0.6815999746322632, 0.6675999760627747, 0.675599992275238, 0.6728000044822693, 0.6358000040054321, 0.675599992275238, 0.6672000288963318, 0.5593000054359436, 0.6823999881744385, 0.6233000159263611, 0.6468999981880188, 0.7218999862670898, 0.6705999970436096, 0.6891000270843506, 0.6086000204086304, 0.5961999893188477, 0.5964000225067139, 0.6807000041007996, 0.6707000136375427, 0.6582000255584717, 0.6499000191688538, 0.6924999952316284, 0.5856000185012817, 0.6165000200271606, 0.7196999788284302, 0.6284000277519226, 0.6078000068664551, 0.6858999729156494, 0.6657999753952026, 0.6620000004768372, 0.6956999897956848, 0.6452000141143799, 0.661300003528595, 0.6572999954223633, 0.671999990940094, 0.7107999920845032, 0.5810999870300293, 0.675599992275238, 0.6434999704360962, 0.6718000173568726]}