{"loss": [0.2831524908542633, 0.12829065322875977, 0.09487761557102203, 0.07741868495941162, 0.06224930286407471, 0.05624349042773247, 0.04815657064318657, 0.04314957186579704, 0.03546750172972679, 0.034258563071489334, 0.029100993648171425, 0.025924209505319595, 0.0230887271463871, 0.02085123583674431, 0.017984706908464432, 0.018814057111740112, 0.016068341210484505, 0.014686827547848225, 0.014158997684717178, 0.013444383628666401, 0.011845492757856846, 0.013434158638119698, 0.009942900389432907, 0.011022871360182762, 0.01128341443836689, 0.010734177194535732, 0.009997854009270668, 0.009543302468955517, 0.00891612097620964, 0.009812455624341965, 0.008284171111881733, 0.009355150163173676, 0.007536760065704584, 0.006806747987866402, 0.006416505668312311, 0.006424365099519491, 0.008424335159361362, 0.007271557115018368, 0.006149983033537865, 0.006009906996041536, 0.006267772987484932, 0.004675846081227064, 0.006957212928682566, 0.0062147993594408035, 0.004665927030146122, 0.005996255669742823, 0.006174483802169561, 0.005397775210440159, 0.006409336347132921, 0.005235093180090189], "accuracy": [0.9132400155067444, 0.960640013217926, 0.9704800248146057, 0.9763000011444092, 0.9801999926567078, 0.9827799797058105, 0.9850999712944031, 0.9875800013542175, 0.9889000058174133, 0.9897199869155884, 0.9915199875831604, 0.9920600056648254, 0.9928799867630005, 0.993939995765686, 0.9945999979972839, 0.9943400025367737, 0.9952800273895264, 0.9955199956893921, 0.9957000017166138, 0.9960200190544128, 0.9965000152587891, 0.9961199760437012, 0.9969599843025208, 0.9967799782752991, 0.9963799715042114, 0.9966800212860107, 0.9971799850463867, 0.9971799850463867, 0.9975799918174744, 0.9976000189781189, 0.9980999827384949, 0.9976000189781189, 0.9981200098991394, 0.9982600212097168, 0.9983999729156494, 0.9983800053596497, 0.9980800151824951, 0.9983999729156494, 0.998420000076294, 0.9984400272369385, 0.9984400272369385, 0.998740017414093, 0.9982600212097168, 0.9986799955368042, 0.9987999796867371, 0.9985600113868713, 0.9986400008201599, 0.9987800121307373, 0.998520016670227, 0.998740017414093], "val_loss": [0.1757946014404297, 0.1411873996257782, 0.11499717831611633, 0.1122179925441742, 0.11759371310472488, 0.1363803595304489, 0.12941326200962067, 0.1335257738828659, 0.14679858088493347, 0.13364683091640472, 0.16665436327457428, 0.15128445625305176, 0.17790360748767853, 0.17775042355060577, 0.18801337480545044, 0.21858364343643188, 0.21678665280342102, 0.230157271027565, 0.22463075816631317, 0.22585730254650116, 0.235052227973938, 0.23804470896720886, 0.2829623222351074, 0.2700948119163513, 0.2981136441230774, 0.3117732107639313, 0.31302475929260254, 0.31792518496513367, 0.3201546370983124, 0.3040105998516083, 0.3555339276790619, 0.3567327558994293, 0.3752281367778778, 0.36608827114105225, 0.3749813735485077, 0.37614384293556213, 0.38757243752479553, 0.3619195818901062, 0.39816075563430786, 0.3771248161792755, 0.4011596739292145, 0.4250583350658417, 0.4067486524581909, 0.49542608857154846, 0.4569505751132965, 0.465057909488678, 0.4388148784637451, 0.486711323261261, 0.4464702606201172, 0.44108983874320984], "val_accuracy": [0.944100022315979, 0.9577000141143799, 0.968999981880188, 0.9710999727249146, 0.9710999727249146, 0.9678000211715698, 0.9715999960899353, 0.9710000157356262, 0.9732999801635742, 0.9739000201225281, 0.9685999751091003, 0.9739000201225281, 0.9725000262260437, 0.9731000065803528, 0.9742000102996826, 0.9718999862670898, 0.9735999703407288, 0.9718000292778015, 0.972599983215332, 0.9728999733924866, 0.9731000065803528, 0.972599983215332, 0.9742000102996826, 0.9736999869346619, 0.9732000231742859, 0.9707000255584717, 0.9745000004768372, 0.973800003528595, 0.973800003528595, 0.973800003528595, 0.9729999899864197, 0.9732999801635742, 0.9736999869346619, 0.973800003528595, 0.973800003528595, 0.9750000238418579, 0.9731000065803528, 0.9750000238418579, 0.9732000231742859, 0.9739999771118164, 0.9745000004768372, 0.9726999998092651, 0.9749000072479248, 0.97079998254776, 0.9733999967575073, 0.9728000164031982, 0.9722999930381775, 0.9728999733924866, 0.9747999906539917, 0.9747999906539917]}