{"loss": [0.9866713881492615, 0.3771768808364868, 0.3115687072277069, 0.27769795060157776, 0.2537163496017456, 0.23433765769004822, 0.2180616557598114, 0.20351986587047577, 0.19120898842811584, 0.17948313057422638, 0.1692930907011032, 0.15959510207176208, 0.15118297934532166, 0.14352180063724518, 0.1366247534751892, 0.13034281134605408, 0.12440832704305649, 0.1188027560710907, 0.1141287237405777, 0.10871552675962448, 0.10433774441480637, 0.10000177472829819, 0.09631086140871048, 0.09250446408987045, 0.08875413239002228, 0.08558019250631332, 0.08225281536579132, 0.07931849360466003, 0.07636634260416031, 0.0736764669418335, 0.0708824098110199, 0.0684317946434021, 0.06606637686491013, 0.06364119797945023, 0.06125931814312935, 0.059577442705631256, 0.05715923383831978, 0.05558120086789131, 0.05367093160748482, 0.05184037983417511, 0.05010498687624931, 0.04832024872303009, 0.04696672782301903, 0.0452825091779232, 0.04370458424091339, 0.04228369519114494, 0.040827807039022446, 0.03960219398140907, 0.03823809698224068, 0.03715422749519348, 0.0361020565032959, 0.03450874239206314, 0.033634841442108154, 0.032442908734083176, 0.03159740939736366, 0.030459774658083916, 0.02963477373123169, 0.02839009091258049, 0.027568839490413666, 0.026918860152363777, 0.02597520314157009, 0.024991290643811226, 0.02437015436589718, 0.023566003888845444, 0.02269788272678852, 0.022067291662096977, 0.021290455013513565, 0.020624203607439995, 0.019970450550317764, 0.019275972619652748, 0.018708785995841026, 0.018228724598884583, 0.017463112249970436, 0.01698657125234604, 0.016545619815587997, 0.016024796292185783, 0.015622556209564209, 0.014959584921598434, 0.014550224877893925, 0.01409844495356083, 0.0137343630194664, 0.013202517293393612, 0.012845931574702263, 0.012443789280951023, 0.012005719356238842, 0.011755695566534996, 0.011370489373803139, 0.010995952412486076, 0.010668713599443436, 0.010370836593210697, 0.010142994113266468, 0.009772240184247494, 0.009519972838461399, 0.009316658601164818, 0.009053727611899376, 0.008787360973656178, 0.008481042459607124, 0.008344079367816448, 0.00810156762599945, 0.00789252482354641], "accuracy": [0.7504000067710876, 0.8942999839782715, 0.9105200171470642, 0.920199990272522, 0.9264199733734131, 0.9317799806594849, 0.9365400075912476, 0.9398999810218811, 0.9440199732780457, 0.9470400214195251, 0.9502400159835815, 0.9531800150871277, 0.9555000066757202, 0.9584400057792664, 0.9603999853134155, 0.9623399972915649, 0.9635400176048279, 0.9653599858283997, 0.965939998626709, 0.9685400128364563, 0.9693199992179871, 0.9704399704933167, 0.9717199802398682, 0.9726799726486206, 0.9736400246620178, 0.9749199748039246, 0.9757199883460999, 0.9764999747276306, 0.9774199724197388, 0.9784799814224243, 0.9796599745750427, 0.980180025100708, 0.9810799956321716, 0.9817399978637695, 0.9829599857330322, 0.9829800128936768, 0.9843400120735168, 0.984279990196228, 0.9848200082778931, 0.9858800172805786, 0.9859799742698669, 0.9874399900436401, 0.9874799847602844, 0.9876599907875061, 0.9883800148963928, 0.9890000224113464, 0.9895399808883667, 0.9902200102806091, 0.9900400042533875, 0.9911199808120728, 0.991100013256073, 0.9920399785041809, 0.9916999936103821, 0.9920399785041809, 0.9927999973297119, 0.9928200244903564, 0.993399977684021, 0.9936599731445312, 0.9937199950218201, 0.9942200183868408, 0.9944999814033508, 0.9951000213623047, 0.994979977607727, 0.9951599836349487, 0.995639979839325, 0.9955999851226807, 0.995959997177124, 0.9963399767875671, 0.9965800046920776, 0.9966199994087219, 0.996720016002655, 0.996720016002655, 0.9970999956130981, 0.9972000122070312, 0.9974200129508972, 0.9975799918174744, 0.9976400136947632, 0.9977800250053406, 0.9978399872779846, 0.9980999827384949, 0.9980599880218506, 0.9983199834823608, 0.9982600212097168, 0.9982600212097168, 0.998520016670227, 0.9987199902534485, 0.9986000061035156, 0.9987000226974487, 0.9989200234413147, 0.9988999962806702, 0.9991199970245361, 0.9991999864578247, 0.9992200136184692, 0.999180018901825, 0.9993000030517578, 0.9993199706077576, 0.9994000196456909, 0.9994800090789795, 0.9994000196456909, 0.999459981918335], "val_loss": [0.4113576114177704, 0.3242063820362091, 0.27838757634162903, 0.24960966408252716, 0.24099937081336975, 0.21955233812332153, 0.21133007109165192, 0.20094384253025055, 0.18529196083545685, 0.18217748403549194, 0.17244137823581696, 0.1641332358121872, 0.16253280639648438, 0.15579909086227417, 0.15215414762496948, 0.14759020507335663, 0.1426309496164322, 0.1449062079191208, 0.1354905366897583, 0.13543744385242462, 0.1290782392024994, 0.13121303915977478, 0.1294519603252411, 0.12276535481214523, 0.12170115858316422, 0.11857230216264725, 0.11709694564342499, 0.11610777676105499, 0.11478550732135773, 0.11334837973117828, 0.1114296168088913, 0.11157643049955368, 0.11093678325414658, 0.11179035902023315, 0.10924573987722397, 0.1086968407034874, 0.11506161093711853, 0.10682818293571472, 0.10574690997600555, 0.10975981503725052, 0.10349373519420624, 0.1069483533501625, 0.10326696932315826, 0.10290592163801193, 0.10425764322280884, 0.10424190759658813, 0.10365522652864456, 0.10422774404287338, 0.1029181256890297, 0.10831823945045471, 0.1035272553563118, 0.10350313782691956, 0.10120737552642822, 0.10227447748184204, 0.1018081083893776, 0.10466252267360687, 0.110100157558918, 0.10325799882411957, 0.10282175242900848, 0.1029694601893425, 0.10340864211320877, 0.10520967096090317, 0.10367485135793686, 0.10353972017765045, 0.10552401095628738, 0.10431485623121262, 0.10624285787343979, 0.10576562583446503, 0.10572168231010437, 0.10584665834903717, 0.1061568483710289, 0.1065058708190918, 0.10692468285560608, 0.10718892514705658, 0.10692267119884491, 0.10862122476100922, 0.10787652432918549, 0.10838013887405396, 0.10987098515033722, 0.10838792473077774, 0.1097160130739212, 0.10927164554595947, 0.11047259718179703, 0.11087273806333542, 0.11153626441955566, 0.11157922446727753, 0.11271394044160843, 0.11160806566476822, 0.11382244527339935, 0.11302254348993301, 0.11307395994663239, 0.11494023352861404, 0.11547251045703888, 0.11393776535987854, 0.11570363491773605, 0.1166907474398613, 0.11595551669597626, 0.11674802005290985, 0.11675868183374405, 0.11701076477766037],