{"loss": [2.2355594635009766, 1.9661365747451782, 1.5187115669250488, 1.0928316116333008, 0.8226792216300964, 0.6722189784049988, 0.5824360847473145, 0.5233445167541504, 0.4817577600479126, 0.4508715271949768, 0.4269939959049225, 0.4080334007740021, 0.39264968037605286, 0.3797755837440491, 0.36885717511177063, 0.3592354953289032, 0.35092654824256897, 0.34342342615127563, 0.33664602041244507, 0.3304499089717865, 0.3249414563179016, 0.31954503059387207, 0.3147493004798889, 0.3100886642932892, 0.30588987469673157, 0.3017038106918335, 0.29784688353538513, 0.2941299080848694, 0.29060637950897217, 0.2872426211833954, 0.28401419520378113, 0.2808295786380768, 0.2778133153915405, 0.27499455213546753, 0.27206459641456604, 0.2694759666919708, 0.2666485011577606, 0.26414135098457336, 0.26167333126068115, 0.2591885030269623, 0.2568391263484955, 0.2544217109680176, 0.25210949778556824, 0.24985066056251526, 0.247478649020195, 0.2454099804162979, 0.24321942031383514, 0.24105988442897797, 0.23901042342185974, 0.23703797161579132], "accuracy": [0.23148000240325928, 0.5273600220680237, 0.6840199828147888, 0.7791799902915955, 0.8133999705314636, 0.8340200185775757, 0.8491799831390381, 0.8603799939155579, 0.8694999814033508, 0.8761399984359741, 0.8821399807929993, 0.8862000107765198, 0.8895000219345093, 0.892520010471344, 0.8947399854660034, 0.8966599702835083, 0.8991400003433228, 0.9008399844169617, 0.9021599888801575, 0.9049400091171265, 0.906000018119812, 0.9072800278663635, 0.9092199802398682, 0.9107000231742859, 0.911620020866394, 0.9121000170707703, 0.9140200018882751, 0.9149600267410278, 0.9160000085830688, 0.9171599745750427, 0.91839998960495, 0.9190999865531921, 0.9197800159454346, 0.9207000136375427, 0.9214400053024292, 0.9223399758338928, 0.9233800172805786, 0.9238399863243103, 0.9245399832725525, 0.9252399802207947, 0.9260799884796143, 0.9264400005340576, 0.9272800087928772, 0.9276000261306763, 0.9286400079727173, 0.9292799830436707, 0.9298800230026245, 0.9302800297737122, 0.9311000108718872, 0.9316200017929077], "val_loss": [2.129399299621582, 1.7415465116500854, 1.2489389181137085, 0.8882442116737366, 0.6874801516532898, 0.5750812292098999, 0.5066567659378052, 0.46012964844703674, 0.4274298846721649, 0.4026532769203186, 0.3841044306755066, 0.36891746520996094, 0.35742315649986267, 0.3476983606815338, 0.3380642235279083, 0.33078956604003906, 0.3245321810245514, 0.31797122955322266, 0.31266525387763977, 0.30798372626304626, 0.3032843768596649, 0.29942944645881653, 0.2950507402420044, 0.29187560081481934, 0.2879266142845154, 0.2849559485912323, 0.28246262669563293, 0.27908506989479065, 0.27607083320617676, 0.27400636672973633, 0.27110204100608826, 0.2691979706287384, 0.2665967345237732, 0.2644074261188507, 0.26152682304382324, 0.25881361961364746, 0.2575080692768097, 0.25511109828948975, 0.2534324824810028, 0.2506829500198364, 0.24901628494262695, 0.24751044809818268, 0.2455899715423584, 0.24334032833576202, 0.24134647846221924, 0.2399315983057022, 0.23856814205646515, 0.23656198382377625, 0.23455673456192017, 0.23292957246303558], "val_accuracy": [0.4169999957084656, 0.6337000131607056, 0.7664999961853027, 0.8240000009536743, 0.8460999727249146, 0.8579999804496765, 0.8691999912261963, 0.8784000277519226, 0.8838000297546387, 0.8899000287055969, 0.8942000269889832, 0.8974999785423279, 0.8996000289916992, 0.902400016784668, 0.9049999713897705, 0.9063000082969666, 0.9075000286102295, 0.9093000292778015, 0.9118000268936157, 0.9125000238418579, 0.9146999716758728, 0.9154000282287598, 0.9169999957084656, 0.9176999926567078, 0.9193000197410583, 0.9211999773979187, 0.9214000105857849, 0.9218999743461609, 0.9223999977111816, 0.9236999750137329, 0.9243000149726868, 0.9253000020980835, 0.9243000149726868, 0.9253000020980835, 0.926800012588501, 0.9273999929428101, 0.9280999898910522, 0.9282000064849854, 0.9290000200271606, 0.9298999905586243, 0.9301000237464905, 0.9302999973297119, 0.9301000237464905, 0.9311000108718872, 0.932699978351593, 0.9327999949455261, 0.9330000281333923, 0.9333000183105469, 0.934499979019165, 0.9350000023841858]}