{"loss": [2.2852797508239746, 2.2331230640411377, 2.1780037879943848, 2.1061620712280273, 2.0105373859405518, 1.8908336162567139, 1.749005913734436, 1.5903199911117554, 1.4250131845474243, 1.265683650970459, 1.122657060623169, 1.0012731552124023, 0.9020163416862488, 0.8221340775489807, 0.7578304409980774, 0.7056372165679932, 0.662778377532959, 0.6270606517791748, 0.5968739986419678, 0.5710896849632263, 0.5487799048423767, 0.5293615460395813, 0.51224285364151, 0.49704089760780334, 0.48345768451690674, 0.47124722599983215, 0.4601999521255493, 0.4502248466014862, 0.4410889744758606, 0.43272069096565247, 0.42503446340560913, 0.417881041765213, 0.41130125522613525, 0.4050855338573456, 0.39936816692352295, 0.39404669404029846, 0.38899341225624084, 0.3842009902000427, 0.37970495223999023, 0.37549668550491333, 0.3714403510093689, 0.3675597906112671, 0.36397668719291687, 0.3604503273963928, 0.3571385145187378, 0.35392194986343384, 0.3508196473121643, 0.3478943109512329, 0.34504422545433044, 0.3422997295856476], "accuracy": [0.1539199948310852, 0.24289999902248383, 0.3356199860572815, 0.4313200116157532, 0.5198799967765808, 0.5796599984169006, 0.625220000743866, 0.67194002866745, 0.7157999873161316, 0.7516400218009949, 0.7802199721336365, 0.7992200255393982, 0.8113600015640259, 0.8206400275230408, 0.8283399939537048, 0.8345800042152405, 0.8401200175285339, 0.8456400036811829, 0.8513799905776978, 0.8547800183296204, 0.8580600023269653, 0.8618800044059753, 0.8650799989700317, 0.8674799799919128, 0.8701800107955933, 0.8727200031280518, 0.8745200037956238, 0.8762999773025513, 0.8787000179290771, 0.8804000020027161, 0.8826799988746643, 0.8839200139045715, 0.8849999904632568, 0.8860999941825867, 0.8879799842834473, 0.8889399766921997, 0.8904600143432617, 0.8913000226020813, 0.8921800255775452, 0.8927800059318542, 0.89410001039505, 0.8949999809265137, 0.8958200216293335, 0.8964400291442871, 0.8979200124740601, 0.898580014705658, 0.8993399739265442, 0.9000200033187866, 0.9009400010108948, 0.9010999798774719], "val_loss": [2.253977060317993, 2.2020697593688965, 2.138519525527954, 2.052302837371826, 1.9409188032150269, 1.8057421445846558, 1.6499377489089966, 1.481747031211853, 1.3136742115020752, 1.1581631898880005, 1.0230085849761963, 0.9115097522735596, 0.8216009736061096, 0.7488918900489807, 0.6909669041633606, 0.6436812877655029, 0.6048359274864197, 0.5721645355224609, 0.5451723337173462, 0.5213404297828674, 0.5009502172470093, 0.48327603936195374, 0.4677155315876007, 0.4537848234176636, 0.4416975975036621, 0.43056973814964294, 0.4206099212169647, 0.4117169976234436, 0.4036659300327301, 0.39601898193359375, 0.38915306329727173, 0.382626473903656, 0.37679728865623474, 0.3715045750141144, 0.3662407696247101, 0.36128875613212585, 0.35709449648857117, 0.35273587703704834, 0.34860900044441223, 0.3450016379356384, 0.3412434458732605, 0.3380078673362732, 0.3348073959350586, 0.3317212760448456, 0.328660786151886, 0.32592159509658813, 0.3234216272830963, 0.3209046423435211, 0.31864288449287415, 0.3158467411994934], "val_accuracy": [0.211899995803833, 0.30169999599456787, 0.4043999910354614, 0.5020999908447266, 0.5770999789237976, 0.6259999871253967, 0.6754999756813049, 0.715499997138977, 0.7576000094413757, 0.7910000085830688, 0.8120999932289124, 0.8260999917984009, 0.8378999829292297, 0.8461999893188477, 0.8519999980926514, 0.8583999872207642, 0.8641999959945679, 0.8687999844551086, 0.8712999820709229, 0.8744000196456909, 0.8770999908447266, 0.8788999915122986, 0.8806999921798706, 0.8834999799728394, 0.8848000168800354, 0.8873000144958496, 0.8892999887466431, 0.8899000287055969, 0.8916000127792358, 0.8935999870300293, 0.8948000073432922, 0.895799994468689, 0.8964999914169312, 0.8974000215530396, 0.8977000117301941, 0.8996999859809875, 0.901199996471405, 0.9021000266075134, 0.9031999707221985, 0.90420001745224, 0.9049999713897705, 0.906000018119812, 0.9064000248908997, 0.9068999886512756, 0.907800018787384, 0.9088000059127808, 0.9083999991416931, 0.9092000126838684, 0.9092000126838684, 0.9100000262260437]}