{"loss": [2.288374900817871, 2.2443642616271973, 2.19179105758667, 2.126046657562256, 2.043299913406372, 1.9387786388397217, 1.8095391988754272, 1.6583315134048462, 1.4944956302642822, 1.3315609693527222, 1.1822783946990967, 1.0540062189102173, 0.9481292963027954, 0.8623268604278564, 0.7930989861488342, 0.7370593547821045, 0.6912113428115845, 0.6531561017036438, 0.6212071776390076, 0.5938978791236877, 0.5703955292701721, 0.5498312711715698, 0.5317115187644958, 0.5155783295631409, 0.5011310577392578, 0.4881100654602051, 0.4763592481613159, 0.46557167172431946, 0.45581912994384766, 0.44682079553604126, 0.4385191798210144, 0.4308669865131378, 0.42380890250205994, 0.4171692430973053, 0.411062628030777, 0.40530386567115784, 0.3999269902706146, 0.39489448070526123, 0.39017409086227417, 0.3856929540634155, 0.38150641322135925, 0.37748000025749207, 0.3736859858036041, 0.370067298412323, 0.3666163980960846, 0.3633035123348236, 0.36017870903015137, 0.3571147918701172, 0.35423699021339417, 0.35142046213150024, 0.34871503710746765, 0.3461361229419708, 0.3436051905155182, 0.3412020802497864, 0.3388035297393799, 0.336561381816864, 0.33438000082969666, 0.332210898399353, 0.3301355540752411, 0.3281313180923462, 0.32608211040496826, 0.32418346405029297, 0.322384774684906, 0.3205033838748932, 0.3187496066093445, 0.316945880651474, 0.31525224447250366, 0.31361210346221924, 0.3119390606880188, 0.31036677956581116, 0.30875658988952637, 0.3071703016757965, 0.30568727850914, 0.3042023181915283, 0.3027494251728058, 0.3013055622577667, 0.2999078631401062, 0.29846861958503723, 0.29708316922187805, 0.2957160174846649, 0.29439544677734375, 0.2931104004383087, 0.29181191325187683, 0.29052820801734924, 0.28926852345466614, 0.28800877928733826, 0.28679779171943665, 0.285591185092926, 0.28436771035194397, 0.28318342566490173, 0.2819991111755371, 0.2808472216129303, 0.27969440817832947, 0.27855032682418823, 0.2774531841278076, 0.2763339877128601, 0.2752509117126465, 0.2741744816303253, 0.2730427086353302, 0.27201926708221436], "accuracy": [0.14827999472618103, 0.2304999977350235, 0.33296000957489014, 0.4382399916648865, 0.5110999941825867, 0.5646799802780151, 0.6085600256919861, 0.6549599766731262, 0.6912999749183655, 0.7259600162506104, 0.7534599900245667, 0.7729200124740601, 0.788640022277832, 0.8014199733734131, 0.8109999895095825, 0.8202199935913086, 0.8268799781799316, 0.8331999778747559, 0.838379979133606, 0.843280017375946, 0.8475800156593323, 0.8515999913215637, 0.8557000160217285, 0.8593599796295166, 0.863099992275238, 0.8656799793243408, 0.8686400055885315, 0.8705000281333923, 0.8730999827384949, 0.8756800293922424, 0.8774799704551697, 0.8791199922561646, 0.8807799816131592, 0.8822799921035767, 0.8839799761772156, 0.8857200145721436, 0.8872799873352051, 0.8884000182151794, 0.8895000219345093, 0.891040027141571, 0.8918600082397461, 0.8930400013923645, 0.8938599824905396, 0.8949400186538696, 0.8957800269126892, 0.8967599868774414, 0.8975800275802612, 0.898580014705658, 0.8993399739265442, 0.9002199769020081, 0.9011600017547607, 0.9019200205802917, 0.9022600054740906, 0.9033799767494202, 0.9035800099372864, 0.9039400219917297, 0.9046599864959717, 0.9051399827003479, 0.9059799909591675, 0.9063199758529663, 0.9070799946784973, 0.9070000052452087, 0.9078199863433838, 0.9078599810600281, 0.9085400104522705, 0.9091799855232239, 0.9094799757003784, 0.9097599983215332, 0.910539984703064, 0.9107999801635742, 0.9115200042724609, 0.9118000268936157, 0.9122200012207031, 0.9127600193023682, 0.9128400087356567, 0.9134600162506104, 0.9135800004005432, 0.9141600131988525, 0.9145799875259399, 0.9151999950408936, 0.9153199791908264, 0.91566002368927, 0.9160199761390686, 0.9164800047874451, 0.9165999889373779, 0.9172000288963318, 0.9175800085067749, 0.9175999760627747, 0.9180399775505066, 0.9182599782943726, 0.9184200167655945, 0.9187600016593933, 0.9191399812698364, 0.919439971446991, 0.9197400212287903, 0.9200599789619446, 0.9204400181770325, 0.9203400015830994, 0.920960009098053, 0.9213399887084961], "val_loss": [2.265307903289795, 2.216787576675415, 2.1563150882720947, 2.080174207687378, 1.9841384887695312, 1.8636140823364258, 1.7182722091674805, 1.554482340812683, 1.384474754333496, 1.2223860025405884, 1.0788993835449219, 0.9586215615272522, 0.8605533242225647, 0.7820866107940674, 0.7188473343849182, 0.6676762700080872, 0.6257776618003845, 0.5910205841064453, 0.5620054006576538, 0.5369923114776611, 0.5156806111335754, 0.4969911575317383, 0.48079073429107666, 0.46631649136543274, 0.4534447193145752, 0.44193798303604126, 0.43156489729881287, 0.4221280813217163, 0.41343164443969727, 0.4057422876358032, 0.39855650067329407, 0.39176055788993835, 0.38573870062828064, 0.38031005859375, 0.3749043047428131, 0.36993861198425293, 0.36531591415405273, 0.36122843623161316, 0.35703304409980774, 0.3532313108444214, 0.3498588800430298, 0.34645625948905945, 0.3432067930698395, 0.33994513750076294, 0.337058961391449, 0.33442023396492004, 0.33186596632003784, 0.32924091815948486, 0.326790452003479, 0.3245651423931122, 0.3222563564777374, 0.32013386487960815, 0.31804022192955017, 0.31607985496520996, 0.31410831212997437, 0.3123922348022461, 0.3103780150413513, 0.3087969720363617, 0.3071073889732361, 0.3054332733154297, 0.3037542700767517, 0.3018680810928345, 0.3005707859992981, 0.2992438077926636, 0.29759249091148376, 0.29625213146209717, 0.294933021068573, 0.29345884919166565, 0.2919885516166687, 0.2907480299472809, 0.2895878553390503, 0.2884269654750824, 0.2872336804866791, 0.2858792841434479, 0.2847273647785187, 0.2836107909679413, 0.2822139263153076, 0.28114160895347595, 0.28001585602760315, 0.27892738580703735, 0.2776850759983063, 0.27659744024276733, 0.2757435142993927, 0.2747296988964081, 0.2736316919326782, 0.2725660502910614, 0.2715645432472229, 0.27071893215179443, 0.26954376697540283, 0.2685641944408417, 0.2675922214984894, 0.26664820313453674, 0.2659373879432678, 0.2648216485977173, 0.2638416886329651, 0.2629285752773285, 0.2620357275009155, 0.26127704977989197, 0.2602490484714508, 0.25932762026786804],