{"loss": [1.856346845626831, 0.8749657869338989, 0.573025643825531, 0.4701595604419708, 0.41583871841430664, 0.381230890750885, 0.35683122277259827, 0.33809879422187805, 0.32304099202156067, 0.3104645609855652, 0.29971423745155334, 0.29044121503829956, 0.2820790410041809, 0.2745245397090912, 0.26763734221458435, 0.2613065242767334, 0.2554354667663574, 0.24989387392997742, 0.24482527375221252, 0.24007071554660797, 0.23554271459579468, 0.23126859962940216, 0.22701822221279144, 0.22312971949577332, 0.21932072937488556, 0.2156764715909958, 0.21222320199012756, 0.20889806747436523, 0.20569740235805511, 0.20258992910385132, 0.19966982305049896, 0.19682550430297852, 0.19406914710998535, 0.19131647050380707, 0.1887017786502838, 0.18624359369277954, 0.18374742567539215, 0.18135663866996765, 0.17909613251686096, 0.17689695954322815, 0.17468255758285522, 0.17253772914409637, 0.17050400376319885, 0.16847684979438782, 0.16655470430850983, 0.16477660834789276, 0.16290758550167084, 0.16111737489700317, 0.1593635082244873, 0.157730370759964, 0.15600264072418213, 0.15438267588615417, 0.15285305678844452, 0.1512487828731537, 0.1497354358434677, 0.14830635488033295, 0.1468554437160492, 0.14545418322086334, 0.14401136338710785, 0.14272545278072357, 0.1414097100496292, 0.14007163047790527, 0.1388007253408432, 0.1376187950372696, 0.13626059889793396, 0.13513250648975372, 0.13402938842773438, 0.13281719386577606, 0.13180989027023315, 0.13068903982639313, 0.12957805395126343, 0.12844903767108917, 0.12744349241256714, 0.12651483714580536, 0.12537744641304016, 0.12442058324813843, 0.12355281412601471, 0.12252363562583923, 0.12164437770843506, 0.12073640525341034, 0.1197640597820282, 0.11886380612850189, 0.11803936213254929, 0.11720728874206543, 0.11633516848087311, 0.11549165099859238, 0.11467038094997406, 0.113881915807724, 0.11311797797679901, 0.1122569888830185, 0.1115201786160469, 0.1107403039932251, 0.10999613255262375, 0.10920316725969315, 0.10856456309556961, 0.10786043852567673, 0.10716526210308075, 0.10644382983446121, 0.1056964322924614, 0.10499788820743561], "accuracy": [0.5413600206375122, 0.8247600197792053, 0.8609399795532227, 0.8779000043869019, 0.8884000182151794, 0.8959199786186218, 0.9011200070381165, 0.9060800075531006, 0.9094399809837341, 0.9128000140190125, 0.9153000116348267, 0.917639970779419, 0.9193199872970581, 0.9214400053024292, 0.9233599901199341, 0.924839973449707, 0.9265999794006348, 0.9280999898910522, 0.9293599724769592, 0.9307000041007996, 0.9316800236701965, 0.9329000115394592, 0.9343600273132324, 0.9352800250053406, 0.9365400075912476, 0.9371799826622009, 0.9382399916648865, 0.9390000104904175, 0.9398599863052368, 0.9406800270080566, 0.9414200186729431, 0.9424800276756287, 0.9431599974632263, 0.9441999793052673, 0.9448400139808655, 0.9454399943351746, 0.9463000297546387, 0.9470999836921692, 0.9478600025177002, 0.9487000107765198, 0.9492999911308289, 0.9495000243186951, 0.9502800107002258, 0.9508600234985352, 0.9510999917984009, 0.9521999955177307, 0.9524000287055969, 0.95278000831604, 0.9534800052642822, 0.9536600112915039, 0.9545800089836121, 0.9545999765396118, 0.9550999999046326, 0.95551997423172, 0.9562399983406067, 0.9565399885177612, 0.9567800164222717, 0.9570800065994263, 0.9579399824142456, 0.9582800269126892, 0.9590399861335754, 0.9588599801063538, 0.9592000246047974, 0.9602400064468384, 0.9602599740028381, 0.960640013217926, 0.961080014705658, 0.9615799784660339, 0.9613199830055237, 0.9618600010871887, 0.9622200131416321, 0.9625599980354309, 0.962939977645874, 0.9634600281715393, 0.9636399745941162, 0.963699996471405, 0.9641600251197815, 0.9640399813652039, 0.9643800258636475, 0.9645400047302246, 0.9651200175285339, 0.9653000235557556, 0.9658399820327759, 0.9656999707221985, 0.9658399820327759, 0.9662200212478638, 0.9667400121688843, 0.9669600129127502, 0.9670199751853943, 0.9672799706459045, 0.9675999879837036, 0.9679800271987915, 0.9680799841880798, 0.9684799909591675, 0.9686999917030334, 0.9687399864196777, 0.9686400294303894, 0.9692999720573425, 0.9693599939346313, 0.9693999886512756], "val_loss": [1.1926984786987305, 0.612316906452179, 0.4645024538040161, 0.39865902066230774, 0.36093252897262573, 0.33588457107543945, 0.31801438331604004, 0.3029327988624573, 0.29156947135925293, 0.28214341402053833, 0.2734619975090027, 0.26637378334999084, 0.2596619725227356, 0.2540138363838196, 0.2487177550792694, 0.24316665530204773, 0.23886677622795105, 0.2342562973499298, 0.23006179928779602, 0.22614572942256927, 0.22339579463005066, 0.21922516822814941, 0.2168452888727188, 0.21273685991764069, 0.20967870950698853, 0.20704084634780884, 0.20417624711990356, 0.20132510364055634, 0.19866858422756195, 0.19627436995506287, 0.19375097751617432, 0.19199025630950928, 0.18933770060539246, 0.18699195981025696, 0.18527843058109283, 0.1828274428844452, 0.1813720315694809, 0.17941369116306305, 0.17732518911361694, 0.17554187774658203, 0.17420059442520142, 0.17257383465766907, 0.1705448031425476, 0.16969896852970123, 0.16743722558021545, 0.16658294200897217, 0.16506104171276093, 0.1640380620956421, 0.1622258424758911, 0.16051654517650604, 0.15946853160858154, 0.1579762101173401, 0.15692858397960663, 0.15548193454742432, 0.1543821096420288, 0.1538296937942505, 0.152483269572258, 0.15167273581027985, 0.15060651302337646, 0.14902536571025848, 0.148267462849617, 0.1476120948791504, 0.14620353281497955, 0.14538432657718658, 0.14468589425086975, 0.14327426254749298, 0.14304637908935547, 0.1422315239906311, 0.1411815732717514, 0.14013013243675232, 0.13946494460105896, 0.13872626423835754, 0.13802176713943481, 0.13740716874599457, 0.13715875148773193, 0.13569886982440948, 0.13518117368221283, 0.1351451426744461, 0.13417820632457733, 0.13329894840717316, 0.13293448090553284, 0.13242197036743164, 0.1322619915008545, 0.13070902228355408, 0.13023443520069122, 0.1301778107881546, 0.12898997962474823, 0.12853537499904633, 0.12857036292552948, 0.12775133550167084, 0.12733517587184906, 0.12664581835269928, 0.12685567140579224, 0.1258028745651245, 0.12577295303344727, 0.1252986639738083, 0.12441491335630417, 0.12406004965305328, 0.12317881733179092, 0.1231510266661644],