{"loss": [1.068204641342163, 0.40697774291038513, 0.3432554602622986, 0.31072336435317993, 0.28706416487693787, 0.2674674987792969, 0.2505912184715271, 0.23617564141750336, 0.2232397049665451, 0.21182265877723694, 0.2016637921333313, 0.19271109998226166, 0.18448172509670258, 0.17714357376098633, 0.1703224629163742, 0.16401410102844238, 0.15809538960456848, 0.15285734832286835, 0.147710919380188, 0.1429637372493744, 0.13860265910625458, 0.13448087871074677, 0.13063253462314606, 0.12720133364200592, 0.12365572154521942, 0.1201191321015358, 0.11725343018770218, 0.11435078829526901, 0.11156757920980453, 0.10899408161640167, 0.10657718777656555, 0.10421852767467499, 0.10201148688793182, 0.09968558698892593, 0.09765557944774628, 0.09575153142213821, 0.09385601431131363, 0.09195668995380402, 0.0901855081319809, 0.08835475891828537, 0.08685901015996933, 0.08518540114164352, 0.08367979526519775, 0.08216412365436554, 0.08065277338027954, 0.07936398684978485, 0.07809186726808548, 0.07669853419065475, 0.07553991675376892, 0.07410174608230591], "accuracy": [0.7212399840354919, 0.8871200084686279, 0.902899980545044, 0.9116399884223938, 0.917680025100708, 0.9228600263595581, 0.9284800291061401, 0.932420015335083, 0.9363999962806702, 0.938979983329773, 0.941860020160675, 0.9452000260353088, 0.947160005569458, 0.9493799805641174, 0.9516800045967102, 0.9532399773597717, 0.9545000195503235, 0.9559000134468079, 0.957539975643158, 0.9586799740791321, 0.9603999853134155, 0.9620599746704102, 0.9622200131416321, 0.963379979133606, 0.9646199941635132, 0.965939998626709, 0.9665399789810181, 0.9672600030899048, 0.968500018119812, 0.9689000248908997, 0.9693999886512756, 0.9700400233268738, 0.9708799719810486, 0.9715999960899353, 0.9719399809837341, 0.9727399945259094, 0.9732199907302856, 0.9737600088119507, 0.9743599891662598, 0.9746000170707703, 0.9751600027084351, 0.9757800102233887, 0.9758399724960327, 0.9764599800109863, 0.9768000245094299, 0.9775999784469604, 0.9775999784469604, 0.9780600070953369, 0.9785400032997131, 0.9789599776268005], "val_loss": [0.4308476448059082, 0.33701688051223755, 0.3014475703239441, 0.27979591488838196, 0.25986814498901367, 0.246854767203331, 0.2320765107870102, 0.2196761518716812, 0.21036262810230255, 0.20027318596839905, 0.19432803988456726, 0.1861845999956131, 0.17884115874767303, 0.17547105252742767, 0.16869013011455536, 0.16378922760486603, 0.15912333130836487, 0.15454456210136414, 0.15190300345420837, 0.14735352993011475, 0.14345985651016235, 0.14111828804016113, 0.13953393697738647, 0.13736994564533234, 0.1333463191986084, 0.1321251392364502, 0.12969499826431274, 0.12764345109462738, 0.12472055852413177, 0.12388056516647339, 0.12231378257274628, 0.11994962394237518, 0.11929084360599518, 0.11799285560846329, 0.11574321240186691, 0.11423110216856003, 0.11415786296129227, 0.11247041076421738, 0.11160439252853394, 0.11046772450208664, 0.10965228080749512, 0.10811488330364227, 0.10779206454753876, 0.10671209543943405, 0.10719895362854004, 0.10765865445137024, 0.10505766421556473, 0.10494868457317352, 0.10406656563282013, 0.10309306532144547], "val_accuracy": [0.8866999745368958, 0.9050999879837036, 0.9146000146865845, 0.9193999767303467, 0.9246000051498413, 0.9290000200271606, 0.9332000017166138, 0.9380000233650208, 0.9401999711990356, 0.9438999891281128, 0.9435999989509583, 0.9480999708175659, 0.949400007724762, 0.949999988079071, 0.9526000022888184, 0.9542999863624573, 0.9557999968528748, 0.9559999704360962, 0.9563999772071838, 0.9580000042915344, 0.9585999846458435, 0.960099995136261, 0.9595999717712402, 0.9603000283241272, 0.9624000191688538, 0.9617999792098999, 0.963100016117096, 0.9627000093460083, 0.9648000001907349, 0.9643999934196472, 0.9642000198364258, 0.9656000137329102, 0.9657999873161316, 0.9668999910354614, 0.96670001745224, 0.9675999879837036, 0.9678000211715698, 0.9678999781608582, 0.9678999781608582, 0.9686999917030334, 0.9689000248908997, 0.9696000218391418, 0.9692000150680542, 0.9699000120162964, 0.9690999984741211, 0.9692000150680542, 0.9700000286102295, 0.9700999855995178, 0.9711999893188477, 0.9703999757766724]}