{"loss": [1.0290595293045044, 0.3943701982498169, 0.3263699412345886, 0.29167649149894714, 0.26826387643814087, 0.25074058771133423, 0.23636843264102936, 0.22460681200027466, 0.2141796350479126, 0.204898402094841, 0.19662904739379883, 0.18880033493041992, 0.18179696798324585, 0.17512355744838715, 0.16915637254714966, 0.16325949132442474, 0.15809430181980133, 0.15303809940814972, 0.14819982647895813, 0.14380323886871338, 0.13963694870471954, 0.13567127287387848, 0.1319432258605957, 0.12838114798069, 0.12493785470724106, 0.12194540351629257, 0.11881431937217712, 0.11596473306417465, 0.11327411234378815, 0.11081195622682571, 0.10822217911481857, 0.10568500310182571, 0.1033860519528389, 0.10140596330165863, 0.09925686568021774, 0.09728466719388962, 0.09528477489948273, 0.09322274476289749, 0.09137236326932907, 0.0897965356707573, 0.08804795891046524, 0.0863875225186348, 0.08470803499221802, 0.08331939578056335, 0.08182967454195023, 0.08040526509284973, 0.07884865254163742, 0.07752512395381927, 0.07615986466407776, 0.07478172332048416, 0.07357703894376755, 0.07228825986385345, 0.07116299867630005, 0.07001780718564987, 0.06889711320400238, 0.06785456836223602, 0.06674943119287491, 0.06561947613954544, 0.06461825966835022, 0.06357568502426147, 0.06253967434167862, 0.06171927601099014, 0.06069958582520485, 0.059724241495132446, 0.05886951833963394, 0.058044806122779846, 0.05710865184664726, 0.056103724986314774, 0.0555044561624527, 0.054695531725883484, 0.05369088053703308, 0.05308360978960991, 0.05204034596681595, 0.05157056823372841, 0.05085793882608414, 0.04994168132543564, 0.04929105564951897, 0.04847121238708496, 0.04803159087896347, 0.04733918979763985, 0.04662080481648445, 0.04606098309159279, 0.04530070349574089, 0.04473482072353363, 0.04413921758532524, 0.04350903257727623, 0.042970653623342514, 0.04224078729748726, 0.04171659052371979, 0.041199278086423874, 0.040685925632715225, 0.03998531401157379, 0.03950726240873337, 0.038845244795084, 0.03851662948727608, 0.03801718354225159, 0.037453968077898026, 0.03691277280449867, 0.036415182054042816, 0.035990625619888306], "accuracy": [0.7405800223350525, 0.8914200067520142, 0.9082199931144714, 0.9178400039672852, 0.9228600263595581, 0.9273800253868103, 0.931119978427887, 0.9345800280570984, 0.9373000264167786, 0.9400399923324585, 0.9422399997711182, 0.9440400004386902, 0.9465600252151489, 0.9483199715614319, 0.949999988079071, 0.9516199827194214, 0.953499972820282, 0.9548400044441223, 0.9570000171661377, 0.9581199884414673, 0.9595000147819519, 0.9599000215530396, 0.9613400101661682, 0.9623600244522095, 0.963379979133606, 0.964460015296936, 0.9653599858283997, 0.9662600159645081, 0.9668400287628174, 0.9674999713897705, 0.9685800075531006, 0.9691600203514099, 0.9697200059890747, 0.9708399772644043, 0.9711199998855591, 0.972100019454956, 0.9721400141716003, 0.9730200171470642, 0.9735199809074402, 0.9745000004768372, 0.9750199913978577, 0.975600004196167, 0.9756799936294556, 0.9762799739837646, 0.9769999980926514, 0.9774399995803833, 0.977400004863739, 0.9777799844741821, 0.9785400032997131, 0.9790400266647339, 0.9794800281524658, 0.9799799919128418, 0.9800800085067749, 0.9806200265884399, 0.9807400107383728, 0.9811800122261047, 0.9816799759864807, 0.9820200204849243, 0.9823600053787231, 0.9826200008392334, 0.9828400015830994, 0.9830399751663208, 0.9831399917602539, 0.983780026435852, 0.9836400151252747, 0.9843000173568726, 0.98471999168396, 0.9848399758338928, 0.9848399758338928, 0.9852399826049805, 0.9855599999427795, 0.985759973526001, 0.9860399961471558, 0.9862200021743774, 0.9863600134849548, 0.9865800142288208, 0.9866399765014648, 0.987280011177063, 0.987060010433197, 0.987559974193573, 0.9876800179481506, 0.987500011920929, 0.9879999756813049, 0.9882000088691711, 0.9881600141525269, 0.9890199899673462, 0.9887199997901917, 0.989080011844635, 0.9890599846839905, 0.9893400073051453, 0.9896000027656555, 0.9897400140762329, 0.9900599718093872, 0.9902999997138977, 0.9902999997138977, 0.9904000163078308, 0.9904199838638306, 0.9907000064849854, 0.9908599853515625, 0.9908400177955627], "val_loss": [0.42175498604774475, 0.3236234486103058, 0.2842162251472473, 0.2609952390193939, 0.24429775774478912, 0.23252710700035095, 0.22054970264434814, 0.21314455568790436, 0.20651471614837646, 0.19854386150836945, 0.191663920879364, 0.18612249195575714, 0.1816565990447998, 0.17708151042461395, 0.1711396425962448, 0.16643069684505463, 0.16286374628543854, 0.15859360992908478, 0.15592548251152039, 0.1527068316936493, 0.14975599944591522, 0.14624539017677307, 0.1447286754846573, 0.14221777021884918, 0.14002375304698944, 0.13770009577274323, 0.13772273063659668, 0.13432614505290985, 0.13307468593120575, 0.13043378293514252, 0.12853921949863434, 0.1285657286643982, 0.12624193727970123, 0.12582777440547943, 0.12358775734901428, 0.12280086427927017, 0.12115658819675446, 0.12053857743740082, 0.11991442739963531, 0.11841403692960739, 0.1181304082274437, 0.11697957664728165, 0.11661457270383835, 0.11604881286621094, 0.11492835730314255, 0.11437567323446274, 0.11478531360626221, 0.11300750821828842, 0.11279308050870895, 0.11209376156330109, 0.11322801560163498, 0.11054453998804092, 0.1100560799241066, 0.10973923653364182, 0.10969417542219162, 0.10917208343744278, 0.10879472643136978, 0.10942567139863968, 0.10790344327688217, 0.10725127160549164, 0.10717882215976715, 0.10704466700553894, 0.10660834610462189, 0.10664099454879761, 0.10611986368894577, 0.10598697513341904, 0.10471849143505096, 0.1064816564321518, 0.105441153049469, 0.10652986913919449, 0.10435696691274643, 0.10482896864414215, 0.10420146584510803, 0.10463607311248779, 0.10371450334787369, 0.1056165024638176, 0.10361640900373459, 0.10380292683839798, 0.10286345332860947, 0.10288034379482269, 0.10271763056516647, 0.10312580317258835, 0.10303407162427902, 0.10316850244998932, 0.10360855609178543, 0.10322853922843933, 0.10287138819694519, 0.10237137228250504, 0.10210844874382019, 0.10240934044122696, 0.10215073078870773, 0.1015077531337738, 0.1022704541683197, 0.10245378315448761, 0.10201145708560944, 0.10206524282693863, 0.10279996693134308, 0.10394078493118286, 0.10251376777887344, 0.10225521773099899],