{"loss": [2.267359733581543, 2.2118096351623535, 2.147444009780884, 2.0744760036468506, 1.9921472072601318, 1.9022735357284546, 1.8072048425674438, 1.7080491781234741, 1.6076618432998657, 1.5081799030303955, 1.4119107723236084, 1.32097589969635, 1.2365816831588745, 1.1594535112380981, 1.089881181716919, 1.0273265838623047, 0.9712693691253662, 0.9213764667510986, 0.8768588304519653, 0.8371831774711609, 0.8017703294754028, 0.7698895335197449, 0.7413783073425293, 0.7155601382255554, 0.6921636462211609, 0.67084139585495, 0.6512444019317627, 0.6334323287010193, 0.6170251369476318, 0.6019665598869324, 0.5880434513092041, 0.5751817226409912, 0.563216507434845, 0.5520619750022888, 0.5416285395622253, 0.5319398641586304, 0.5228770971298218, 0.5142531394958496, 0.5061312317848206, 0.49847128987312317, 0.491165429353714, 0.48425745964050293, 0.47770777344703674, 0.4715592861175537, 0.465703547000885, 0.4601253569126129, 0.45482540130615234, 0.4497450292110443, 0.44486936926841736, 0.4402467906475067, 0.435890793800354, 0.4316631257534027, 0.42757007479667664, 0.4236356317996979, 0.41984522342681885, 0.41621342301368713, 0.4127211570739746, 0.40939047932624817, 0.40616902709007263, 0.4030393660068512, 0.40001609921455383, 0.39706772565841675, 0.3942437767982483, 0.39151862263679504, 0.3888756334781647, 0.3862869441509247, 0.38378381729125977, 0.3813527822494507, 0.378974050283432, 0.37667757272720337, 0.3744526505470276, 0.37226030230522156, 0.3701417148113251, 0.36807936429977417, 0.36607709527015686, 0.3641203045845032, 0.3622283935546875, 0.3603605329990387, 0.35857272148132324, 0.3568049669265747, 0.3550751805305481, 0.3533802628517151, 0.3517225384712219, 0.35012131929397583, 0.34855034947395325, 0.34701234102249146, 0.3455054759979248, 0.344025194644928, 0.3425808548927307, 0.34115129709243774, 0.3397587537765503, 0.3384034335613251, 0.3370625674724579, 0.33572983741760254, 0.33442962169647217, 0.3331519663333893, 0.3318864405155182, 0.3306632936000824, 0.3294575810432434, 0.3282630741596222], "accuracy": [0.19789999723434448, 0.3397800028324127, 0.44975998997688293, 0.5184199810028076, 0.5648400187492371, 0.5976399779319763, 0.6225200295448303, 0.6424199938774109, 0.6576399803161621, 0.6721199750900269, 0.6871600151062012, 0.702239990234375, 0.7200000286102295, 0.7381799817085266, 0.7562199831008911, 0.774179995059967, 0.7880600094795227, 0.7976400256156921, 0.8070399761199951, 0.8133800029754639, 0.8191999793052673, 0.8237000107765198, 0.8284800052642822, 0.8323000073432922, 0.8363400101661682, 0.8398200273513794, 0.8429999947547913, 0.8460800051689148, 0.8489199876785278, 0.8513200283050537, 0.8539599776268005, 0.8564800024032593, 0.8582800030708313, 0.8608599901199341, 0.8626199960708618, 0.8644999861717224, 0.8660399913787842, 0.8672599792480469, 0.8689200282096863, 0.8702800273895264, 0.8713600039482117, 0.8732799887657166, 0.8744000196456909, 0.8758999705314636, 0.8769599795341492, 0.878279983997345, 0.8794800043106079, 0.8805800080299377, 0.8815799951553345, 0.8826599717140198, 0.883840024471283, 0.8844799995422363, 0.8852400183677673, 0.8857399821281433, 0.8867200016975403, 0.8873999714851379, 0.8882399797439575, 0.8888199925422668, 0.889680027961731, 0.8903399705886841, 0.8909800052642822, 0.8915600180625916, 0.8924400210380554, 0.8928999900817871, 0.8937600255012512, 0.8941599726676941, 0.8945599794387817, 0.8952000141143799, 0.895579993724823, 0.8961799740791321, 0.896340012550354, 0.8969799876213074, 0.8976399898529053, 0.8977599740028381, 0.8986799716949463, 0.8988400101661682, 0.899179995059967, 0.8996800184249878, 0.9000599980354309, 0.9004200100898743, 0.9009600281715393, 0.9015399813652039, 0.9020199775695801, 0.9022200107574463, 0.9026600122451782, 0.9031199812889099, 0.9035000205039978, 0.9038599729537964, 0.90420001745224, 0.904259979724884, 0.9046599864959717, 0.9051399827003479, 0.9051799774169922, 0.9058200120925903, 0.9061800241470337, 0.9066600203514099, 0.9068999886512756, 0.9071400165557861, 0.9076600074768066, 0.9079399704933167], "val_loss": [2.237616539001465, 2.1748268604278564, 2.1031808853149414, 2.0222387313842773, 1.9322460889816284, 1.8364671468734741, 1.735623836517334, 1.6320714950561523, 1.5287851095199585, 1.427855134010315, 1.331585168838501, 1.2415659427642822, 1.1592966318130493, 1.0844902992248535, 1.0177409648895264, 0.9575740098953247, 0.9043132066726685, 0.8569484353065491, 0.8147194981575012, 0.7771759629249573, 0.7434809803962708, 0.7132861018180847, 0.6862989068031311, 0.6618672609329224, 0.6397376656532288, 0.6194626688957214, 0.6009024977684021, 0.5841426849365234, 0.5685628056526184, 0.5544769763946533, 0.5412917733192444, 0.529198169708252, 0.5179890394210815, 0.5075830817222595, 0.4977130889892578, 0.4887625575065613, 0.4802784323692322, 0.47225210070610046, 0.4647218883037567, 0.4575914442539215, 0.45092079043388367, 0.44456470012664795, 0.43852856755256653, 0.43290460109710693, 0.4275404214859009, 0.4224354028701782, 0.4175601601600647, 0.4129650890827179, 0.4086053669452667, 0.40441688895225525, 0.40054044127464294, 0.396761417388916, 0.39310088753700256, 0.38952088356018066, 0.38616788387298584, 0.38292938470840454, 0.37985700368881226, 0.3769490122795105, 0.37403619289398193, 0.3712795376777649, 0.3685734272003174, 0.36609533429145813, 0.3635493516921997, 0.3611682951450348, 0.3588225245475769, 0.35656270384788513, 0.35442838072776794, 0.35229989886283875, 0.3502381443977356, 0.3482215106487274, 0.34625113010406494, 0.34438925981521606, 0.342587411403656, 0.3407503664493561, 0.33905577659606934, 0.33735665678977966, 0.3357093334197998, 0.3341512382030487, 0.33262529969215393, 0.33108311891555786, 0.3295770585536957, 0.3281193971633911, 0.3267052173614502, 0.325376033782959, 0.32398825883865356, 0.32268020510673523, 0.3214119076728821, 0.3201957941055298, 0.3189605176448822, 0.3177010416984558, 0.3165433704853058, 0.3154194951057434, 0.3142545521259308, 0.3131997287273407, 0.3120708465576172, 0.31096845865249634, 0.30995500087738037, 0.3089454770088196, 0.3078908622264862, 0.3068532943725586],