{"loss": [2.2895357608795166, 2.244333505630493, 2.1900503635406494, 2.1259188652038574, 2.0530152320861816, 1.9725145101547241, 1.8855496644973755, 1.7935796976089478, 1.6985574960708618, 1.602841854095459, 1.509076714515686, 1.419429898262024, 1.335160255432129, 1.2561694383621216, 1.1832072734832764, 1.1163921356201172, 1.0559176206588745, 1.0010861158370972, 0.9511086940765381, 0.9060817360877991, 0.8657457828521729, 0.8292410373687744, 0.7959995865821838, 0.7660520076751709, 0.7389030456542969, 0.7141917943954468, 0.6916297078132629, 0.6708934903144836, 0.6519432663917542, 0.6345338225364685, 0.6182714700698853, 0.6032143235206604, 0.5893531441688538, 0.5765524506568909, 0.5645369291305542, 0.5532234311103821, 0.5426657199859619, 0.5327580571174622, 0.5234116911888123, 0.5146548748016357, 0.5064185857772827, 0.498623251914978, 0.49126383662223816, 0.4842822551727295, 0.47763922810554504, 0.4713915288448334, 0.4654569625854492, 0.4597870707511902, 0.454346239566803, 0.449175626039505], "accuracy": [0.12476000189781189, 0.2129800021648407, 0.30171999335289, 0.3961600065231323, 0.4914399981498718, 0.5744799971580505, 0.6355800032615662, 0.6790199875831604, 0.7071800231933594, 0.7267799973487854, 0.7419599890708923, 0.7531800270080566, 0.7629600167274475, 0.7723399996757507, 0.7800999879837036, 0.7869600057601929, 0.792959988117218, 0.7994199991226196, 0.8042600154876709, 0.8097000122070312, 0.8144599795341492, 0.8184000253677368, 0.8227999806404114, 0.8268600106239319, 0.8299800157546997, 0.8335599899291992, 0.8366000056266785, 0.8392599821090698, 0.8425800204277039, 0.8452399969100952, 0.8479400277137756, 0.8505600094795227, 0.8525999784469604, 0.8546000123023987, 0.8572400212287903, 0.8593400120735168, 0.8616200089454651, 0.8633000254631042, 0.864799976348877, 0.8665800094604492, 0.8681399822235107, 0.8694199919700623, 0.87117999792099, 0.8729000091552734, 0.8741599917411804, 0.8753399848937988, 0.8767200112342834, 0.8775200247764587, 0.8784199953079224, 0.8792799711227417], "val_loss": [2.2645692825317383, 2.213587522506714, 2.1519715785980225, 2.0807974338531494, 2.0007057189941406, 1.9136269092559814, 1.8202204704284668, 1.7226516008377075, 1.623438835144043, 1.5247734785079956, 1.4297780990600586, 1.3403116464614868, 1.2562272548675537, 1.1783984899520874, 1.1068137884140015, 1.0418591499328613, 0.9832592010498047, 0.9301857352256775, 0.88185715675354, 0.8389032483100891, 0.8001397252082825, 0.7651094794273376, 0.7332766056060791, 0.7047358155250549, 0.6788693070411682, 0.6554121375083923, 0.6339184641838074, 0.6142520308494568, 0.5963119864463806, 0.5797818899154663, 0.5643368363380432, 0.5502102375030518, 0.5372135043144226, 0.5252078771591187, 0.5138434767723083, 0.5033373832702637, 0.4934619069099426, 0.4842057228088379, 0.4755432605743408, 0.46750351786613464, 0.45992758870124817, 0.4527577757835388, 0.44595298171043396, 0.43958351016044617, 0.4334988296031952, 0.42782455682754517, 0.42249682545661926, 0.41736942529678345, 0.4124032258987427, 0.40779465436935425], "val_accuracy": [0.17990000545978546, 0.27639999985694885, 0.36980000138282776, 0.4652000069618225, 0.5659000277519226, 0.640500009059906, 0.6909000277519226, 0.7228999733924866, 0.7454000115394592, 0.7634999752044678, 0.7764999866485596, 0.784500002861023, 0.7915999889373779, 0.798799991607666, 0.8075000047683716, 0.8133999705314636, 0.8198999762535095, 0.8233000040054321, 0.8282999992370605, 0.8313000202178955, 0.8374999761581421, 0.8418999910354614, 0.8442999720573425, 0.8481000065803528, 0.8507999777793884, 0.8532999753952026, 0.8560000061988831, 0.8579999804496765, 0.8610000014305115, 0.8626000285148621, 0.8648999929428101, 0.8672999739646912, 0.8691999912261963, 0.871399998664856, 0.8737999796867371, 0.8754000067710876, 0.8766000270843506, 0.8792999982833862, 0.8805999755859375, 0.8823999762535095, 0.8845000267028809, 0.8863999843597412, 0.886900007724762, 0.8873999714851379, 0.888700008392334, 0.8894000053405762, 0.8906000256538391, 0.8916000127792358, 0.8924999833106995, 0.8937000036239624]}