{"loss": [2.207703113555908, 1.9415600299835205, 1.5751073360443115, 1.2549307346343994, 1.029522180557251, 0.8795316219329834, 0.7773367762565613, 0.704077959060669, 0.6493104100227356, 0.6067862510681152, 0.572880208492279, 0.5451710820198059, 0.5220222473144531, 0.5022892951965332, 0.48534372448921204, 0.47063449025154114, 0.45780977606773376, 0.44645801186561584, 0.4363698959350586, 0.42727401852607727, 0.4190540909767151, 0.4115828573703766, 0.4047469198703766, 0.3984891474246979, 0.39268758893013, 0.38733500242233276, 0.38233616948127747, 0.3776971101760864, 0.37331730127334595, 0.36921757459640503, 0.3653543293476105, 0.3617156744003296, 0.3582446575164795, 0.35497355461120605, 0.35184338688850403, 0.3488696813583374, 0.34602090716362, 0.3433127999305725, 0.3407047986984253, 0.3381989896297455, 0.33580276370048523, 0.3334372341632843, 0.331229031085968, 0.32909342646598816, 0.3269822597503662, 0.32496923208236694, 0.32302558422088623, 0.32110846042633057, 0.31928157806396484, 0.31749776005744934, 0.3157513737678528, 0.3140563368797302, 0.3124332129955292, 0.31082260608673096, 0.30926430225372314, 0.3077308237552643, 0.3062538802623749, 0.3047874867916107, 0.3033688962459564, 0.3019654154777527, 0.30061471462249756, 0.2992628216743469, 0.29797497391700745, 0.2966857850551605, 0.295427143573761, 0.29418063163757324, 0.29299333691596985, 0.29180455207824707, 0.2906334102153778, 0.2894817292690277, 0.28833815455436707, 0.28723958134651184, 0.2861454486846924, 0.2850884199142456, 0.2840276062488556, 0.2829829752445221, 0.28196272253990173, 0.28094881772994995, 0.27994096279144287, 0.2789533734321594, 0.27801644802093506, 0.27704060077667236, 0.27611953020095825, 0.2751842737197876, 0.2742713689804077, 0.2733764946460724, 0.2724885940551758, 0.27159786224365234, 0.27073779702186584, 0.2698681354522705, 0.2690429389476776, 0.26819077134132385, 0.267384797334671, 0.266560435295105, 0.26576027274131775, 0.26496392488479614, 0.26419365406036377, 0.2634155750274658, 0.2626458406448364, 0.2618798613548279], "accuracy": [0.3614799976348877, 0.609220027923584, 0.6861000061035156, 0.7323200106620789, 0.7707399725914001, 0.7960799932479858, 0.8134199976921082, 0.826259970664978, 0.8368399739265442, 0.8445199728012085, 0.8514999747276306, 0.8568999767303467, 0.861840009689331, 0.8666200041770935, 0.8699600100517273, 0.8732600212097168, 0.8763800263404846, 0.8792999982833862, 0.8812999725341797, 0.883679986000061, 0.8855400085449219, 0.8873000144958496, 0.8894799947738647, 0.8908600211143494, 0.8916800022125244, 0.8930799961090088, 0.8939200043678284, 0.8951399922370911, 0.8962600231170654, 0.8972399830818176, 0.8982399702072144, 0.8989999890327454, 0.8996599912643433, 0.9002599716186523, 0.9012399911880493, 0.9021400213241577, 0.9025800228118896, 0.9034799933433533, 0.9037399888038635, 0.9046400189399719, 0.9052000045776367, 0.9058600068092346, 0.906440019607544, 0.9074199795722961, 0.9082800149917603, 0.9084799885749817, 0.9093199968338013, 0.9099000096321106, 0.9101799726486206, 0.9107400178909302, 0.9113600254058838, 0.9115800261497498, 0.9121599793434143, 0.9129199981689453, 0.9133599996566772, 0.9134399890899658, 0.9139400124549866, 0.9142400026321411, 0.9145799875259399, 0.9147400259971619, 0.9149600267410278, 0.9152399897575378, 0.9154800176620483, 0.9159200191497803, 0.9162399768829346, 0.9165199995040894, 0.9168400168418884, 0.917460024356842, 0.9175400137901306, 0.9179400205612183, 0.918179988861084, 0.9184399843215942, 0.9188200235366821, 0.9191200137138367, 0.9195799827575684, 0.919700026512146, 0.9198399782180786, 0.9203400015830994, 0.9204999804496765, 0.9209399819374084, 0.9213200211524963, 0.9213799834251404, 0.9216600060462952, 0.9221199750900269, 0.9223600029945374, 0.9225199818611145, 0.9226199984550476, 0.9230999946594238, 0.9232800006866455, 0.9231399893760681, 0.9237200021743774, 0.9236199855804443, 0.9238200187683105, 0.9241399765014648, 0.924239993095398, 0.9244999885559082, 0.9246399998664856, 0.9248200058937073, 0.925059974193573, 0.9252600073814392], "val_loss": [2.0948643684387207, 1.7443982362747192, 1.3712636232376099, 1.0910987854003906, 0.904060423374176, 0.7796188592910767, 0.6931691765785217, 0.6304976344108582, 0.5831435322761536, 0.5459649562835693, 0.5164053440093994, 0.49235501885414124, 0.4722210466861725, 0.45525795221328735, 0.4409438371658325, 0.4283047020435333, 0.41706621646881104, 0.40745750069618225, 0.39877885580062866, 0.391253262758255, 0.38420358300209045, 0.3779701292514801, 0.3723878264427185, 0.36704158782958984, 0.3622857630252838, 0.35776588320732117, 0.3536624610424042, 0.34976738691329956, 0.3461054265499115, 0.34281593561172485, 0.3396047055721283, 0.33644458651542664, 0.33371689915657043, 0.33097216486930847, 0.32838907837867737, 0.32597383856773376, 0.32356077432632446, 0.3214256763458252, 0.31914979219436646, 0.3171747326850891, 0.31517791748046875, 0.3132772743701935, 0.3114926218986511, 0.30967363715171814, 0.307888388633728, 0.3063599765300751, 0.30466392636299133, 0.30322492122650146, 0.3016555607318878, 0.30011114478111267, 0.29871395230293274, 0.2973892092704773, 0.2960294485092163, 0.2947297990322113, 0.2934180796146393, 0.292121946811676, 0.29092177748680115, 0.28975439071655273, 0.2885805666446686, 0.2875225245952606, 0.2862500250339508, 0.2852330207824707, 0.28416842222213745, 0.28308165073394775, 0.28202515840530396, 0.28102874755859375, 0.28001195192337036, 0.27909189462661743, 0.27817657589912415, 0.2772124409675598, 0.27634334564208984, 0.2754707932472229, 0.2744658291339874, 0.27356085181236267, 0.2727721929550171, 0.2719362676143646, 0.2710137665271759, 0.270237535238266, 0.26946285367012024, 0.2686903774738312, 0.2678145468235016, 0.2669563889503479, 0.2662205696105957, 0.26544445753097534, 0.2646794319152832, 0.26400136947631836, 0.2632795572280884, 0.26258140802383423, 0.2618309557437897, 0.2610689103603363, 0.2604004740715027, 0.25968512892723083, 0.2590537965297699, 0.258450984954834, 0.2577543556690216, 0.2571048140525818, 0.2564806044101715, 0.25579601526260376, 0.2551937401294708, 0.2545813024044037],