{"loss": [1.8742271661758423, 0.8845599293708801, 0.5752420425415039, 0.47540155053138733, 0.4247749149799347, 0.39311543107032776, 0.3707869052886963, 0.3538348972797394, 0.3400767147541046, 0.3286111652851105, 0.3189694285392761, 0.3103976845741272, 0.3028550148010254, 0.2961573302745819, 0.289903461933136, 0.28403985500335693, 0.27872005105018616, 0.27365928888320923, 0.2690929174423218, 0.26463401317596436, 0.2604677081108093, 0.25653037428855896, 0.25279149413108826, 0.24919584393501282, 0.2457408457994461, 0.24263374507427216, 0.23939862847328186, 0.23635981976985931, 0.23362641036510468, 0.2308073490858078, 0.22811433672904968, 0.22556084394454956, 0.22312389314174652, 0.22076933085918427, 0.21838654577732086, 0.21617312729358673, 0.21401247382164001, 0.2118743360042572, 0.20987066626548767, 0.20786404609680176, 0.20597001910209656, 0.20414328575134277, 0.20231974124908447, 0.20053806900978088, 0.19880357384681702, 0.1971658170223236, 0.19557249546051025, 0.19396449625492096, 0.19237293303012848, 0.19083206355571747, 0.18944120407104492, 0.1879759579896927, 0.18652886152267456, 0.18514269590377808, 0.18382728099822998, 0.1824783980846405, 0.18117785453796387, 0.17994634807109833, 0.17872223258018494, 0.17748220264911652, 0.17629189789295197, 0.17510351538658142, 0.17394426465034485, 0.17288154363632202, 0.17173534631729126, 0.17067663371562958, 0.16963361203670502, 0.16854055225849152, 0.1675642430782318, 0.16654860973358154, 0.16552157700061798, 0.16460321843624115, 0.16360290348529816, 0.1627058982849121, 0.16173432767391205, 0.1608378142118454, 0.15992997586727142, 0.15906544029712677, 0.1581849306821823, 0.1573430299758911, 0.15649305284023285, 0.15564410388469696, 0.15485453605651855, 0.15406034886837006, 0.1532384157180786, 0.15246015787124634, 0.15173353254795074, 0.1509658545255661, 0.15020860731601715, 0.14949052035808563, 0.14874792098999023, 0.1480216532945633, 0.14731933176517487, 0.14663593471050262, 0.14593660831451416, 0.14523018896579742, 0.14453010261058807, 0.14390906691551208, 0.1432625949382782, 0.14262591302394867], "accuracy": [0.5201600193977356, 0.8054999709129333, 0.8546599745750427, 0.8737800121307373, 0.8842399716377258, 0.8909199833869934, 0.8966599702835083, 0.9005399942398071, 0.9040200114250183, 0.9071999788284302, 0.9093999862670898, 0.9121599793434143, 0.9136000275611877, 0.9155799746513367, 0.9176599979400635, 0.9189800024032593, 0.9205399751663208, 0.9218800067901611, 0.9226800203323364, 0.9242200255393982, 0.9251599907875061, 0.9261199831962585, 0.9272800087928772, 0.9283000230789185, 0.9296200275421143, 0.930400013923645, 0.9314000010490417, 0.9319199919700623, 0.9329599738121033, 0.9333000183105469, 0.9344800114631653, 0.9351599812507629, 0.9361600279808044, 0.9367600083351135, 0.9373400211334229, 0.9378399848937988, 0.9387400150299072, 0.9391199946403503, 0.939520001411438, 0.9398800134658813, 0.9408800005912781, 0.9414200186729431, 0.9417999982833862, 0.942579984664917, 0.9426400065422058, 0.9435399770736694, 0.9441999793052673, 0.9444599747657776, 0.9450799822807312, 0.945360004901886, 0.9453999996185303, 0.9460800290107727, 0.9462800025939941, 0.946619987487793, 0.9470400214195251, 0.9475600123405457, 0.9480800032615662, 0.9480199813842773, 0.9484000205993652, 0.9487400054931641, 0.949180006980896, 0.9493600130081177, 0.9498599767684937, 0.9501399993896484, 0.9503200054168701, 0.9505800008773804, 0.9510999917984009, 0.9513599872589111, 0.9515399932861328, 0.952019989490509, 0.9524000287055969, 0.9525799751281738, 0.9528599977493286, 0.9533600211143494, 0.953540027141571, 0.9538999795913696, 0.9542999863624573, 0.9543399810791016, 0.9549599885940552, 0.9549199938774109, 0.9553599953651428, 0.9555000066757202, 0.9557200074195862, 0.956059992313385, 0.956059992313385, 0.9563599824905396, 0.9565200209617615, 0.9567599892616272, 0.957099974155426, 0.957319974899292, 0.957360029220581, 0.9576600193977356, 0.9579399824142456, 0.9580600261688232, 0.9583200216293335, 0.9583600163459778, 0.9583399891853333, 0.9587000012397766, 0.9589200019836426, 0.9589800238609314], "val_loss": [1.2274399995803833, 0.6198362708091736, 0.4724343717098236, 0.41093501448631287, 0.3757491111755371, 0.3518229126930237, 0.3352833390235901, 0.32247740030288696, 0.3113906979560852, 0.30275970697402954, 0.29588231444358826, 0.28858205676078796, 0.2827994227409363, 0.2772190272808075, 0.27249854803085327, 0.26779574155807495, 0.2634120583534241, 0.2595768868923187, 0.255522221326828, 0.2520749866962433, 0.24885998666286469, 0.24549521505832672, 0.24275237321853638, 0.23954662680625916, 0.23709465563297272, 0.23416545987129211, 0.23238696157932281, 0.22996757924556732, 0.2273149937391281, 0.22502507269382477, 0.22324594855308533, 0.22089241445064545, 0.2190239280462265, 0.21704576909542084, 0.21524101495742798, 0.2131267637014389, 0.21134153008460999, 0.20963303744792938, 0.20791882276535034, 0.20632590353488922, 0.20481254160404205, 0.20321448147296906, 0.20176534354686737, 0.20038467645645142, 0.19901174306869507, 0.19761471450328827, 0.19618457555770874, 0.19482830166816711, 0.19345587491989136, 0.1926257461309433, 0.1912483423948288, 0.19010287523269653, 0.18906767666339874, 0.1877228021621704, 0.18684332072734833, 0.18559910356998444, 0.18438631296157837, 0.1833641082048416, 0.18234580755233765, 0.1814335286617279, 0.1806720346212387, 0.1795276701450348, 0.17899960279464722, 0.17785267531871796, 0.176789328455925, 0.17618444561958313, 0.17533306777477264, 0.1746203750371933, 0.17382094264030457, 0.17273256182670593, 0.17217043042182922, 0.17130707204341888, 0.1705842912197113, 0.1698143482208252, 0.16905488073825836, 0.16848081350326538, 0.16771210730075836, 0.16704930365085602, 0.16634872555732727, 0.1656351387500763, 0.1651058793067932, 0.16432850062847137, 0.1637767106294632, 0.16317971050739288, 0.16253246366977692, 0.1619701087474823, 0.16128985583782196, 0.16092073917388916, 0.1602209210395813, 0.15974637866020203, 0.15909798443317413, 0.15862615406513214, 0.15808634459972382, 0.1575508713722229, 0.15716589987277985, 0.15662060678005219, 0.1562986522912979, 0.15580493211746216, 0.15517665445804596, 0.15450389683246613],