{"loss": [0.37504613399505615, 0.16342657804489136, 0.1186685860157013, 0.09352368116378784, 0.07561123371124268, 0.06291408091783524, 0.05353621020913124, 0.04509453475475311, 0.03855615854263306, 0.03260517492890358, 0.02775679901242256, 0.022632824257016182, 0.019469253718852997, 0.016464577987790108, 0.013764928095042706, 0.011404254473745823, 0.0096822464838624, 0.0078172218054533, 0.006460113916546106, 0.005423554219305515, 0.004736784845590591, 0.004057272337377071, 0.00356459803879261, 0.0031370879150927067, 0.0027385165449231863, 0.0024852005299180746, 0.0022264081053435802, 0.0020285211503505707, 0.001863445620983839, 0.0017603541491553187, 0.0016279323026537895, 0.0015045147156342864, 0.0014083561254665256, 0.0013305891770869493, 0.0012553849956020713, 0.00118704279884696, 0.0011221712920814753, 0.001076031243428588, 0.0010241731069982052, 0.0009671468869782984, 0.0009258146164938807, 0.000884608889464289, 0.0008435986237600446, 0.0008131335489451885, 0.0007794357952661812, 0.0007513603195548058, 0.0007231548079289496, 0.0006989699322730303, 0.000670615176204592, 0.0006532615516334772], "accuracy": [0.8869600296020508, 0.9516199827194214, 0.964680016040802, 0.972000002861023, 0.9775599837303162, 0.9814199805259705, 0.9835000038146973, 0.9861000180244446, 0.9888799786567688, 0.9905400276184082, 0.9922999739646912, 0.9944599866867065, 0.9950799942016602, 0.9962599873542786, 0.9970999956130981, 0.9977999925613403, 0.998520016670227, 0.999019980430603, 0.9992799758911133, 0.9995800256729126, 0.9997400045394897, 0.9998000264167786, 0.9998400211334229, 0.9998999834060669, 0.9999799728393555, 0.9999600052833557, 1.0, 1.0, 1.0, 1.0, 1.0, 1.0, 1.0, 1.0, 1.0, 1.0, 1.0, 1.0, 1.0, 1.0, 1.0, 1.0, 1.0, 1.0, 1.0, 1.0, 1.0, 1.0, 1.0, 1.0], "val_loss": [0.2913073003292084, 0.18543517589569092, 0.14690260589122772, 0.11318311840295792, 0.12989914417266846, 0.12553319334983826, 0.10278325527906418, 0.10463237017393112, 0.09596740454435349, 0.10000649094581604, 0.09618639945983887, 0.10067808628082275, 0.09805674105882645, 0.11149084568023682, 0.10149398446083069, 0.10220050066709518, 0.10531672090291977, 0.1067153811454773, 0.1059928685426712, 0.1055365726351738, 0.10669689625501633, 0.10775785893201828, 0.11033112555742264, 0.11098864674568176, 0.11382236331701279, 0.11346670240163803, 0.11644173413515091, 0.1157577857375145, 0.1184222623705864, 0.11799342930316925, 0.11846679449081421, 0.12035223096609116, 0.1204664409160614, 0.12220163643360138, 0.12182959169149399, 0.12334394454956055, 0.12365522235631943, 0.12448808550834656, 0.12587355077266693, 0.12626489996910095, 0.1267566829919815, 0.12798689305782318, 0.12801700830459595, 0.1282915472984314, 0.13008780777454376, 0.1303553432226181, 0.13006852567195892, 0.13100497424602509, 0.13140079379081726, 0.13226091861724854], "val_accuracy": [0.9074000120162964, 0.9441999793052673, 0.9539999961853027, 0.9681000113487244, 0.9606999754905701, 0.9639999866485596, 0.9696000218391418, 0.972100019454956, 0.9731000065803528, 0.9732000231742859, 0.9746000170707703, 0.9732999801635742, 0.9739000201225281, 0.9710999727249146, 0.9768999814987183, 0.9746000170707703, 0.9739999771118164, 0.9764000177383423, 0.9757000207901001, 0.9749000072479248, 0.9764999747276306, 0.9768000245094299, 0.9764000177383423, 0.9768000245094299, 0.975600004196167, 0.9761000275611877, 0.9763000011444092, 0.9763000011444092, 0.9761000275611877, 0.9761999845504761, 0.9760000109672546, 0.9758999943733215, 0.9760000109672546, 0.9763000011444092, 0.975600004196167, 0.9764000177383423, 0.9758999943733215, 0.9757000207901001, 0.9757999777793884, 0.9768999814987183, 0.9765999913215637, 0.9765999913215637, 0.9763000011444092, 0.9767000079154968, 0.9761000275611877, 0.9761999845504761, 0.9761999845504761, 0.9760000109672546, 0.9765999913215637, 0.9758999943733215]}