{"loss": [1.820966362953186, 0.8895031809806824, 0.6002079844474792, 0.4960823357105255, 0.44178539514541626, 0.4080381691455841, 0.3846482038497925, 0.36732718348503113, 0.353788822889328, 0.34240204095840454, 0.3328453004360199, 0.32442691922187805, 0.3169635236263275, 0.3101832866668701, 0.3040192425251007, 0.2984090745449066, 0.29317373037338257, 0.28824111819267273, 0.2835022211074829, 0.2790987193584442, 0.2749909460544586, 0.27091914415359497, 0.26711779832839966, 0.26337721943855286, 0.259743869304657, 0.256245881319046, 0.25287219882011414, 0.24962255358695984, 0.24650540947914124, 0.24345432221889496, 0.24039782583713531, 0.2376737892627716, 0.23489509522914886, 0.23219871520996094, 0.22966039180755615, 0.22716505825519562, 0.22475314140319824, 0.22240376472473145, 0.22014828026294708, 0.21797290444374084, 0.2157754749059677, 0.21378763020038605, 0.2117597609758377, 0.2097826600074768, 0.20792408287525177, 0.20609749853610992, 0.204306960105896, 0.20256228744983673, 0.20089906454086304, 0.1992143988609314], "accuracy": [0.5085600018501282, 0.7926599979400635, 0.8430399894714355, 0.8655800223350525, 0.8787599802017212, 0.886139988899231, 0.8922600150108337, 0.8969200253486633, 0.9000399708747864, 0.9035199880599976, 0.9061599969863892, 0.9076799750328064, 0.9097200036048889, 0.9113199710845947, 0.9129199981689453, 0.9144799709320068, 0.9154000282287598, 0.9169399738311768, 0.918179988861084, 0.91948002576828, 0.9205399751663208, 0.92194002866745, 0.9231600165367126, 0.9243800044059753, 0.9256399869918823, 0.9266600012779236, 0.9273599982261658, 0.9284800291061401, 0.9294599890708923, 0.9302800297737122, 0.9313600063323975, 0.9322800040245056, 0.9331600069999695, 0.9340400099754333, 0.9344000220298767, 0.9352200031280518, 0.9357799887657166, 0.9366999864578247, 0.937720000743866, 0.9380199909210205, 0.9387400150299072, 0.9392399787902832, 0.9396799802780151, 0.940500020980835, 0.940779983997345, 0.9411799907684326, 0.9421600103378296, 0.9427400231361389, 0.9432200193405151, 0.9433799982070923], "val_loss": [1.1774349212646484, 0.6417122483253479, 0.48999932408332825, 0.4242347776889801, 0.38656672835350037, 0.3623407185077667, 0.34598594903945923, 0.3324306905269623, 0.32234352827072144, 0.3139556050300598, 0.30637797713279724, 0.2999575138092041, 0.2940883934497833, 0.2889040410518646, 0.28443023562431335, 0.28012052178382874, 0.27564737200737, 0.2722913324832916, 0.2685158848762512, 0.2654356360435486, 0.26192083954811096, 0.2587641775608063, 0.25538745522499084, 0.25251221656799316, 0.24938789010047913, 0.24679824709892273, 0.24428816139698029, 0.24175390601158142, 0.23934748768806458, 0.23668493330478668, 0.2342982441186905, 0.23189523816108704, 0.2299330085515976, 0.22745561599731445, 0.2255275398492813, 0.22343678772449493, 0.221648707985878, 0.22013135254383087, 0.21815238893032074, 0.21614786982536316, 0.21469250321388245, 0.21311798691749573, 0.21132531762123108, 0.20990315079689026, 0.2083515077829361, 0.20693717896938324, 0.2055039256811142, 0.2040921151638031, 0.20286472141742706, 0.2022540271282196], "val_accuracy": [0.7501999735832214, 0.8485999703407288, 0.8741999864578247, 0.8881000280380249, 0.8960000276565552, 0.9007999897003174, 0.902899980545044, 0.9070000052452087, 0.909600019454956, 0.9125999808311462, 0.913100004196167, 0.9164999723434448, 0.9185000061988831, 0.9193000197410583, 0.9211999773979187, 0.9217000007629395, 0.9230999946594238, 0.923799991607666, 0.9258999824523926, 0.9262999892234802, 0.9276999831199646, 0.9275000095367432, 0.9291999936103821, 0.9301999807357788, 0.930899977684021, 0.9316999912261963, 0.9323999881744385, 0.932699978351593, 0.9340000152587891, 0.9343000054359436, 0.9351000189781189, 0.9362000226974487, 0.9366000294685364, 0.9373999834060669, 0.9380999803543091, 0.9388999938964844, 0.9390000104904175, 0.9397000074386597, 0.9401999711990356, 0.9408000111579895, 0.9409999847412109, 0.9409999847412109, 0.9423999786376953, 0.9429000020027161, 0.9437000155448914, 0.9434999823570251, 0.9444000124931335, 0.9442999958992004, 0.9445000290870667, 0.9445000290870667]}