{"loss": [2.2140402793884277, 1.979312777519226, 1.6497973203659058, 1.3273683786392212, 1.0790776014328003, 0.9040670990943909, 0.7812241315841675, 0.6958025097846985, 0.6342039704322815, 0.5880452394485474, 0.5523566603660583, 0.5241250991821289, 0.5012577772140503, 0.4822675883769989, 0.46624016761779785, 0.45248761773109436, 0.44066235423088074, 0.43021562695503235, 0.4210096597671509, 0.41277945041656494, 0.40538933873176575, 0.3986542522907257, 0.3925192058086395, 0.3869307339191437, 0.38174766302108765, 0.3769797384738922, 0.3725082278251648, 0.36832326650619507, 0.36443203687667847, 0.3607773780822754, 0.35730645060539246, 0.35402989387512207, 0.3508983254432678, 0.3479618728160858, 0.3451278507709503, 0.3424474895000458, 0.3398561179637909, 0.33738359808921814, 0.33503609895706177, 0.33276358246803284, 0.3305742144584656, 0.32846003770828247, 0.3264116644859314, 0.3244132995605469, 0.322568416595459, 0.32070133090019226, 0.31892770528793335, 0.31718823313713074, 0.31551307439804077, 0.313863605260849], "accuracy": [0.26872000098228455, 0.48113998770713806, 0.611519992351532, 0.722320020198822, 0.781220018863678, 0.8131200075149536, 0.8306199908256531, 0.8418800234794617, 0.8495000004768372, 0.8561400175094604, 0.8615400195121765, 0.865880012512207, 0.8696200251579285, 0.8731600046157837, 0.8755999803543091, 0.8784400224685669, 0.8806800246238708, 0.8825600147247314, 0.883840024471283, 0.8855599761009216, 0.8867999911308289, 0.8879600167274475, 0.889739990234375, 0.8913800120353699, 0.8920400142669678, 0.8932600021362305, 0.8939800262451172, 0.8951799869537354, 0.896120011806488, 0.8971199989318848, 0.8982399702072144, 0.8990200161933899, 0.8996400237083435, 0.9007999897003174, 0.9011800289154053, 0.9018399715423584, 0.9028400182723999, 0.9033600091934204, 0.9038800001144409, 0.9045600295066833, 0.9050400257110596, 0.9058799743652344, 0.906279981136322, 0.9067999720573425, 0.9074400067329407, 0.9078800082206726, 0.9085000157356262, 0.9089400172233582, 0.909280002117157, 0.9097399711608887], "val_loss": [2.1110241413116455, 1.8053287267684937, 1.4533624649047852, 1.1542489528656006, 0.9411216974258423, 0.7920541763305664, 0.6894590258598328, 0.6179577112197876, 0.5658567547798157, 0.5262828469276428, 0.4959278404712677, 0.471751868724823, 0.45198336243629456, 0.4357983469963074, 0.42214062809944153, 0.41057929396629333, 0.40025755763053894, 0.3913422226905823, 0.38351112604141235, 0.37641116976737976, 0.37018242478370667, 0.3644945025444031, 0.3592923879623413, 0.35445088148117065, 0.35006868839263916, 0.3458996117115021, 0.34220027923583984, 0.3386477828025818, 0.3351917564868927, 0.33226653933525085, 0.32926562428474426, 0.3264860510826111, 0.3238592743873596, 0.32150405645370483, 0.31902867555618286, 0.3167693018913269, 0.3147784173488617, 0.3126407861709595, 0.3106568157672882, 0.3087439239025116, 0.30684730410575867, 0.30517494678497314, 0.3034416139125824, 0.30193161964416504, 0.3002625107765198, 0.2987009286880493, 0.2972523272037506, 0.29582852125167847, 0.2944231331348419, 0.2931003272533417], "val_accuracy": [0.4115999937057495, 0.5702000260353088, 0.6942999958992004, 0.7793999910354614, 0.8230999708175659, 0.8447999954223633, 0.8568999767303467, 0.8640000224113464, 0.8705000281333923, 0.8766000270843506, 0.8801000118255615, 0.8845999836921692, 0.8870999813079834, 0.8884000182151794, 0.8910999894142151, 0.8931999802589417, 0.8939999938011169, 0.8953999876976013, 0.8964999914169312, 0.8973000049591064, 0.8980000019073486, 0.8999999761581421, 0.9017999768257141, 0.9017000198364258, 0.9034000039100647, 0.9042999744415283, 0.9049000144004822, 0.9057999849319458, 0.9059000015258789, 0.9068999886512756, 0.9077000021934509, 0.9078999757766724, 0.9086999893188477, 0.9089999794960022, 0.9100000262260437, 0.9100000262260437, 0.910099983215332, 0.9111999869346619, 0.9124000072479248, 0.9129999876022339, 0.9132000207901001, 0.9132999777793884, 0.913100004196167, 0.9143999814987183, 0.9146000146865845, 0.9143000245094299, 0.9157000184059143, 0.9158999919891357, 0.9169999957084656, 0.9178000092506409]}