{"loss": [1.0378620624542236, 0.38264286518096924, 0.31593385338783264, 0.28374072909355164, 0.2613021433353424, 0.24427111446857452, 0.22998736798763275, 0.21797390282154083, 0.20761413872241974, 0.19817496836185455, 0.1897161453962326, 0.18232454359531403, 0.17554444074630737, 0.16915597021579742, 0.16339172422885895, 0.1580875664949417, 0.1530105024576187, 0.14812667667865753, 0.14364348351955414, 0.13951507210731506, 0.13553453981876373, 0.13190391659736633, 0.12829571962356567, 0.12487682700157166, 0.1219170019030571, 0.11902618408203125, 0.11602609604597092, 0.11335498094558716, 0.11087208986282349, 0.10846613347530365, 0.10590866953134537, 0.10393476486206055, 0.10176698863506317, 0.0997447744011879, 0.09776455163955688, 0.0959387868642807, 0.094039686024189, 0.09243708848953247, 0.09081251919269562, 0.08922076225280762, 0.08764763921499252, 0.08622297644615173, 0.08476001769304276, 0.0833679586648941, 0.08205194026231766, 0.08082619309425354, 0.07951494306325912, 0.0783628597855568, 0.07718933373689651, 0.07606915384531021], "accuracy": [0.7232000231742859, 0.8930000066757202, 0.9096999764442444, 0.9173399806022644, 0.9245399832725525, 0.9291599988937378, 0.9333199858665466, 0.9368399977684021, 0.9392600059509277, 0.9423800110816956, 0.9443600177764893, 0.9469199776649475, 0.9485999941825867, 0.9498800039291382, 0.9520999789237976, 0.9535199999809265, 0.9550600051879883, 0.9571200013160706, 0.9581599831581116, 0.9592400193214417, 0.9603599905967712, 0.9616199731826782, 0.9628999829292297, 0.9637799859046936, 0.9647600054740906, 0.9656999707221985, 0.966480016708374, 0.9669399857521057, 0.9681199789047241, 0.9689199924468994, 0.9696199893951416, 0.9700400233268738, 0.9714000225067139, 0.9716799855232239, 0.9721800088882446, 0.9728599786758423, 0.9730600118637085, 0.9733399748802185, 0.9744399785995483, 0.9746999740600586, 0.9751600027084351, 0.975380003452301, 0.9759799838066101, 0.9764800071716309, 0.9770799875259399, 0.977400004863739, 0.9775999784469604, 0.9778599739074707, 0.9783599972724915, 0.9789800047874451], "val_loss": [0.4175049662590027, 0.31362608075141907, 0.2792900502681732, 0.26109328866004944, 0.2423238456249237, 0.2299029529094696, 0.22210264205932617, 0.2105027139186859, 0.20415115356445312, 0.19942057132720947, 0.191725492477417, 0.18568041920661926, 0.1799144595861435, 0.17568187415599823, 0.17226627469062805, 0.16802875697612762, 0.16427865624427795, 0.1608172506093979, 0.15830133855342865, 0.15487998723983765, 0.15143728256225586, 0.15034233033657074, 0.14802411198616028, 0.1446831077337265, 0.1426795870065689, 0.14089633524417877, 0.1390560269355774, 0.13674862682819366, 0.1357986032962799, 0.13409453630447388, 0.13300873339176178, 0.13193996250629425, 0.12917062640190125, 0.1280268132686615, 0.12713754177093506, 0.1255573332309723, 0.12494516372680664, 0.12396477162837982, 0.12258248031139374, 0.1218162328004837, 0.1206125020980835, 0.11960504204034805, 0.11872196942567825, 0.11846268177032471, 0.11730440706014633, 0.11694752424955368, 0.11680769920349121, 0.11507358402013779, 0.11493363976478577, 0.11387927085161209], "val_accuracy": [0.8873999714851379, 0.9121999740600586, 0.9218999743461609, 0.9265000224113464, 0.9330999851226807, 0.9363999962806702, 0.9387999773025513, 0.941100001335144, 0.9440000057220459, 0.9437000155448914, 0.9470999836921692, 0.9483000040054321, 0.9501000046730042, 0.9513000249862671, 0.9521999955177307, 0.953499972820282, 0.9552000164985657, 0.9552000164985657, 0.9550999999046326, 0.957099974155426, 0.958299994468689, 0.9575999975204468, 0.9585000276565552, 0.9610999822616577, 0.9610999822616577, 0.9596999883651733, 0.9617999792098999, 0.9624999761581421, 0.9614999890327454, 0.9621000289916992, 0.9617000222206116, 0.9629999995231628, 0.9642000198364258, 0.9645000100135803, 0.9639999866485596, 0.9652000069618225, 0.9639999866485596, 0.9645000100135803, 0.9661999940872192, 0.9659000039100647, 0.9664000272750854, 0.9663000106811523, 0.9671000242233276, 0.9670000076293945, 0.9674000144004822, 0.96670001745224, 0.9681000113487244, 0.9674999713897705, 0.9682000279426575, 0.9688000082969666]}