{"loss": [0.398925244808197, 0.20659469068050385, 0.16122347116470337, 0.13206753134727478, 0.11055644601583481, 0.09471400082111359, 0.08198492974042892, 0.07162851095199585, 0.06381894648075104, 0.05692745000123978, 0.049646880477666855, 0.04551975056529045, 0.04012960568070412, 0.03603304177522659, 0.031786829233169556, 0.02862989529967308, 0.02513524331152439, 0.022468820214271545, 0.0197906456887722, 0.017857329919934273, 0.01601012423634529, 0.013865262269973755, 0.011763317510485649, 0.010729693807661533, 0.009201272390782833, 0.007919985800981522, 0.007146738935261965, 0.005997489672154188, 0.0051867421716451645, 0.004515768960118294, 0.0038232901133596897, 0.0033427614253014326, 0.0028329843189567327, 0.0024198167957365513, 0.0021672265138477087, 0.0018508044304326177, 0.001534112961962819, 0.0011903031263500452, 0.0012054508551955223, 0.0011192839592695236, 0.0008857969660311937, 0.0008155190153047442, 0.0006048880168236792, 0.0005017216899432242, 0.0005280912155285478, 0.00047558467485941947, 0.000384664221201092, 0.0003465978370513767, 0.0002498197718523443, 0.00023258647706825286], "accuracy": [0.886900007724762, 0.9394000172615051, 0.952019989490509, 0.9605600237846375, 0.967199981212616, 0.9721199870109558, 0.9755600094795227, 0.9786199927330017, 0.9815999865531921, 0.9832199811935425, 0.9856600165367126, 0.9869199991226196, 0.9886000156402588, 0.9900000095367432, 0.9911800026893616, 0.9920399785041809, 0.9934599995613098, 0.9941200017929077, 0.9950399994850159, 0.9958800077438354, 0.9961000084877014, 0.9968799948692322, 0.9976400136947632, 0.9977399706840515, 0.9983800053596497, 0.9987999796867371, 0.9989399909973145, 0.9992200136184692, 0.9994400143623352, 0.9996399879455566, 0.9995999932289124, 0.9997400045394897, 0.9997000098228455, 0.9998599886894226, 0.9998800158500671, 0.9999200105667114, 0.9999200105667114, 0.9999799728393555, 1.0, 0.9999799728393555, 0.9999799728393555, 1.0, 1.0, 1.0, 1.0, 1.0, 1.0, 1.0, 1.0, 1.0], "val_loss": [0.22521476447582245, 0.17840716242790222, 0.15417726337909698, 0.13294409215450287, 0.13055969774723053, 0.11458606272935867, 0.10817810148000717, 0.10505077242851257, 0.10242041200399399, 0.10153690725564957, 0.10042145103216171, 0.09706290066242218, 0.09977781027555466, 0.10514311492443085, 0.10237683355808258, 0.10745926201343536, 0.10409096628427505, 0.10634903609752655, 0.10461045056581497, 0.10773315280675888, 0.11569847166538239, 0.11520309001207352, 0.12059973180294037, 0.12572354078292847, 0.11792703717947006, 0.12353301048278809, 0.12595735490322113, 0.1277598738670349, 0.12852326035499573, 0.1311182975769043, 0.13604125380516052, 0.1363270878791809, 0.14232848584651947, 0.1402970850467682, 0.1464308798313141, 0.1479991376399994, 0.1497606337070465, 0.15111754834651947, 0.1570679098367691, 0.15985414385795593, 0.1607711911201477, 0.16448017954826355, 0.16650815308094025, 0.16662780940532684, 0.17428402602672577, 0.1730281561613083, 0.17756369709968567, 0.17874039709568024, 0.18672500550746918, 0.18533653020858765], "val_accuracy": [0.9368000030517578, 0.9476000070571899, 0.9564999938011169, 0.9627000093460083, 0.9610999822616577, 0.9674999713897705, 0.9697999954223633, 0.9710000157356262, 0.97079998254776, 0.9714000225067139, 0.9717000126838684, 0.9728000164031982, 0.9724000096321106, 0.97079998254776, 0.9717000126838684, 0.9702000021934509, 0.9722999930381775, 0.9726999998092651, 0.9713000059127808, 0.9735000133514404, 0.9715999960899353, 0.9715999960899353, 0.9708999991416931, 0.9722999930381775, 0.9728999733924866, 0.9728999733924866, 0.9732000231742859, 0.9735999703407288, 0.973800003528595, 0.9728999733924866, 0.9735999703407288, 0.973800003528595, 0.9729999899864197, 0.9721999764442444, 0.972599983215332, 0.9731000065803528, 0.9732000231742859, 0.9728999733924866, 0.9735999703407288, 0.9732999801635742, 0.9722999930381775, 0.9728999733924866, 0.9718999862670898, 0.9735000133514404, 0.9728000164031982, 0.9732999801635742, 0.9728999733924866, 0.9722999930381775, 0.9725000262260437, 0.9725000262260437]}