{"loss": [0.6011741161346436, 0.2863178253173828, 0.23829048871994019, 0.20705178380012512, 0.18357594311237335, 0.16495589911937714, 0.14919498562812805, 0.13627970218658447, 0.12583979964256287, 0.11620352417230606, 0.10838593542575836, 0.1011357232928276, 0.09488596767187119, 0.089131198823452, 0.08417254686355591, 0.07952820509672165, 0.07462907582521439, 0.07149319350719452, 0.06739368289709091, 0.06441858410835266, 0.060695357620716095, 0.05763491615653038, 0.05466781556606293, 0.05231164023280144, 0.050126902759075165, 0.047382745891809464, 0.04554222151637077, 0.04315658658742905, 0.04127807542681694, 0.03895535692572594, 0.03755133971571922, 0.03557716682553291, 0.03411097824573517, 0.03250131011009216, 0.03101356141269207, 0.029488667845726013, 0.028173903003335, 0.026739493012428284, 0.0256856270134449, 0.024257514625787735, 0.022917697206139565, 0.021997377276420593, 0.020874258130788803, 0.0198300089687109, 0.018779359757900238, 0.017649339511990547, 0.016910210251808167, 0.016057590022683144, 0.015358923003077507, 0.014400781132280827, 0.013711043633520603, 0.012950589880347252, 0.012327317148447037, 0.011620071716606617, 0.010940701700747013, 0.010466072708368301, 0.010037909261882305, 0.009340810589492321, 0.00881215650588274, 0.008343773894011974, 0.007853160612285137, 0.00749081838876009, 0.007009085733443499, 0.006653458345681429, 0.006297019775956869, 0.00584976514801383, 0.005525688640773296, 0.005254825577139854, 0.0049330913461744785, 0.004705292172729969, 0.004221964627504349, 0.004119701683521271, 0.003763655899092555, 0.003580681048333645, 0.0034546463284641504, 0.003170017385855317, 0.002886133035644889, 0.002801636466756463, 0.002625561784952879, 0.002396163297817111, 0.002245149342343211, 0.0021187409292906523, 0.0019165759440511465, 0.0018957321299239993, 0.001717127743177116, 0.0015985750360414386, 0.0015571718104183674, 0.0013517719926312566, 0.0012984775239601731, 0.001224490231834352, 0.0011397880734875798, 0.0010674807708710432, 0.0009885409381240606, 0.0009203428053297102, 0.0008144658640958369, 0.0007886156672611833, 0.0007537070196121931, 0.000670923909638077, 0.0006523411720991135, 0.0005638855509459972], "accuracy": [0.8459399938583374, 0.9179800152778625, 0.9311000108718872, 0.9399999976158142, 0.9457600116729736, 0.9518200159072876, 0.9559000134468079, 0.959879994392395, 0.9627599716186523, 0.9662200212478638, 0.9679999947547913, 0.9704800248146057, 0.9724000096321106, 0.9742199778556824, 0.9756799936294556, 0.9767600297927856, 0.9784200191497803, 0.9793999791145325, 0.980180025100708, 0.9811999797821045, 0.9828000068664551, 0.9837599992752075, 0.9842399954795837, 0.9854400157928467, 0.9861599802970886, 0.9871600270271301, 0.9879000186920166, 0.9886599779129028, 0.9890400171279907, 0.9898999929428101, 0.9905200004577637, 0.9907799959182739, 0.9910600185394287, 0.9916800260543823, 0.9926000237464905, 0.9928399920463562, 0.9932199716567993, 0.9939799904823303, 0.9940000176429749, 0.9944199919700623, 0.9953200221061707, 0.9952999949455261, 0.9957799911499023, 0.9959200024604797, 0.9962400197982788, 0.9969199895858765, 0.9968799948692322, 0.9970399737358093, 0.9974200129508972, 0.9978600144386292, 0.9979000091552734, 0.997979998588562, 0.9982799887657166, 0.9983999729156494, 0.9984800219535828, 0.9986799955368042, 0.9986000061035156, 0.9988800287246704, 0.9988399744033813, 0.9991400241851807, 0.9991599917411804, 0.999239981174469, 0.9994000196456909, 0.9993399977684021, 0.9993799924850464, 0.9995200037956238, 0.9995599985122681, 0.9996200203895569, 0.9996799826622009, 0.9995999932289124, 0.9997599720954895, 0.9996600151062012, 0.9998199939727783, 0.999779999256134, 0.9997599720954895, 0.9998599886894226, 0.9998400211334229, 0.9998400211334229, 0.9999200105667114, 0.9998800158500671, 0.9999600052833557, 0.9999200105667114, 0.9999399781227112, 0.9999399781227112, 0.9999799728393555, 0.9999600052833557, 0.9999600052833557, 0.9999799728393555, 0.9999799728393555, 0.9999799728393555, 1.0, 0.9999600052833557, 0.9999799728393555, 1.0, 0.9999799728393555, 1.0, 1.0, 1.0, 0.9999799728393555, 1.0], "val_loss": [0.296956866979599, 0.2448011189699173, 0.21429306268692017, 0.19223929941654205, 0.17655648291110992, 0.16210626065731049, 0.15145476162433624, 0.14366888999938965, 0.13801558315753937, 0.13044607639312744, 0.12737083435058594, 0.12345647066831589, 0.12099957466125488, 0.12007037550210953, 0.11335654556751251, 0.11296461522579193, 0.1122477650642395, 0.111958347260952, 0.10744660347700119, 0.10683488845825195, 0.10705659538507462, 0.1034330204129219, 0.10239927470684052, 0.101494699716568, 0.10178475081920624, 0.09976135194301605, 0.10073386132717133, 0.10140985250473022, 0.10049304366111755, 0.10127174854278564, 0.0985862985253334, 0.1020459234714508, 0.09952080994844437, 0.10206735134124756, 0.1004602462053299, 0.10076124221086502, 0.10359354317188263, 0.1021273136138916, 0.10188183188438416, 0.10268471390008926, 0.10679858177900314, 0.10401125252246857, 0.10335317254066467, 0.10412241518497467, 0.10406412184238434, 0.10524670779705048, 0.10715645551681519, 0.10775428265333176, 0.10790936648845673, 0.1072603240609169, 0.1102861538529396, 0.11511782556772232, 0.11086961627006531, 0.11160970479249954, 0.11179957538843155, 0.11454454064369202, 0.11431879550218582, 0.11414831876754761, 0.1145266592502594, 0.11603058129549026, 0.1203123927116394, 0.12035651504993439, 0.11930250376462936, 0.1226285994052887, 0.1220911517739296, 0.12288986891508102, 0.12403500825166702, 0.12427151948213577, 0.12548762559890747, 0.1261836141347885, 0.1283753514289856, 0.12964089214801788, 0.1304176300764084, 0.1318587213754654, 0.1329379826784134, 0.13350342214107513, 0.13624265789985657, 0.13883018493652344, 0.13769865036010742, 0.13931606709957123, 0.14106136560440063, 0.14267675578594208, 0.14409087598323822, 0.1433544158935547, 0.14580896496772766, 0.14719237387180328, 0.14782845973968506, 0.14930272102355957, 0.15093936026096344, 0.15251052379608154, 0.15432754158973694, 0.15562427043914795, 0.15859369933605194, 0.1567062884569168, 0.15943880379199982, 0.16155953705310822, 0.16287314891815186, 0.1632738560438156, 0.16584159433841705, 0.1677415519952774],