{"loss": [0.4040573835372925, 0.24896018207073212, 0.21619386970996857, 0.19620513916015625, 0.17772676050662994, 0.16740049421787262, 0.14915232360363007, 0.14065571129322052, 0.13249050080776215, 0.12941047549247742, 0.12579941749572754, 0.11561082303524017, 0.11274337768554688, 0.10787277668714523, 0.1065806970000267, 0.09563345462083817, 0.09696647524833679, 0.09375637024641037, 0.09047482162714005, 0.08773448318243027, 0.08218075335025787, 0.08479021489620209, 0.08143536001443863, 0.0811811164021492, 0.07609769701957703, 0.0765567272901535, 0.07470326125621796, 0.07491841912269592, 0.07376917451620102, 0.07183590531349182, 0.06737674027681351, 0.0678892731666565, 0.06744948029518127, 0.06547834724187851, 0.06059931218624115, 0.05757875367999077, 0.061894409358501434, 0.055592384189367294, 0.058822792023420334, 0.05714160203933716, 0.062259793281555176, 0.05537201836705208, 0.05377257987856865, 0.05564336106181145, 0.05650312080979347, 0.05468616634607315, 0.05364346504211426, 0.05070117861032486, 0.04836057126522064, 0.04897920414805412], "accuracy": [0.883400022983551, 0.9275400042533875, 0.9375, 0.9438999891281128, 0.9495599865913391, 0.9527999758720398, 0.957260012626648, 0.959659993648529, 0.9614800214767456, 0.96315997838974, 0.9648200273513794, 0.9675800204277039, 0.9681599736213684, 0.9698399901390076, 0.9699199795722961, 0.9738399982452393, 0.9729599952697754, 0.973800003528595, 0.9741399884223938, 0.9765200018882751, 0.9759799838066101, 0.976580023765564, 0.9770799875259399, 0.9772999882698059, 0.9781200289726257, 0.9790599942207336, 0.9782599806785583, 0.9792799949645996, 0.9791399836540222, 0.9801599979400635, 0.9812600016593933, 0.9813399910926819, 0.9813200235366821, 0.982200026512146, 0.9828600287437439, 0.9833999872207642, 0.983020007610321, 0.9845399856567383, 0.9839000105857849, 0.9844800233840942, 0.9834399819374084, 0.9846600294113159, 0.985260009765625, 0.9852399826049805, 0.9847599864006042, 0.985759973526001, 0.9863600134849548, 0.98580002784729, 0.9868800044059753, 0.9870200157165527], "val_loss": [0.23866374790668488, 0.22455671429634094, 0.2043473869562149, 0.2129642367362976, 0.18006542325019836, 0.19426226615905762, 0.20925015211105347, 0.16754086315631866, 0.17586776614189148, 0.16063179075717926, 0.15265169739723206, 0.1758708357810974, 0.1826915591955185, 0.18792863190174103, 0.2028653621673584, 0.20047728717327118, 0.1963716745376587, 0.21108093857765198, 0.1836094856262207, 0.20464348793029785, 0.21593672037124634, 0.21530437469482422, 0.20946161448955536, 0.19029414653778076, 0.19777528941631317, 0.24496881663799286, 0.21885818243026733, 0.23856310546398163, 0.21745507419109344, 0.23661012947559357, 0.26194730401039124, 0.24437907338142395, 0.235041081905365, 0.25302815437316895, 0.2567892372608185, 0.3238355815410614, 0.26305365562438965, 0.3143255114555359, 0.27207261323928833, 0.3129327595233917, 0.30685603618621826, 0.298603355884552, 0.3592378795146942, 0.27501165866851807, 0.30151206254959106, 0.2843453586101532, 0.31260645389556885, 0.30441007018089294, 0.35542380809783936, 0.35675519704818726], "val_accuracy": [0.9297000169754028, 0.9365000128746033, 0.9460999965667725, 0.9404000043869019, 0.9496999979019165, 0.9502999782562256, 0.9455000162124634, 0.9567000269889832, 0.9589999914169312, 0.958299994468689, 0.9639000296592712, 0.9575999975204468, 0.9603000283241272, 0.9595999717712402, 0.9549999833106995, 0.9567999839782715, 0.958299994468689, 0.958299994468689, 0.961899995803833, 0.9602000117301941, 0.9596999883651733, 0.9581999778747559, 0.9603000283241272, 0.9627000093460083, 0.9613999724388123, 0.9556000232696533, 0.961899995803833, 0.9607999920845032, 0.9607999920845032, 0.9610999822616577, 0.9592000246047974, 0.9621999859809875, 0.9623000025749207, 0.9595999717712402, 0.9603999853134155, 0.9556000232696533, 0.9606999754905701, 0.9613000154495239, 0.9602000117301941, 0.9628999829292297, 0.9624999761581421, 0.9617999792098999, 0.9567999839782715, 0.9624999761581421, 0.9606999754905701, 0.9627000093460083, 0.965399980545044, 0.9653000235557556, 0.9595999717712402, 0.9609000086784363]}