{"loss": [0.9201162457466125, 0.8707406520843506, 0.8965115547180176, 0.8730763792991638, 0.8934155702590942, 0.8725313544273376, 0.9634809494018555, 1.115404725074768, 1.1158082485198975, 1.0867304801940918, 1.2111656665802002, 1.3257075548171997, 1.4647960662841797, 1.3665460348129272, 1.2847239971160889, 1.3831517696380615, 1.3693612813949585, 1.29212486743927, 1.3178735971450806, 1.3715531826019287, 1.5608174800872803, 1.5120530128479004, 1.4805498123168945, 1.5263985395431519, 1.6327416896820068, 1.666391372680664, 1.6505627632141113, 1.6140865087509155, 1.6002370119094849, 1.6025124788284302, 1.6623331308364868, 1.6300448179244995, 1.641491413116455, 1.6438826322555542, 1.6097023487091064, 1.6093671321868896, 1.6429437398910522, 1.6294180154800415, 1.6276990175247192, 1.81708824634552, 1.8117421865463257, 1.607042670249939, 1.6069550514221191, 1.5849554538726807, 1.6147596836090088, 1.6033302545547485, 1.6382818222045898, 1.626667857170105, 1.589189052581787, 1.575290322303772], "accuracy": [0.6778600215911865, 0.6819599866867065, 0.6773999929428101, 0.6798200011253357, 0.6726400256156921, 0.6823199987411499, 0.6388000249862671, 0.5353000164031982, 0.541920006275177, 0.5445200204849243, 0.4865800142288208, 0.438400000333786, 0.38760000467300415, 0.43007999658584595, 0.454039990901947, 0.4294799864292145, 0.420740008354187, 0.455159991979599, 0.45028001070022583, 0.42344000935554504, 0.3598000109195709, 0.35117998719215393, 0.36583998799324036, 0.35600000619888306, 0.3162800073623657, 0.28696000576019287, 0.289900004863739, 0.2912600040435791, 0.2937600016593933, 0.2954399883747101, 0.29245999455451965, 0.2944200038909912, 0.28929999470710754, 0.2865000069141388, 0.2911800146102905, 0.2925800085067749, 0.28450000286102295, 0.28595998883247375, 0.29030001163482666, 0.21262000501155853, 0.21998000144958496, 0.287200003862381, 0.292059987783432, 0.293179988861084, 0.2913599908351898, 0.29646000266075134, 0.2888999879360199, 0.2916400134563446, 0.29679998755455017, 0.2973000109195709], "val_loss": [0.8896094560623169, 0.9309871196746826, 0.875259280204773, 0.8360599875450134, 0.8651800751686096, 0.8667344450950623, 1.1118359565734863, 1.0480785369873047, 1.1316217184066772, 1.1712496280670166, 1.2674719095230103, 1.4133853912353516, 1.3113957643508911, 1.4434897899627686, 1.4884248971939087, 1.4653780460357666, 1.2964670658111572, 1.3874034881591797, 1.3664146661758423, 1.766123652458191, 1.578199863433838, 1.5030043125152588, 1.4348393678665161, 1.4756700992584229, 1.6659072637557983, 1.679598093032837, 1.669648289680481, 1.6192383766174316, 1.6098575592041016, 1.5920886993408203, 1.6595675945281982, 1.6547843217849731, 1.675031065940857, 1.649230718612671, 1.634770154953003, 1.6122817993164062, 1.9519290924072266, 1.722338318824768, 1.826640248298645, 1.8639566898345947, 1.787411093711853, 1.6546790599822998, 1.6177068948745728, 1.6419123411178589, 1.6180579662322998, 1.756235122680664, 1.6954740285873413, 1.6530464887619019, 1.626509428024292, 1.6359604597091675], "val_accuracy": [0.6456000208854675, 0.6068999767303467, 0.6926000118255615, 0.6995000243186951, 0.7038000226020813, 0.6906999945640564, 0.5311999917030334, 0.5623999834060669, 0.5346999764442444, 0.5322999954223633, 0.48570001125335693, 0.4390999972820282, 0.4332999885082245, 0.44909998774528503, 0.4016000032424927, 0.4056999981403351, 0.43309998512268066, 0.45890000462532043, 0.46970000863075256, 0.26570001244544983, 0.32899999618530273, 0.37040001153945923, 0.3763999938964844, 0.35089999437332153, 0.2892000079154968, 0.2750999927520752, 0.30390000343322754, 0.2791000008583069, 0.2992999851703644, 0.29989999532699585, 0.28850001096725464, 0.2833999991416931, 0.28700000047683716, 0.290800005197525, 0.29319998621940613, 0.27950000762939453, 0.2712000012397766, 0.28870001435279846, 0.2092999964952469, 0.19670000672340393, 0.2806999981403351, 0.29989999532699585, 0.30309998989105225, 0.2806999981403351, 0.2863999903202057, 0.2939000129699707, 0.2883000075817108, 0.29600000381469727, 0.2903999984264374, 0.3000999987125397]}