{"loss": [0.2798098027706146, 0.1305008977651596, 0.09528308361768723, 0.07435299456119537, 0.05944698676466942, 0.04893568903207779, 0.040531717240810394, 0.03365201875567436, 0.02735365927219391, 0.022390708327293396, 0.01982833445072174, 0.014306913129985332, 0.01241463515907526, 0.009771491400897503, 0.008580487221479416, 0.006503854878246784, 0.004446679260581732, 0.0039546797052025795, 0.0037481924518942833, 0.0024813192430883646, 0.0025688381865620613, 0.001853238558396697, 0.0022036642767488956, 0.0008119891281239688, 0.0010991378221660852, 0.0007730559445917606, 0.00020611404033843428, 0.002203933196142316, 0.0002156225236831233, 0.00012003228039247915, 0.001685728202573955, 0.0006825619493611157, 0.00029979192186146975, 7.397960871458054e-05, 5.231794420978986e-05, 0.0013428214006125927, 0.00047274018288590014, 5.6710960052441806e-05, 3.614674278651364e-05, 3.2338084565708414e-05, 0.0009796966332942247, 0.0005298689939081669, 6.221026706043631e-05, 2.565290742495563e-05, 1.9721539501915686e-05, 0.0012803416466340423, 0.00012463657185435295, 2.457262235111557e-05, 1.5058602002682164e-05, 0.000516144500579685, 0.0008478459203615785, 0.00011033580813091248, 2.0235554984537885e-05, 1.1458141671027988e-05, 8.833397259877529e-06, 7.578466011182172e-06, 0.0007823976338841021, 7.81045455369167e-05, 1.4705350622534752e-05, 7.279214969457826e-06, 5.208206403040094e-06, 0.00012209141277708113, 0.0016495289746671915, 0.00022053562861401588, 0.0001317333080805838, 1.0924703929049429e-05, 6.586778908967972e-06, 4.8492406676814426e-06, 3.5796988413494546e-06, 0.0004832530103158206, 1.6422181943198666e-05, 5.842212885909248e-06, 4.162598997936584e-06, 3.0470082492684014e-06, 2.328032451259787e-06, 1.8200928479927825e-06, 0.0009753353078849614, 9.06653149286285e-05, 1.4114257282926701e-05, 3.686697482407908e-06, 2.6213135697616963e-06, 1.916285327752121e-06, 1.4265305026128772e-06, 1.0831903409780352e-06, 8.331940080097411e-07, 0.0008533619111403823, 0.00013577801291830838, 5.190771389607107e-06, 2.6410648388264235e-06, 1.7936912399818539e-06, 1.283476194657851e-06, 8.678916287863103e-07, 6.423976515179675e-07, 4.762484024922742e-07, 0.0001224484876729548, 0.0008620137232355773, 7.52826890675351e-05, 3.1923070764605654e-06, 2.0095210402359953e-06, 1.3815897546010092e-06], "accuracy": [0.9161999821662903, 0.9602000117301941, 0.9706000089645386, 0.9773200154304504, 0.9819999933242798, 0.9844800233840942, 0.987280011177063, 0.9894199967384338, 0.9911400079727173, 0.9928799867630005, 0.9932799935340881, 0.9956600069999695, 0.9960200190544128, 0.996999979019165, 0.9975000023841858, 0.9983800053596497, 0.9990599751472473, 0.9991000294685364, 0.9988399744033813, 0.9995200037956238, 0.9994400143623352, 0.9996399879455566, 0.9994800090789795, 0.9998999834060669, 0.9998400211334229, 0.9999200105667114, 1.0, 0.9993000030517578, 1.0, 1.0, 0.999459981918335, 0.9998400211334229, 0.9999799728393555, 1.0, 1.0, 0.9995999932289124, 0.9998400211334229, 1.0, 1.0, 1.0, 0.9997000098228455, 0.9998599886894226, 1.0, 1.0, 1.0, 0.9995800256729126, 1.0, 1.0, 1.0, 0.9998800158500671, 0.999779999256134, 1.0, 1.0, 1.0, 1.0, 1.0, 0.9997400045394897, 1.0, 1.0, 1.0, 1.0, 0.9999600052833557, 0.9993799924850464, 0.9999200105667114, 0.9999600052833557, 1.0, 1.0, 1.0, 1.0, 0.9998000264167786, 1.0, 1.0, 1.0, 1.0, 1.0, 1.0, 0.9996399879455566, 1.0, 1.0, 1.0, 1.0, 1.0, 1.0, 1.0, 1.0, 0.9996799826622009, 0.9999399781227112, 1.0, 1.0, 1.0, 1.0, 1.0, 1.0, 1.0, 0.9999600052833557, 0.9997199773788452, 0.9999600052833557, 1.0, 1.0, 1.0], "val_loss": [0.1585068553686142, 0.11653062701225281, 0.11509587615728378, 0.10735009610652924, 0.10380171984434128, 0.09510205686092377, 0.10540364682674408, 0.1022380068898201, 0.10322149842977524, 0.10095466673374176, 0.11141212284564972, 0.10993001610040665, 0.11848941445350647, 0.11902878433465958, 0.12231281399726868, 0.12373986840248108, 0.12841537594795227, 0.1435970813035965, 0.1314893215894699, 0.13763317465782166, 0.14432169497013092, 0.16071604192256927, 0.14870181679725647, 0.14805619418621063, 0.1579819619655609, 0.15004879236221313, 0.15730106830596924, 0.1615006923675537, 0.1571878343820572, 0.1618192195892334, 0.16159170866012573, 0.16861794888973236, 0.16596561670303345, 0.1665240377187729, 0.16748668253421783, 0.18010398745536804, 0.17283856868743896, 0.17696242034435272, 0.1792466640472412, 0.18341298401355743, 0.19122877717018127, 0.186029851436615, 0.18349145352840424, 0.18647055327892303, 0.19362258911132812, 0.20143985748291016, 0.19365184009075165, 0.19358235597610474, 0.195672407746315, 0.199395090341568, 0.20442743599414825, 0.19874510169029236, 0.20004525780677795, 0.20026598870754242, 0.20129895210266113, 0.21598036587238312, 0.22312138974666595, 0.21231691539287567, 0.21349528431892395, 0.2136443853378296, 0.2152477502822876, 0.24072717130184174, 0.21749725937843323, 0.23897482454776764, 0.2136504203081131, 0.2127784639596939, 0.21274541318416595, 0.21328987181186676, 0.218400776386261, 0.22041533887386322, 0.2194712907075882, 0.21991658210754395, 0.22069208323955536, 0.22177310287952423, 0.2243560254573822, 0.23457947373390198, 0.24864383041858673, 0.24097371101379395, 0.2386978566646576, 0.23741789162158966, 0.23717717826366425, 0.23796303570270538, 0.2391255646944046, 0.2420630156993866, 0.2456621527671814, 0.26025307178497314, 0.24911785125732422, 0.24913913011550903, 0.24882660806179047, 0.24768325686454773, 0.24743200838565826, 0.24993528425693512, 0.24984757602214813, 0.25334644317626953, 0.2881251871585846, 0.2757868766784668, 0.25946080684661865, 0.25788766145706177, 0.25684425234794617, 0.2568894326686859], "val_accuracy": [0.9541000127792358, 0.9649999737739563, 0.9645000100135803, 0.9685999751091003, 0.9667999744415283, 0.9726999998092651, 0.97079998254776, 0.9713000059127808, 0.972100019454956, 0.9742000102996826, 0.973800003528595, 0.9732999801635742, 0.972100019454956, 0.9750999808311462, 0.9750000238418579, 0.9750000238418579, 0.9747999906539917, 0.972000002861023, 0.9746999740600586, 0.9753999710083008, 0.9753000140190125, 0.9732999801635742, 0.9754999876022339, 0.9750999808311462, 0.973800003528595, 0.9753000140190125, 0.9754999876022339, 0.9757999777793884, 0.9761999845504761, 0.9761999845504761, 0.9742000102996826, 0.9763000011444092, 0.9761999845504761, 0.9757999777793884, 0.9764000177383423, 0.9746999740600586, 0.9765999913215637, 0.9768999814987183, 0.9771999716758728, 0.9769999980926514, 0.9753000140190125, 0.975600004196167, 0.9764999747276306, 0.9768000245094299, 0.9761000275611877, 0.9754999876022339, 0.9761000275611877, 0.9758999943733215, 0.9764000177383423, 0.9750999808311462, 0.9763000011444092, 0.9764000177383423, 0.9761999845504761, 0.9758999943733215, 0.9771000146865845, 0.9771999716758728, 0.9764000177383423, 0.977400004863739, 0.9769999980926514, 0.9768999814987183, 0.9772999882698059, 0.9761000275611877, 0.9751999974250793, 0.9740999937057495, 0.9754999876022339, 0.9768999814987183, 0.9768999814987183, 0.9776999950408936, 0.9771000146865845, 0.9769999980926514, 0.977400004863739, 0.9776999950408936, 0.9779000282287598, 0.9779000282287598, 0.9782000184059143, 0.9781000018119812, 0.9753000140190125, 0.975600004196167, 0.9764000177383423, 0.9768000245094299, 0.9768000245094299, 0.9772999882698059, 0.9772999882698059, 0.9775000214576721, 0.9771000146865845, 0.975600004196167, 0.9772999882698059, 0.9775000214576721, 0.9779000282287598, 0.9778000116348267, 0.9775000214576721, 0.9771000146865845, 0.9771999716758728, 0.9768000245094299, 0.9757999777793884, 0.9742000102996826, 0.9763000011444092, 0.9767000079154968, 0.9765999913215637, 0.9767000079154968]}