{"loss": [0.3038914203643799, 0.13457834720611572, 0.09783586114645004, 0.07224789261817932, 0.06179037690162659, 0.04807417467236519, 0.04427054524421692, 0.0418841689825058, 0.034219369292259216, 0.030868200585246086, 0.027090534567832947, 0.025671131908893585, 0.022175297141075134, 0.0239016804844141, 0.01926807500422001, 0.021292291581630707, 0.019343411549925804, 0.01969081163406372, 0.01431761123239994, 0.02026302181184292, 0.013583558611571789, 0.0122263478115201, 0.019562052562832832, 0.009366004727780819, 0.017145510762929916, 0.011324186809360981, 0.02204548753798008, 0.011951783671975136, 0.011900844983756542, 0.015104465186595917, 0.01274820789694786, 0.011799206957221031, 0.013499269261956215, 0.01065250113606453, 0.012752403505146503, 0.01375073567032814, 0.009066661819815636, 0.014264742843806744, 0.011964033357799053, 0.010046974755823612, 0.010220770724117756, 0.016430793330073357, 0.010934686288237572, 0.009304665960371494, 0.014276718720793724, 0.00652362871915102, 0.010686262510716915, 0.013760516420006752, 0.01334395632147789, 0.009349548257887363, 0.00749922776594758, 0.013487843796610832, 0.010852384380996227, 0.008619270287454128, 0.008325967006385326, 0.00818032119423151, 0.012281415984034538, 0.009737902320921421, 0.011095426045358181, 0.009938817471265793, 0.008804956451058388, 0.007874617353081703, 0.012978044338524342, 0.012028525583446026, 0.0069011845625936985, 0.012211042456328869, 0.01413582544773817, 0.008447506465017796, 0.008902009576559067, 0.006721303798258305, 0.010098619386553764, 0.012349259108304977, 0.009450254030525684, 0.010868486016988754, 0.006290523800998926, 0.01235233899205923, 0.014816181734204292, 0.007540274877101183, 0.008555718697607517, 0.011710288934409618, 0.010194172151386738, 0.007085397373884916, 0.01302032358944416, 0.01265395525842905, 0.004785159137099981, 0.011055578477680683, 0.009464624337852001, 0.008614595048129559, 0.010739017277956009, 0.008779177442193031, 0.003915721550583839, 0.01150020956993103, 0.00954755861312151, 0.009369200095534325, 0.010144850239157677, 0.007225707173347473, 0.008782178163528442, 0.012003383599221706, 0.007371046114712954, 0.009961226023733616], "accuracy": [0.9090800285339355, 0.9589599967002869, 0.9690799713134766, 0.9771400094032288, 0.9796199798583984, 0.9844200015068054, 0.9851199984550476, 0.9861999750137329, 0.9888399839401245, 0.9887800216674805, 0.9902999997138977, 0.991320013999939, 0.99235999584198, 0.9919999837875366, 0.9933800101280212, 0.9930800199508667, 0.9936400055885315, 0.9937199950218201, 0.9947999715805054, 0.9935200214385986, 0.9954000115394592, 0.9957799911499023, 0.9937400221824646, 0.9966999888420105, 0.9942799806594849, 0.9965000152587891, 0.9932799935340881, 0.9960799813270569, 0.9962599873542786, 0.9952999949455261, 0.9958599805831909, 0.9965800046920776, 0.9959800243377686, 0.9966800212860107, 0.9959999918937683, 0.9961000084877014, 0.9972800016403198, 0.9957399964332581, 0.9965400099754333, 0.9973000288009644, 0.9970399737358093, 0.9955599904060364, 0.9966800212860107, 0.9974799752235413, 0.9965199828147888, 0.9978600144386292, 0.997160017490387, 0.9963200092315674, 0.9966800212860107, 0.9976000189781189, 0.9979599714279175, 0.996720016002655, 0.9970999956130981, 0.9972000122070312, 0.9976400136947632, 0.9976599812507629, 0.9965800046920776, 0.9976599812507629, 0.9973599910736084, 0.997160017490387, 0.9976400136947632, 0.9978399872779846, 0.9972599744796753, 0.9973199963569641, 0.9981399774551392, 0.9972599744796753, 0.9969199895858765, 0.997979998588562, 0.9980400204658508, 0.9980999827384949, 0.9980400204658508, 0.997160017490387, 0.9976999759674072, 0.9978200197219849, 0.9982799887657166, 0.9974200129508972, 0.9970200061798096, 0.9983199834823608, 0.9978399872779846, 0.9978399872779846, 0.9973800182342529, 0.9983000159263611, 0.9978399872779846, 0.9973199963569641, 0.9989200234413147, 0.9976199865341187, 0.9979000091552734, 0.9980599880218506, 0.9979599714279175, 0.9979599714279175, 0.9990000128746033, 0.9978200197219849, 0.9978200197219849, 0.9981200098991394, 0.9978799819946289, 0.9986000061035156, 0.9981399774551392, 0.9976800084114075, 0.9983400106430054, 0.9983400106430054], "val_loss": [0.160209521651268, 0.1340457797050476, 0.11131385713815689, 0.12304941564798355, 0.11283929646015167, 0.12107556313276291, 0.13399344682693481, 0.12188560515642166, 0.13084188103675842, 0.14612600207328796, 0.14560909569263458, 0.14902237057685852, 0.146926611661911, 0.17066818475723267, 0.18718574941158295, 0.17177991569042206, 0.2035863995552063, 0.1939786821603775, 0.19684596359729767, 0.1865641474723816, 0.21185310184955597, 0.20548224449157715, 0.19026178121566772, 0.24589358270168304, 0.21219316124916077, 0.22665175795555115, 0.2302141785621643, 0.21389968693256378, 0.25422608852386475, 0.2428772896528244, 0.23488588631153107, 0.2547623813152313, 0.25438013672828674, 0.23827949166297913, 0.26243725419044495, 0.2434834986925125, 0.2924756705760956, 0.28231576085090637, 0.2859995365142822, 0.24323564767837524, 0.29878735542297363, 0.29269570112228394, 0.29553407430648804, 0.3072444200515747, 0.29529377818107605, 0.2774043381214142, 0.29616767168045044, 0.29963117837905884, 0.28987249732017517, 0.3047352731227875, 0.29638800024986267, 0.3332071006298065, 0.3374977707862854, 0.3238920569419861, 0.3451833724975586, 0.3578595817089081, 0.3529185950756073, 0.33959412574768066, 0.34975653886795044, 0.3481800854206085, 0.3363279402256012, 0.3403778672218323, 0.367981880903244, 0.3724074363708496, 0.347311794757843, 0.3583661615848541, 0.39336636662483215, 0.38039490580558777, 0.3883141279220581, 0.3453059792518616, 0.3601008355617523, 0.4071058928966522, 0.391148179769516, 0.4051838219165802, 0.46547213196754456, 0.4121250510215759, 0.4007875323295593, 0.40887323021888733, 0.42493242025375366, 0.4428027868270874, 0.43698355555534363, 0.4244987368583679, 0.47276705503463745, 0.4512801766395569, 0.4319654703140259, 0.43355244398117065, 0.4564623534679413, 0.4606168568134308, 0.5014743208885193, 0.4537097215652466, 0.5302338004112244, 0.501279890537262, 0.5486962795257568, 0.49570250511169434, 0.5432577729225159, 0.5092869400978088, 0.5191389918327332, 0.49786949157714844, 0.5262991189956665, 0.5511457324028015],