{"loss": [0.3000122010707855, 0.1370789110660553, 0.09996230155229568, 0.07961753755807877, 0.06486830860376358, 0.05202752351760864, 0.044006600975990295, 0.04024015739560127, 0.03609584644436836, 0.0320899523794651, 0.026825690641999245, 0.02695433422923088, 0.020358813926577568, 0.02044099196791649, 0.024173850193619728, 0.02267106994986534, 0.016786115244030952, 0.0198769923299551, 0.01699209399521351, 0.018672743812203407, 0.018107058480381966, 0.014336315914988518, 0.01776290498673916, 0.012027394957840443, 0.016279328614473343, 0.010520289652049541, 0.014513093046844006, 0.015366638079285622, 0.01658916287124157, 0.012417924590408802, 0.012299103662371635, 0.014054415747523308, 0.016439341008663177, 0.012066598981618881, 0.01341670285910368, 0.010295656509697437, 0.012039164081215858, 0.011974667198956013, 0.014499934390187263, 0.009852922521531582, 0.011581321246922016, 0.01462557539343834, 0.011525625362992287, 0.01279518660157919, 0.0102232052013278, 0.011379069648683071, 0.012734704650938511, 0.014494034461677074, 0.007442241068929434, 0.006524275057017803], "accuracy": [0.9109799861907959, 0.9582800269126892, 0.9682599902153015, 0.9749799966812134, 0.9790599942207336, 0.9832199811935425, 0.9858599901199341, 0.9861000180244446, 0.9874200224876404, 0.9891999959945679, 0.9911400079727173, 0.9907400012016296, 0.9934200048446655, 0.9928399920463562, 0.9918199777603149, 0.9924600124359131, 0.9941800236701965, 0.9930999875068665, 0.9941400289535522, 0.993939995765686, 0.9938799738883972, 0.9947800040245056, 0.9939200282096863, 0.9964200258255005, 0.9950000047683716, 0.9964399933815002, 0.995199978351593, 0.9950799942016602, 0.9949600100517273, 0.9958800077438354, 0.9960799813270569, 0.995959997177124, 0.9948999881744385, 0.9966400265693665, 0.9958999752998352, 0.9970800280570984, 0.9965599775314331, 0.9963200092315674, 0.9960200190544128, 0.9967399835586548, 0.996999979019165, 0.9958999752998352, 0.9966800212860107, 0.9965999722480774, 0.9973000288009644, 0.9970999956130981, 0.9965199828147888, 0.9962000250816345, 0.9976599812507629, 0.9982799887657166], "val_loss": [0.158851757645607, 0.13048605620861053, 0.12409959733486176, 0.12343262881040573, 0.130983367562294, 0.11169476062059402, 0.11450193077325821, 0.12728652358055115, 0.12827236950397491, 0.1349421739578247, 0.1328023374080658, 0.13137172162532806, 0.15004341304302216, 0.16366039216518402, 0.17857961356639862, 0.18186265230178833, 0.1732764095067978, 0.20059795677661896, 0.18528306484222412, 0.2058938443660736, 0.19005374610424042, 0.19648407399654388, 0.1959061473608017, 0.2130923569202423, 0.20023253560066223, 0.21260708570480347, 0.2586274743080139, 0.23080329596996307, 0.23139269649982452, 0.2565142810344696, 0.23442907631397247, 0.25081703066825867, 0.27796679735183716, 0.27129536867141724, 0.2788679003715515, 0.25760871171951294, 0.3077801764011383, 0.29880228638648987, 0.2550462782382965, 0.30818334221839905, 0.2836008667945862, 0.31943944096565247, 0.32853370904922485, 0.2735159993171692, 0.3129982650279999, 0.2827937602996826, 0.30684754252433777, 0.28409233689308167, 0.3068159520626068, 0.3644651472568512], "val_accuracy": [0.9520999789237976, 0.9613000154495239, 0.9625999927520752, 0.9639000296592712, 0.9641000032424927, 0.970300018787384, 0.9704999923706055, 0.9707000255584717, 0.9696000218391418, 0.9696000218391418, 0.9699000120162964, 0.972599983215332, 0.9711999893188477, 0.9686999917030334, 0.9682999849319458, 0.9675999879837036, 0.9696999788284302, 0.9672999978065491, 0.9696999788284302, 0.9668999910354614, 0.9707000255584717, 0.9722999930381775, 0.9695000052452087, 0.9692000150680542, 0.972100019454956, 0.9718000292778015, 0.9690999984741211, 0.9725000262260437, 0.9693999886512756, 0.9685999751091003, 0.9706000089645386, 0.9717000126838684, 0.9700000286102295, 0.9703999757766724, 0.9703999757766724, 0.9721999764442444, 0.9650999903678894, 0.9685999751091003, 0.9731000065803528, 0.9704999923706055, 0.9703999757766724, 0.9725000262260437, 0.9710999727249146, 0.9724000096321106, 0.970300018787384, 0.9731000065803528, 0.97079998254776, 0.9739000201225281, 0.9722999930381775, 0.967199981212616]}