{"loss": [0.8624135851860046, 0.8848970532417297, 1.5174564123153687, 1.6191104650497437, 1.7184194326400757, 1.6783573627471924, 1.6812324523925781, 1.8623868227005005, 1.8634059429168701, 1.8484286069869995, 1.8508331775665283, 1.856993556022644, 1.8541980981826782, 1.840976595878601, 1.829545497894287, 1.8378684520721436, 1.8286129236221313, 1.8375035524368286, 1.8466994762420654, 1.8460103273391724, 1.8751734495162964, 1.8577024936676025, 1.8705309629440308, 1.8521755933761597, 1.841057538986206, 1.833406686782837, 1.8573315143585205, 1.8580011129379272, 1.8453028202056885, 1.8402143716812134, 1.970882534980774, 1.8488984107971191, 1.8692724704742432, 1.8763134479522705, 1.850063443183899, 1.9035691022872925, 1.8986397981643677, 1.869570255279541, 1.8590012788772583, 1.8680145740509033, 1.836695909500122, 1.8419426679611206, 1.838281512260437, 1.8348784446716309, 1.823646068572998, 1.8257766962051392, 1.821894884109497, 1.8201416730880737, 1.8303287029266357, 1.8387309312820435, 1.8490722179412842, 1.8557517528533936, 1.8226876258850098, 1.842942237854004, 1.8304225206375122, 1.8257369995117188, 1.8274842500686646, 1.8141593933105469, 1.813565731048584, 1.8158667087554932, 1.823811411857605, 1.8278001546859741, 1.824910044670105, 1.873321533203125, 1.864068627357483, 1.830486536026001, 1.832811713218689, 1.8267165422439575, 1.825392246246338, 1.8327592611312866, 1.8597203493118286, 1.824531078338623, 1.8305323123931885, 1.8225265741348267, 1.8199660778045654, 1.8251242637634277, 1.8239657878875732, 1.8307313919067383, 1.8600995540618896, 1.8464155197143555, 1.851108431816101, 1.8516093492507935, 1.8508628606796265, 1.8513482809066772, 1.8515886068344116, 1.8510695695877075, 1.8513048887252808, 1.8512903451919556, 1.8509711027145386, 1.8515819311141968, 1.851864218711853, 1.8505443334579468, 1.8511028289794922, 1.8508228063583374, 1.851393222808838, 1.8510061502456665, 1.8510081768035889, 1.8508590459823608, 1.8506205081939697, 1.850348949432373], "accuracy": [0.7556399703025818, 0.7241399884223938, 0.3857400119304657, 0.3248000144958496, 0.28369998931884766, 0.28271999955177307, 0.28387999534606934, 0.19878000020980835, 0.19857999682426453, 0.19687999784946442, 0.19662000238895416, 0.1957399994134903, 0.19881999492645264, 0.19979999959468842, 0.2007800042629242, 0.1994599997997284, 0.1982399970293045, 0.19993999600410461, 0.19913999736309052, 0.19991999864578247, 0.19115999341011047, 0.19740000367164612, 0.19912000000476837, 0.19662000238895416, 0.19947999715805054, 0.2011999934911728, 0.19995999336242676, 0.2024800032377243, 0.20284000039100647, 0.20236000418663025, 0.20134000480175018, 0.20160000026226044, 0.1940000057220459, 0.1960200071334839, 0.19859999418258667, 0.19901999831199646, 0.19575999677181244, 0.20005999505519867, 0.20309999585151672, 0.19672000408172607, 0.19935999810695648, 0.20122000575065613, 0.20071999728679657, 0.2001200020313263, 0.2020999938249588, 0.1988999992609024, 0.20375999808311462, 0.20282000303268433, 0.19886000454425812, 0.19881999492645264, 0.2001200020313263, 0.19833999872207642, 0.20166000723838806, 0.19905999302864075, 0.20042000710964203, 0.20112000405788422, 0.19832000136375427, 0.20110000669956207, 0.19898000359535217, 0.20377999544143677, 0.20081999897956848, 0.20117999613285065, 0.2010200023651123, 0.20081999897956848, 0.20095999538898468, 0.20389999449253082, 0.20392000675201416, 0.20097999274730682, 0.20406000316143036, 0.20015999674797058, 0.19979999959468842, 0.20333999395370483, 0.19944000244140625, 0.20214000344276428, 0.20046000182628632, 0.20146000385284424, 0.20226000249385834, 0.19995999336242676, 0.20148000121116638, 0.20149999856948853, 0.1978600025177002, 0.20175999402999878, 0.20360000431537628, 0.19886000454425812, 0.20047999918460846, 0.19990000128746033, 0.2003600001335144, 0.20180000364780426, 0.20358000695705414, 0.20080000162124634, 0.20190000534057617, 0.20273999869823456, 0.2001200020313263, 0.2018200010061264, 0.2010200023651123, 0.19988000392913818, 0.2024800032377243, 0.19884000718593597, 0.20093999803066254, 0.19978000223636627], "val_loss": [0.6401085257530212, 1.1907943487167358, 1.7553023099899292, 1.7404626607894897, 1.7031322717666626, 1.6640169620513916, 2.1295881271362305, 1.849239468574524, 1.8438760042190552, 1.8549712896347046, 1.8779853582382202, 1.824561357498169, 1.8503291606903076, 1.8166096210479736, 1.8022338151931763, 1.8273277282714844, 1.8251900672912598, 1.8105676174163818, 1.809842586517334, 1.8790996074676514, 1.8494622707366943, 1.8280129432678223, 1.8520437479019165, 1.8296257257461548, 1.8329652547836304, 1.8147865533828735, 1.869682788848877, 1.8455780744552612, 1.8134946823120117, 1.835775375366211, 1.839043140411377, 1.846402883529663, 1.9015806913375854, 1.8746142387390137, 1.8727256059646606, 1.8749336004257202, 1.8948312997817993, 1.832876205444336, 1.8530904054641724, 1.8215577602386475, 1.8390300273895264, 1.8656246662139893, 1.8369905948638916, 1.8132537603378296, 1.8080828189849854, 1.821175217628479, 1.8108818531036377, 1.8210862874984741, 1.823353886604309, 1.8142093420028687, 1.8821250200271606, 1.8032585382461548, 1.8200708627700806, 1.812565803527832, 1.8151781558990479, 1.8086605072021484, 1.8215848207473755, 1.8181287050247192, 1.804669737815857, 1.814194679260254, 1.8126039505004883, 1.8248921632766724, 1.8264636993408203, 1.885748267173767, 1.8055435419082642, 1.8236805200576782, 1.8134878873825073, 1.8083832263946533, 1.8119025230407715, 1.810594916343689, 1.8106355667114258, 1.8064793348312378, 1.8233193159103394, 1.8042980432510376, 1.8067281246185303, 1.8056848049163818, 1.8074458837509155, 1.8312324285507202, 1.8380084037780762, 1.8349202871322632, 1.831807017326355, 1.8556596040725708, 1.8333660364151, 1.8404312133789062, 1.8330680131912231, 1.8439091444015503, 1.8376963138580322, 1.8353997468948364, 1.8476786613464355, 1.8329472541809082, 1.83833909034729, 1.83760666847229, 1.8395181894302368, 1.8429781198501587, 1.84929358959198, 1.8484597206115723, 1.840330719947815, 1.8381636142730713, 1.8382021188735962, 1.8353657722473145],