{"loss": [0.3997504413127899, 0.17906440794467926, 0.13331151008605957, 0.1057300791144371, 0.08634598553180695, 0.07285763323307037, 0.061883341521024704, 0.052761275321245193, 0.0444689616560936, 0.03815222904086113, 0.03206401318311691, 0.028563346713781357, 0.02308853529393673, 0.020778225734829903, 0.01776892878115177, 0.014386292546987534, 0.012667530216276646, 0.012744812294840813, 0.011619128286838531, 0.008395189419388771, 0.008340938948094845, 0.009012654423713684, 0.0056574055925011635, 0.009359213523566723, 0.007349234540015459, 0.004075603559613228, 0.009948081336915493, 0.006920418236404657, 0.004945770371705294, 0.0027638257015496492, 0.006681375205516815, 0.0093882717192173, 0.003691169200465083, 0.005371198058128357, 0.003939017187803984, 0.006663154345005751, 0.006489073392003775, 0.002347372705116868, 0.006696803495287895, 0.004705327562987804, 0.005166009534150362, 0.002343741012737155, 0.006527252960950136, 0.0045282128266990185, 0.0035433394368737936, 0.003903305158019066, 0.0037986920215189457, 0.002897411584854126, 0.0013373270630836487, 0.007303372025489807, 0.00567220151424408, 0.003821880789473653, 0.001183896092697978, 0.003567969426512718, 0.005874549970030785, 0.004633041564375162, 0.0025829903315752745, 0.004064215812832117, 0.004754181019961834, 0.0033092426601797342, 0.0028292606584727764, 0.002821069909259677, 0.0013811904937028885, 0.0072730411775410175, 0.0018729951698333025, 0.003998103551566601, 0.0013880578335374594, 0.005531900096684694, 0.0037818371783941984, 0.0014395295875146985, 0.0032057720236480236, 0.004982803948223591, 0.0025606448762118816, 0.003914115950465202, 0.0028787904884666204, 0.00276710232719779, 0.003542279591783881, 0.004193390719592571, 0.001362933311611414, 0.0020810544956475496, 0.008317026309669018, 0.0010506152175366879, 0.00021662776998709887, 0.005607852712273598, 0.0031250661704689264, 0.0007007877575233579, 0.00449980515986681, 0.006335170939564705, 0.004218770656734705, 0.0013645050348713994, 0.0030818062368780375, 0.00362149509601295, 0.0011902801925316453, 0.005183669272810221, 0.0009577983873896301, 0.0004919010680168867, 0.006797251757234335, 0.001626659999601543, 0.0037528835237026215, 0.003135827137157321], "accuracy": [0.8893399834632874, 0.9467599987983704, 0.9608200192451477, 0.9690399765968323, 0.9741600155830383, 0.9776800274848938, 0.9812399744987488, 0.9843199849128723, 0.9864000082015991, 0.9886599779129028, 0.9906399846076965, 0.9911199808120728, 0.9929599761962891, 0.9936599731445312, 0.9947599768638611, 0.9958400130271912, 0.9964399933815002, 0.9962599873542786, 0.9963200092315674, 0.9975799918174744, 0.9976199865341187, 0.997160017490387, 0.9986799955368042, 0.996720016002655, 0.997759997844696, 0.998960018157959, 0.9962800145149231, 0.9977399706840515, 0.9985399842262268, 0.999239981174469, 0.997979998588562, 0.9967399835586548, 0.9990400075912476, 0.9980800151824951, 0.9988999962806702, 0.9976999759674072, 0.9977399706840515, 0.9994400143623352, 0.9977999925613403, 0.9983400106430054, 0.9981799721717834, 0.9993000030517578, 0.997759997844696, 0.9984400272369385, 0.9987999796867371, 0.9986799955368042, 0.9986799955368042, 0.9991199970245361, 0.9997000098228455, 0.997759997844696, 0.9980400204658508, 0.9988399744033813, 0.9995399713516235, 0.999019980430603, 0.9980800151824951, 0.9981799721717834, 0.9990599751472473, 0.9984800219535828, 0.9983599781990051, 0.9989399909973145, 0.999019980430603, 0.9991000294685364, 0.9995399713516235, 0.9974200129508972, 0.9992799758911133, 0.9987800121307373, 0.9995399713516235, 0.9981200098991394, 0.9987000226974487, 0.9995599985122681, 0.9989799857139587, 0.9982600212097168, 0.9991199970245361, 0.9987599849700928, 0.9992600083351135, 0.9991999864578247, 0.9991199970245361, 0.9985399842262268, 0.9996399879455566, 0.9994199872016907, 0.9976199865341187, 0.9995399713516235, 0.9999399781227112, 0.9982799887657166, 0.9990400075912476, 0.9998199939727783, 0.9984999895095825, 0.9981799721717834, 0.9984800219535828, 0.9996200203895569, 0.9991000294685364, 0.9989399909973145, 0.9996799826622009, 0.9983800053596497, 0.9996799826622009, 0.9998599886894226, 0.9977999925613403, 0.9994400143623352, 0.9986400008201599, 0.9990000128746033], "val_loss": [0.22770847380161285, 0.16144797205924988, 0.1371392160654068, 0.12146837264299393, 0.11760856956243515, 0.11311596632003784, 0.10686347633600235, 0.11036253720521927, 0.11385238915681839, 0.11856580525636673, 0.11382796615362167, 0.11199604719877243, 0.11514966934919357, 0.1277155578136444, 0.12966220080852509, 0.13933971524238586, 0.14111661911010742, 0.14137014746665955, 0.15077251195907593, 0.15086014568805695, 0.15944522619247437, 0.1643558293581009, 0.16625283658504486, 0.16970530152320862, 0.18082354962825775, 0.18032711744308472, 0.18965984880924225, 0.19348767399787903, 0.1859072595834732, 0.19650046527385712, 0.21209502220153809, 0.20350199937820435, 0.1892998069524765, 0.20420591533184052, 0.20224536955356598, 0.21847182512283325, 0.21386007964611053, 0.2106436789035797, 0.22301290929317474, 0.21217338740825653, 0.21927331387996674, 0.22296831011772156, 0.2149738222360611, 0.23492327332496643, 0.23245829343795776, 0.24992021918296814, 0.24624858796596527, 0.2237752228975296, 0.21496494114398956, 0.25412517786026, 0.25334909558296204, 0.23767074942588806, 0.2670780420303345, 0.24083144962787628, 0.2576517164707184, 0.26559820771217346, 0.24251167476177216, 0.25620749592781067, 0.2465909868478775, 0.2465987503528595, 0.28131499886512756, 0.2625953257083893, 0.27505379915237427, 0.24951320886611938, 0.2649950385093689, 0.2649819254875183, 0.26951268315315247, 0.27492624521255493, 0.26619526743888855, 0.27561989426612854, 0.31603583693504333, 0.2848668396472931, 0.3189135789871216, 0.3043248653411865, 0.3058881461620331, 0.28525057435035706, 0.3073277473449707, 0.3103291392326355, 0.27846503257751465, 0.3030852973461151, 0.2879343628883362, 0.288850873708725, 0.2986391484737396, 0.2959791123867035, 0.29388585686683655, 0.30087703466415405, 0.29708990454673767, 0.31273987889289856, 0.29687318205833435, 0.28326427936553955, 0.3136615455150604, 0.288030743598938, 0.3077029585838318, 0.3079550266265869, 0.3071214556694031, 0.3163334131240845, 0.32003411650657654, 0.3453763723373413, 0.3205145299434662, 0.31859710812568665],