{"loss": [0.2562312185764313, 0.13343223929405212, 0.10724698007106781, 0.09678497910499573, 0.08577589690685272, 0.0776507556438446, 0.07150965929031372, 0.06973296403884888, 0.07025148719549179, 0.06346076726913452, 0.05883710831403732, 0.05992734059691429, 0.05797494947910309, 0.051815882325172424, 0.0555478110909462, 0.052188143134117126, 0.050214823335409164, 0.049946460872888565, 0.04529215395450592, 0.048215556889772415, 0.0448952354490757, 0.048349324613809586, 0.04628155380487442, 0.04689255729317665, 0.03689918667078018, 0.04610194265842438, 0.0466313436627388, 0.028947453945875168, 0.04820829629898071, 0.0419437550008297, 0.03249236196279526, 0.039432592689991, 0.039310600608587265, 0.038443587720394135, 0.03742411360144615, 0.03933290019631386, 0.03428985923528671, 0.04083402827382088, 0.03707045316696167, 0.039908990263938904, 0.04391863942146301, 0.037392813712358475, 0.03333412483334541, 0.030756792053580284, 0.03046615794301033, 0.0391303226351738, 0.03558073192834854, 0.03252563625574112, 0.029310038313269615, 0.0424313023686409], "accuracy": [0.9205800294876099, 0.9587000012397766, 0.9665799736976624, 0.9699000120162964, 0.9740999937057495, 0.9771999716758728, 0.9786999821662903, 0.9798200130462646, 0.9791200160980225, 0.981440007686615, 0.9827399849891663, 0.9836199879646301, 0.983780026435852, 0.985319972038269, 0.9843599796295166, 0.985759973526001, 0.9861999750137329, 0.987060010433197, 0.9876599907875061, 0.9878000020980835, 0.9884600043296814, 0.9877399802207947, 0.9879800081253052, 0.9884999990463257, 0.9905400276184082, 0.9886199831962585, 0.98853999376297, 0.9926199913024902, 0.9894000291824341, 0.9901000261306763, 0.9918199777603149, 0.9908400177955627, 0.9904599785804749, 0.9912199974060059, 0.990559995174408, 0.9906600117683411, 0.9920399785041809, 0.9911400079727173, 0.9920200109481812, 0.991159975528717, 0.9908999800682068, 0.991919994354248, 0.9927200078964233, 0.9931399822235107, 0.9930800199508667, 0.9926000237464905, 0.9920799732208252, 0.9927999973297119, 0.9939200282096863, 0.9919999837875366], "val_loss": [0.25817689299583435, 0.1709642857313156, 0.1370849758386612, 0.14451004564762115, 0.13995397090911865, 0.17155270278453827, 0.15269304811954498, 0.15829835832118988, 0.19334153831005096, 0.17173291742801666, 0.19691331684589386, 0.19493578374385834, 0.16243816912174225, 0.20734690129756927, 0.19908687472343445, 0.21294641494750977, 0.2457662671804428, 0.21416731178760529, 0.22800898551940918, 0.23832428455352783, 0.22238193452358246, 0.2749193608760834, 0.2325609177350998, 0.24844349920749664, 0.25150731205940247, 0.3011409044265747, 0.2500230669975281, 0.2687397599220276, 0.26465511322021484, 0.255415678024292, 0.29455870389938354, 0.2740757465362549, 0.26883557438850403, 0.26402783393859863, 0.30953991413116455, 0.2960790693759918, 0.3145913779735565, 0.3227914273738861, 0.29233700037002563, 0.3575800657272339, 0.3612343668937683, 0.2949952781200409, 0.3465597331523895, 0.32433852553367615, 0.3888607323169708, 0.40300652384757996, 0.3582414388656616, 0.34078750014305115, 0.37301549315452576, 0.3579521179199219], "val_accuracy": [0.9228000044822693, 0.949999988079071, 0.9621000289916992, 0.9627000093460083, 0.964900016784668, 0.9596999883651733, 0.9657999873161316, 0.9638000130653381, 0.9595000147819519, 0.964900016784668, 0.9652000069618225, 0.9672999978065491, 0.9682999849319458, 0.9642999768257141, 0.9667999744415283, 0.9682999849319458, 0.9617000222206116, 0.9667999744415283, 0.9667999744415283, 0.9678000211715698, 0.9666000008583069, 0.9648000001907349, 0.9657999873161316, 0.9660000205039978, 0.9664000272750854, 0.9635000228881836, 0.9696000218391418, 0.9671000242233276, 0.970300018787384, 0.9667999744415283, 0.9661999940872192, 0.9692999720573425, 0.9685999751091003, 0.9674999713897705, 0.9664999842643738, 0.9671000242233276, 0.9661999940872192, 0.9643999934196472, 0.9670000076293945, 0.963100016117096, 0.9686999917030334, 0.9702000021934509, 0.9685999751091003, 0.9678000211715698, 0.9681000113487244, 0.9646000266075134, 0.9646999835968018, 0.9699000120162964, 0.9635999798774719, 0.9708999991416931]}