{"loss": [0.34616437554359436, 0.2304745465517044, 0.19819431006908417, 0.19061337411403656, 0.18096934258937836, 0.1645301729440689, 0.15439023077487946, 0.15375299751758575, 0.15206493437290192, 0.1480511873960495, 0.1407013088464737, 0.1451481282711029, 0.15274401009082794, 0.1581508219242096, 0.1399133801460266, 0.13443462550640106, 0.12459161132574081, 0.13028225302696228, 0.1458878368139267, 0.13542725145816803, 0.13325437903404236, 0.1291980892419815, 0.1270066350698471, 0.12560175359249115, 0.1411920189857483, 0.12583918869495392, 0.13333988189697266, 0.13161103427410126, 0.1260131299495697, 0.12401726841926575, 0.11886724829673767, 0.12849923968315125, 0.13973847031593323, 0.12100213021039963, 0.11938562244176865, 0.11807093024253845, 0.12299827486276627, 0.13010470569133759, 0.126188725233078, 0.11694515496492386, 0.12182754278182983, 0.12247520685195923, 0.12774799764156342, 0.13369987905025482, 0.12759315967559814, 0.11651137471199036, 0.11151932924985886, 0.11688520759344101, 0.1287303864955902, 0.1386195868253708], "accuracy": [0.8982999920845032, 0.9376000165939331, 0.9471799731254578, 0.9501000046730042, 0.9546800255775452, 0.9593600034713745, 0.9606999754905701, 0.9619799852371216, 0.9617999792098999, 0.9638400077819824, 0.9653599858283997, 0.9648600220680237, 0.9628599882125854, 0.9625999927520752, 0.9668999910354614, 0.9676399827003479, 0.9698399901390076, 0.9685800075531006, 0.9678599834442139, 0.9672799706459045, 0.9686599969863892, 0.9689000248908997, 0.9700400233268738, 0.9695600271224976, 0.9681199789047241, 0.9701600074768066, 0.9696199893951416, 0.9696800112724304, 0.968720018863678, 0.9695600271224976, 0.9707599878311157, 0.9689000248908997, 0.9692000150680542, 0.9707000255584717, 0.9717400074005127, 0.9700199961662292, 0.9702399969100952, 0.969760000705719, 0.9703400135040283, 0.970740020275116, 0.9709799885749817, 0.9709799885749817, 0.9698600172996521, 0.9684600234031677, 0.9687600135803223, 0.9715800285339355, 0.9719799757003784, 0.9721800088882446, 0.9713600277900696, 0.9678999781608582], "val_loss": [0.244535893201828, 0.4800418019294739, 0.19490844011306763, 0.2255987823009491, 0.2656267583370209, 0.2572171688079834, 0.1943562924861908, 0.2188286930322647, 0.19743986427783966, 0.21807192265987396, 0.2442404329776764, 0.2647326588630676, 0.26114195585250854, 0.2635963559150696, 0.28224772214889526, 0.2578425109386444, 0.22490590810775757, 0.2860715389251709, 0.3474046587944031, 0.26147279143333435, 0.23680788278579712, 0.24710388481616974, 0.3146657943725586, 0.28811201453208923, 0.27945905923843384, 0.2671886384487152, 0.3022852838039398, 0.279873788356781, 0.2735154628753662, 0.31680387258529663, 0.3146088421344757, 0.3640879988670349, 0.36448219418525696, 0.36413004994392395, 0.33129268884658813, 0.3238612413406372, 0.3599492013454437, 0.3690548539161682, 0.4014550447463989, 0.470765084028244, 0.40957778692245483, 0.37781086564064026, 0.42005571722984314, 0.4200982451438904, 0.4092923104763031, 0.35407817363739014, 0.3647535741329193, 0.3514324724674225, 0.4419932961463928, 0.4088260233402252], "val_accuracy": [0.9366000294685364, 0.8679999709129333, 0.9506999850273132, 0.9484000205993652, 0.9477999806404114, 0.9483000040054321, 0.9552000164985657, 0.9544000029563904, 0.9591000080108643, 0.9574000239372253, 0.9559000134468079, 0.9491999745368958, 0.9484999775886536, 0.9531999826431274, 0.9555000066757202, 0.9603000283241272, 0.9581000208854675, 0.9503999948501587, 0.951200008392334, 0.95660001039505, 0.953499972820282, 0.9556999802589417, 0.954800009727478, 0.9526000022888184, 0.9480000138282776, 0.955299973487854, 0.9523000121116638, 0.9559000134468079, 0.9584000110626221, 0.9532999992370605, 0.958299994468689, 0.9519000053405762, 0.9506999850273132, 0.9544000029563904, 0.9574000239372253, 0.953000009059906, 0.9545000195503235, 0.9503999948501587, 0.9557999968528748, 0.9139000177383423, 0.9549000263214111, 0.9516000151634216, 0.9534000158309937, 0.9348000288009644, 0.9492999911308289, 0.9478999972343445, 0.955299973487854, 0.9552000164985657, 0.953000009059906, 0.9466999769210815]}