{"loss": [0.2619219422340393, 0.1347777396440506, 0.10631126910448074, 0.09697330743074417, 0.08560656011104584, 0.08284074068069458, 0.07200244814157486, 0.07032684236764908, 0.06590212136507034, 0.06821156293153763, 0.060721505433321, 0.06049446761608124, 0.05580219626426697, 0.05566742271184921, 0.05251450836658478, 0.0512465238571167, 0.05396033823490143, 0.043309617787599564, 0.04949429631233215, 0.04643503576517105, 0.041451532393693924, 0.03707776218652725, 0.051965851336717606, 0.04231631010770798, 0.04401038587093353, 0.03978065773844719, 0.04467437043786049, 0.04010555520653725, 0.04287834092974663, 0.03684740886092186, 0.03264322876930237, 0.050181176513433456, 0.03953022137284279, 0.04341625049710274, 0.03691529855132103, 0.04153912514448166, 0.03516582399606705, 0.040610846132040024, 0.037539344280958176, 0.03739021718502045, 0.038197096437215805, 0.03753501921892166, 0.037980396300554276, 0.03802618011832237, 0.03887578472495079, 0.030443813651800156, 0.03144983947277069, 0.040918607264757156, 0.0347653403878212, 0.03608713671565056, 0.041262075304985046, 0.03589262813329697, 0.03241947293281555, 0.03241876885294914, 0.036111850291490555, 0.03498431295156479, 0.034176915884017944, 0.032792724668979645, 0.03286881744861603, 0.026272887364029884, 0.03606094419956207, 0.04931637644767761, 0.0329517126083374, 0.029232196509838104, 0.036322563886642456, 0.022955158725380898, 0.03625443950295448, 0.03384963795542717, 0.028803646564483643, 0.02175265923142433, 0.03900450840592384, 0.026362396776676178, 0.03603624925017357, 0.029377184808254242, 0.04524895176291466, 0.034022681415081024, 0.03451204672455788, 0.024989858269691467, 0.033561404794454575, 0.025902820751070976, 0.042737673968076706, 0.027540119364857674, 0.02477794513106346, 0.034351177513599396, 0.04303824156522751, 0.037557560950517654, 0.026063373312354088, 0.025336479768157005, 0.04086201265454292, 0.03874240070581436, 0.03065623715519905, 0.03262859955430031, 0.03224598988890648, 0.024505482986569405, 0.0317884124815464, 0.03810330480337143, 0.042054589837789536, 0.030082885175943375, 0.028902260586619377, 0.029823360964655876], "accuracy": [0.9191200137138367, 0.9583799839019775, 0.9668999910354614, 0.9700800180435181, 0.9745200276374817, 0.9749400019645691, 0.9787399768829346, 0.9793999791145325, 0.9805600047111511, 0.9804999828338623, 0.9821799993515015, 0.9826800227165222, 0.9841200113296509, 0.9843199849128723, 0.9853799939155579, 0.9866600036621094, 0.9853000044822693, 0.9874600172042847, 0.9873200058937073, 0.9877399802207947, 0.9884200096130371, 0.9896399974822998, 0.9871000051498413, 0.9891999959945679, 0.9892799854278564, 0.9899600148200989, 0.9892200231552124, 0.9899600148200989, 0.9896000027656555, 0.9909600019454956, 0.9921600222587585, 0.9891999959945679, 0.9912800192832947, 0.9908400177955627, 0.991919994354248, 0.9912199974060059, 0.9920600056648254, 0.9911800026893616, 0.9923200011253357, 0.9918199777603149, 0.9919800162315369, 0.9920200109481812, 0.9922800064086914, 0.9930999875068665, 0.9919400215148926, 0.9930999875068665, 0.993340015411377, 0.992579996585846, 0.992900013923645, 0.9929599761962891, 0.9920399785041809, 0.993340015411377, 0.9936400055885315, 0.9938600063323975, 0.9934800267219543, 0.9928399920463562, 0.993340015411377, 0.9931399822235107, 0.993939995765686, 0.9944199919700623, 0.9931600093841553, 0.9918199777603149, 0.9937800168991089, 0.9942600131034851, 0.9933800101280212, 0.9955599904060364, 0.9942399859428406, 0.9939000010490417, 0.994920015335083, 0.9955999851226807, 0.993179976940155, 0.9948800206184387, 0.9937599897384644, 0.9948599934577942, 0.9925600290298462, 0.9944599866867065, 0.9937800168991089, 0.995199978351593, 0.9944800138473511, 0.9950600266456604, 0.9932799935340881, 0.9950799942016602, 0.9957200288772583, 0.9945399761199951, 0.9933000206947327, 0.9942399859428406, 0.9956200122833252, 0.9955599904060364, 0.9938200116157532, 0.9931399822235107, 0.9948599934577942, 0.9948999881744385, 0.9945999979972839, 0.9957799911499023, 0.994379997253418, 0.9943400025367737, 0.993939995765686, 0.9955199956893921, 0.9952200055122375, 0.9948999881744385], "val_loss": [0.17983002960681915, 0.21836555004119873, 0.13756699860095978, 0.14587970077991486, 0.1373373568058014, 0.15910173952579498, 0.17079229652881622, 0.16415807604789734, 0.16011914610862732, 0.16046087443828583, 0.16407142579555511, 0.2021968513727188, 0.17391888797283173, 0.1731429249048233, 0.2178831249475479, 0.21861577033996582, 0.1973189413547516, 0.22064213454723358, 0.21642820537090302, 0.2532956004142761, 0.23556523025035858, 0.2461734116077423, 0.2565477788448334, 0.2813374400138855, 0.26171383261680603, 0.2794622778892517, 0.2863752245903015, 0.2823731303215027, 0.2936911880970001, 0.32392430305480957, 0.32532328367233276, 0.27234846353530884, 0.3045670986175537, 0.2844277024269104, 0.3623746633529663, 0.3339962661266327, 0.31144747138023376, 0.413288950920105, 0.37687328457832336, 0.3347279727458954, 0.35559430718421936, 0.33741363883018494, 0.3424087166786194, 0.3597886860370636, 0.3584498167037964, 0.3601629137992859, 0.36438867449760437, 0.39041265845298767, 0.3645758330821991, 0.3535428047180176, 0.3998352587223053, 0.3800053298473358, 0.33633047342300415, 0.3850095272064209, 0.37078556418418884, 0.45458418130874634, 0.43047061562538147, 0.4122855067253113, 0.43411949276924133, 0.4618373513221741, 0.5245813131332397, 0.4451480507850647, 0.48368218541145325, 0.4255800247192383, 0.48609647154808044, 0.48242074251174927, 0.4844209551811218, 0.4725416898727417, 0.5053909420967102, 0.5216253995895386, 0.5742907524108887, 0.5870870351791382, 0.5850784778594971, 0.694299042224884, 0.5514676570892334, 0.4756949841976166, 0.554105281829834, 0.559410572052002, 0.4949585795402527, 0.6174427270889282, 0.6797546744346619, 0.6650077104568481, 0.6643883585929871, 0.6587520241737366, 0.5237241387367249, 0.5429340600967407, 0.5944151282310486, 0.6147265434265137, 0.7208926677703857, 0.6875320076942444, 0.7516346573829651, 0.7077502608299255, 0.7696685194969177, 0.819229781627655, 0.7020543217658997, 0.7242852449417114, 0.7038008570671082, 0.6826774477958679, 0.7474874258041382, 0.6231980919837952],