{"loss": [1.6761345863342285, 1.197320818901062, 1.1512327194213867, 1.2459590435028076, 1.2508846521377563, 1.3527326583862305, 1.310210943222046, 1.2690155506134033, 1.3079675436019897, 1.3515821695327759, 1.3369433879852295, 1.3326482772827148, 1.210201382637024, 1.20158851146698, 1.2129995822906494, 1.251827597618103, 1.2567579746246338, 1.2819715738296509, 1.2662129402160645, 1.2747983932495117, 1.296574592590332, 1.2957143783569336, 1.30121910572052, 1.4000287055969238, 1.379655122756958, 1.3459519147872925, 1.352785587310791, 1.3630098104476929, 1.3236087560653687, 1.3094980716705322, 1.336527705192566, 1.366853952407837, 1.3433467149734497, 1.3745324611663818, 1.327605128288269, 1.3229033946990967, 1.3606139421463013, 1.3839261531829834, 1.401404857635498, 1.342699646949768, 1.362957239151001, 1.399458646774292, 1.3648873567581177, 1.3791706562042236, 1.4440397024154663, 1.4130593538284302, 1.4205259084701538, 1.4277392625808716, 1.3987232446670532, 1.4061896800994873, 1.3628078699111938, 1.3473979234695435, 1.3824872970581055, 1.4839887619018555, 1.4581995010375977, 1.3971649408340454, 1.5404504537582397, 1.5620990991592407, 1.542188286781311, 1.5853230953216553, 1.6643013954162598, 1.6601362228393555, 1.6435563564300537, 1.6325751543045044, 1.6127219200134277, 1.5868531465530396, 1.6160587072372437, 1.593029499053955, 1.6100929975509644, 1.610264539718628, 1.5985997915267944, 1.6115684509277344, 1.6403676271438599, 1.611142635345459, 1.6151673793792725, 1.6240421533584595, 1.6395831108093262, 1.6023430824279785, 1.624779224395752, 1.6050007343292236, 1.6304066181182861, 1.611754059791565, 1.595232367515564, 1.597949504852295, 1.6053560972213745, 1.6301242113113403, 1.5994917154312134, 1.601807951927185, 1.6223433017730713, 1.6001566648483276, 1.5974700450897217, 1.5849393606185913, 1.597467064857483, 1.5913383960723877, 1.6138732433319092, 1.5931943655014038, 1.5850385427474976, 1.596101999282837, 1.6215522289276123, 1.6295864582061768], "accuracy": [0.5521199703216553, 0.5695000290870667, 0.6113200187683105, 0.5518800020217896, 0.54721999168396, 0.4721600115299225, 0.516260027885437, 0.5373799800872803, 0.5267999768257141, 0.43389999866485596, 0.43907999992370605, 0.45302000641822815, 0.5256199836730957, 0.5178999900817871, 0.5213000178337097, 0.5182600021362305, 0.5185400247573853, 0.5103600025177002, 0.5111799836158752, 0.49932000041007996, 0.500220000743866, 0.5005999803543091, 0.5078399777412415, 0.44971999526023865, 0.4387199878692627, 0.44637998938560486, 0.44749999046325684, 0.43988001346588135, 0.4528999924659729, 0.45184001326560974, 0.4476200044155121, 0.45179998874664307, 0.44387999176979065, 0.44416001439094543, 0.44481998682022095, 0.44394001364707947, 0.4332999885082245, 0.4449999928474426, 0.44699999690055847, 0.44745999574661255, 0.44694000482559204, 0.44317999482154846, 0.43803998827934265, 0.4352799952030182, 0.42847999930381775, 0.42462000250816345, 0.4300599992275238, 0.43748000264167786, 0.44293999671936035, 0.4426400065422058, 0.4348999857902527, 0.43549999594688416, 0.43178001046180725, 0.42570000886917114, 0.4295400083065033, 0.42357999086380005, 0.4056999981403351, 0.35822001099586487, 0.3529199957847595, 0.3349800109863281, 0.29670000076293945, 0.2893800139427185, 0.29291999340057373, 0.2937999963760376, 0.2948800027370453, 0.2955400049686432, 0.29444000124931335, 0.2987399995326996, 0.294979989528656, 0.296099990606308, 0.29350000619888306, 0.2919600009918213, 0.2916800081729889, 0.29622000455856323, 0.2918199896812439, 0.2970399856567383, 0.29322001338005066, 0.29561999440193176, 0.29405999183654785, 0.29736000299453735, 0.2845599949359894, 0.28981998562812805, 0.2946000099182129, 0.29214000701904297, 0.29444000124931335, 0.29166001081466675, 0.2902800142765045, 0.29486000537872314, 0.29207998514175415, 0.2900800108909607, 0.29444000124931335, 0.29405999183654785, 0.2962000072002411, 0.29684001207351685, 0.2950400114059448, 0.29475998878479004, 0.29572001099586487, 0.2957000136375427, 0.2939000129699707, 0.29148000478744507], "val_loss": [1.1914724111557007, 1.1246048212051392, 1.4660117626190186, 1.165568232536316, 1.3110628128051758, 1.453717589378357, 1.353102684020996, 1.9440982341766357, 1.5557528734207153, 2.047305107116699, 1.3163471221923828, 1.3055541515350342, 1.2255676984786987, 1.3648728132247925, 1.9107060432434082, 1.5202722549438477, 1.2970041036605835, 1.4754188060760498, 1.2444590330123901, 1.4783433675765991, 1.4404157400131226, 1.4453927278518677, 1.4248417615890503, 1.6837042570114136, 1.7488521337509155, 1.6218345165252686, 1.6353521347045898, 1.8016544580459595, 1.598288893699646, 1.5072468519210815, 1.86515474319458, 1.7791537046432495, 1.8473429679870605, 1.7509984970092773, 1.7361928224563599, 1.722266435623169, 1.5310100317001343, 1.7483059167861938, 1.9918019771575928, 1.8097774982452393, 2.2956807613372803, 2.0257039070129395, 1.9570306539535522, 2.1148180961608887, 2.1622676849365234, 2.0192959308624268, 2.064143657684326, 1.8944480419158936, 2.4412848949432373, 1.8859443664550781, 1.740792155265808, 2.5762617588043213, 2.544947385787964, 2.165109395980835, 1.8867238759994507, 2.89432954788208, 2.3286798000335693, 1.8613446950912476, 1.7355525493621826, 1.746138334274292, 2.0010433197021484, 1.840588092803955, 2.3098113536834717, 2.2325775623321533, 2.1976540088653564, 2.641350269317627, 2.271667957305908, 2.4727063179016113, 2.1108782291412354, 2.688997983932495, 1.9809540510177612, 2.5380892753601074, 1.9101372957229614, 2.591346502304077, 2.0480422973632812, 2.4318864345550537, 2.5950005054473877, 2.66220760345459, 2.234800100326538, 2.48777174949646, 2.3344104290008545, 2.6274635791778564, 2.4234390258789062, 2.595384359359741, 2.3102524280548096, 2.431046485900879, 2.2673072814941406, 3.389145612716675, 2.899664878845215, 2.4232804775238037, 2.4710958003997803, 2.5282657146453857, 2.4654200077056885, 2.519327163696289, 2.6522247791290283, 2.652784824371338, 2.7704458236694336, 3.1059255599975586, 2.3919992446899414, 2.4783568382263184],