{"loss": [0.29208818078041077, 0.13278482854366302, 0.09828482568264008, 0.07706917077302933, 0.06533678621053696, 0.05571719631552696, 0.047956932336091995, 0.04201940819621086, 0.03750845044851303, 0.033633504062891006, 0.02927602455019951, 0.027912743389606476, 0.023142237216234207, 0.020514992997050285, 0.017811741679906845, 0.019293976947665215, 0.015825560316443443, 0.014179733581840992, 0.011829357594251633, 0.013122267089784145, 0.01178180892020464, 0.012849080376327038, 0.010203424841165543, 0.011027408763766289, 0.008211401291191578, 0.009544196538627148, 0.00965349655598402, 0.00805919524282217, 0.010065573267638683, 0.010447442531585693, 0.009616825729608536, 0.007575447205454111, 0.005891956388950348, 0.007592025678604841, 0.0062708244659006596, 0.006332527380436659, 0.006188556551933289, 0.005704452283680439, 0.0054703508503735065, 0.005987236276268959, 0.007615432608872652, 0.006103266030550003, 0.006683486979454756, 0.005974678322672844, 0.004978986456990242, 0.0050078146159648895, 0.006776935886591673, 0.006773068103939295, 0.00545518146827817, 0.0055949450470507145, 0.006116567179560661, 0.003395568346604705, 0.00530967814847827, 0.00388593808747828, 0.00473444489762187, 0.004719409625977278, 0.004611779469996691, 0.004614599514752626, 0.005220489576458931, 0.004315088968724012, 0.004659063182771206, 0.0036982852034270763, 0.0037217990029603243, 0.003556200535967946, 0.005076425615698099, 0.0037146781105548143, 0.0029885824769735336, 0.004977702628821135, 0.004560353700071573, 0.002939860802143812, 0.0024640781339257956, 0.002637141151353717, 0.003122013295069337, 0.004457661882042885, 0.00364113412797451, 0.0032448305282741785, 0.004330770578235388, 0.004301632754504681, 0.002774608787149191, 0.003217125777155161, 0.0035518161021173, 0.00612792419269681, 0.004004134330898523, 0.005931104067713022, 0.003957823850214481, 0.003932645544409752, 0.0051188175566494465, 0.0024613223504275084, 0.004508162848651409, 0.0027473552618175745, 0.0025134410243481398, 0.0018544502090662718, 0.003982566297054291, 0.0032525414135307074, 0.0019218643428757787, 0.002339065307751298, 0.0020431915763765574, 0.003146301256492734, 0.0036842809058725834, 0.003513553412631154], "accuracy": [0.912339985370636, 0.9593200087547302, 0.9695600271224976, 0.9762399792671204, 0.9804199934005737, 0.9835000038146973, 0.9859799742698669, 0.987060010433197, 0.9885600209236145, 0.9898399710655212, 0.9912999868392944, 0.9918199777603149, 0.9928600192070007, 0.9936400055885315, 0.9947599768638611, 0.9941999912261963, 0.9948999881744385, 0.9956600069999695, 0.9961599707603455, 0.9959800243377686, 0.9962000250816345, 0.9963399767875671, 0.9968600273132324, 0.9966999888420105, 0.997439980506897, 0.997160017490387, 0.9975399971008301, 0.9975200295448303, 0.997219979763031, 0.9973800182342529, 0.9974600076675415, 0.9981399774551392, 0.9982600212097168, 0.9980199933052063, 0.9983599781990051, 0.9984400272369385, 0.9984800219535828, 0.9983400106430054, 0.9983599781990051, 0.9986199736595154, 0.9983199834823608, 0.9985600113868713, 0.998199999332428, 0.9984599947929382, 0.9988800287246704, 0.9987599849700928, 0.9986199736595154, 0.9983000159263611, 0.998740017414093, 0.9985799789428711, 0.998740017414093, 0.9991400241851807, 0.9989799857139587, 0.9991599917411804, 0.9988399744033813, 0.9989200234413147, 0.9988399744033813, 0.9989200234413147, 0.9988600015640259, 0.9990599751472473, 0.998960018157959, 0.9990599751472473, 0.999180018901825, 0.9991599917411804, 0.999019980430603, 0.9990599751472473, 0.9993199706077576, 0.9990599751472473, 0.9990599751472473, 0.9993399977684021, 0.9993199706077576, 0.9993600249290466, 0.9993199706077576, 0.9991599917411804, 0.9993199706077576, 0.9994000196456909, 0.9991199970245361, 0.9994199872016907, 0.9992799758911133, 0.9991999864578247, 0.9992799758911133, 0.9991000294685364, 0.9991999864578247, 0.999019980430603, 0.999239981174469, 0.9991199970245361, 0.9991599917411804, 0.9993799924850464, 0.9990800023078918, 0.9992200136184692, 0.9994000196456909, 0.9995599985122681, 0.9993000030517578, 0.9992799758911133, 0.9995800256729126, 0.9995999932289124, 0.9996799826622009, 0.9994400143623352, 0.9993000030517578, 0.9994199872016907], "val_loss": [0.15782561898231506, 0.13061831891536713, 0.12624812126159668, 0.11770318448543549, 0.11666763573884964, 0.12654852867126465, 0.14914996922016144, 0.14378882944583893, 0.14984023571014404, 0.16456054151058197, 0.1667383909225464, 0.16124612092971802, 0.19168050587177277, 0.18712367117404938, 0.22157230973243713, 0.2388586699962616, 0.24639174342155457, 0.2430262714624405, 0.2540398836135864, 0.2573249638080597, 0.27282407879829407, 0.2771852910518646, 0.2980867624282837, 0.31897616386413574, 0.3307441771030426, 0.3178671598434448, 0.2963106334209442, 0.365499883890152, 0.3680236339569092, 0.3738003075122833, 0.4050476551055908, 0.37426090240478516, 0.36958059668540955, 0.401439368724823, 0.3800670802593231, 0.41944199800491333, 0.42217323184013367, 0.4300672709941864, 0.4036688804626465, 0.4317223131656647, 0.44212859869003296, 0.4398823380470276, 0.4460555613040924, 0.4605768620967865, 0.4700327217578888, 0.45641377568244934, 0.4645909070968628, 0.501205563545227, 0.502853274345398, 0.48284944891929626, 0.5174790620803833, 0.5350424647331238, 0.5084924101829529, 0.5278798341751099, 0.5215838551521301, 0.5407791137695312, 0.5654858350753784, 0.5417895913124084, 0.5929831266403198, 0.5891784429550171, 0.5914070010185242, 0.5454721450805664, 0.6638882160186768, 0.6095596551895142, 0.6219451427459717, 0.6030784249305725, 0.6003572940826416, 0.6223714351654053, 0.6406011581420898, 0.6237199306488037, 0.6400538682937622, 0.565384566783905, 0.6713113188743591, 0.6706136465072632, 0.6787329316139221, 0.6845132112503052, 0.6364922523498535, 0.6654682159423828, 0.7367178201675415, 0.6777854561805725, 0.7063702344894409, 0.7201709747314453, 0.7635027170181274, 0.7867603302001953, 0.8074649572372437, 0.7834392786026001, 0.7325435280799866, 0.776861310005188, 0.7842593193054199, 0.7452279925346375, 0.8077386021614075, 0.7991818785667419, 0.7993722558021545, 0.7611075639724731, 0.7656645774841309, 0.8384413123130798, 0.8682436347007751, 0.7740330100059509, 0.7582764625549316, 0.7818936705589294],