{"loss": [0.47518399357795715, 0.36740604043006897, 0.37834420800209045, 0.38658496737480164, 0.3976680040359497, 0.44285836815834045, 0.4766007363796234, 0.47937554121017456, 0.585385799407959, 0.6338226199150085, 0.6767525672912598, 0.7632226347923279, 0.8570007681846619, 0.9321953058242798, 0.9861629009246826, 0.9480522871017456, 1.0382329225540161, 1.1018518209457397, 1.1452341079711914, 1.1781885623931885, 1.2364565134048462, 1.2641748189926147, 1.2218559980392456, 1.3648104667663574, 1.2516988515853882, 1.2732090950012207, 1.4111508131027222, 1.4825831651687622, 1.5664867162704468, 1.4795466661453247, 1.5258512496948242, 1.6050934791564941, 1.7021538019180298, 1.5589789152145386, 1.610244870185852, 1.6247648000717163, 1.6418392658233643, 1.7666431665420532, 1.6049472093582153, 1.5657806396484375, 1.8049609661102295, 1.8111904859542847, 1.6851658821105957, 1.6745446920394897, 1.7009057998657227, 1.6571444272994995, 1.6997851133346558, 1.844982385635376, 1.783192753791809, 1.7765365839004517], "accuracy": [0.8810799717903137, 0.9193000197410583, 0.9246399998664856, 0.9262999892234802, 0.9269199967384338, 0.919700026512146, 0.9130200147628784, 0.9119399785995483, 0.8924199938774109, 0.8808199763298035, 0.8805999755859375, 0.8526800274848938, 0.8478000164031982, 0.8301399946212769, 0.8265600204467773, 0.8212400078773499, 0.796019971370697, 0.7800999879837036, 0.7453600168228149, 0.7436400055885315, 0.7409800291061401, 0.7373999953269958, 0.7377399802207947, 0.7261000275611877, 0.7210599780082703, 0.699999988079071, 0.6917200088500977, 0.6943399906158447, 0.6738200187683105, 0.6779000163078308, 0.6651800274848938, 0.6527199745178223, 0.6388800144195557, 0.6620000004768372, 0.6534199714660645, 0.640779972076416, 0.6154400110244751, 0.637179970741272, 0.6048600077629089, 0.6193600296974182, 0.625819981098175, 0.6152600049972534, 0.5964199900627136, 0.6048399806022644, 0.603380024433136, 0.5859000086784363, 0.5735800266265869, 0.5589600205421448, 0.5986999869346619, 0.59579998254776], "val_loss": [0.4330516457557678, 0.326101154088974, 0.389058381319046, 0.3694639503955841, 0.4106205105781555, 0.47896522283554077, 0.7851389646530151, 0.764567494392395, 1.043272614479065, 1.2291505336761475, 0.8077989220619202, 1.1459805965423584, 2.3208112716674805, 1.6925355195999146, 1.2572969198226929, 1.3077839612960815, 1.5410250425338745, 2.4771463871002197, 1.8934322595596313, 2.51845645904541, 2.340276002883911, 1.8675169944763184, 2.2495665550231934, 3.005540132522583, 2.9953012466430664, 2.7099387645721436, 2.8827450275421143, 3.377432346343994, 2.811530351638794, 2.9721038341522217, 6.7836408615112305, 4.8775129318237305, 3.1684787273406982, 4.033386707305908, 3.4488112926483154, 3.2765755653381348, 3.3921449184417725, 7.992810249328613, 6.531758785247803, 3.683990240097046, 3.8678765296936035, 3.8828437328338623, 3.452054977416992, 4.03201150894165, 5.271219730377197, 4.00262451171875, 3.1084346771240234, 4.492603302001953, 4.939620494842529, 4.9101243019104], "val_accuracy": [0.9089999794960022, 0.9369999766349792, 0.9318000078201294, 0.9319999814033508, 0.9345999956130981, 0.927299976348877, 0.9053000211715698, 0.8808000087738037, 0.8831999897956848, 0.8835999965667725, 0.8881999850273132, 0.8327000141143799, 0.8587999939918518, 0.8398000001907349, 0.8515999913215637, 0.7807999849319458, 0.7800999879837036, 0.808899998664856, 0.8029000163078308, 0.7616000175476074, 0.7753000259399414, 0.6550999879837036, 0.7540000081062317, 0.7541999816894531, 0.7322999835014343, 0.7221999764442444, 0.701200008392334, 0.7390999794006348, 0.673799991607666, 0.7279000282287598, 0.7422999739646912, 0.7221999764442444, 0.7013000249862671, 0.7337999939918518, 0.6460999846458435, 0.6639999747276306, 0.6347000002861023, 0.722100019454956, 0.7192000150680542, 0.6524999737739563, 0.6035000085830688, 0.6225000023841858, 0.6092000007629395, 0.5616999864578247, 0.5727999806404114, 0.6280999779701233, 0.5734000205993652, 0.6000999808311462, 0.6417999863624573, 0.6061999797821045]}