{"loss": [1.8089762926101685, 0.8883201479911804, 0.9348580241203308, 0.9446409344673157, 0.9491777420043945, 0.9649438261985779, 0.9474973678588867, 0.936026930809021, 0.9557741284370422, 0.9589313864707947, 0.9414882063865662, 0.928712785243988, 0.9805418848991394, 0.9428641200065613, 1.0033056735992432, 1.0231537818908691, 1.0536766052246094, 1.0473536252975464, 1.0655133724212646, 1.0697094202041626, 1.109765648841858, 1.1557693481445312, 1.2206388711929321, 1.1932086944580078, 1.1816750764846802, 1.2030752897262573, 1.1232398748397827, 1.211917757987976, 1.215729832649231, 1.2537041902542114, 1.1763770580291748, 1.1822813749313354, 1.19782555103302, 1.1852912902832031, 1.3335862159729004, 1.4442702531814575, 1.277636170387268, 1.2627384662628174, 1.2130017280578613, 1.2296539545059204, 1.2624870538711548, 1.359624981880188, 1.2707138061523438, 1.2476208209991455, 1.2840602397918701, 1.3114359378814697, 1.2922738790512085, 1.2694123983383179, 1.2966270446777344, 1.2927639484405518], "accuracy": [0.6053199768066406, 0.7602800130844116, 0.7285199761390686, 0.7432399988174438, 0.7365000247955322, 0.7505000233650208, 0.7387599945068359, 0.7468600273132324, 0.7368199825286865, 0.7304999828338623, 0.730139970779419, 0.7346400022506714, 0.731939971446991, 0.7321199774742126, 0.6930199861526489, 0.6965799927711487, 0.6873199939727783, 0.6926000118255615, 0.6819800138473511, 0.6955199837684631, 0.6385999917984009, 0.611519992351532, 0.6138799786567688, 0.6132199764251709, 0.5988600254058838, 0.6030600070953369, 0.6102799773216248, 0.6060199737548828, 0.597320020198822, 0.5978000164031982, 0.6001799702644348, 0.5986400246620178, 0.6023600101470947, 0.6011199951171875, 0.5676599740982056, 0.5626000165939331, 0.5980600118637085, 0.5974599719047546, 0.599560022354126, 0.5988399982452393, 0.6056399941444397, 0.5569000244140625, 0.5671200156211853, 0.5662800073623657, 0.5779600143432617, 0.5647199749946594, 0.5772200226783752, 0.5836399793624878, 0.5855399966239929, 0.5762400031089783], "val_loss": [0.7933654189109802, 1.0501093864440918, 2.2657954692840576, 0.9308353662490845, 0.8306304812431335, 1.1408088207244873, 1.2697874307632446, 0.917682409286499, 3.1447627544403076, 1.2340214252471924, 1.0428961515426636, 1.140406608581543, 1.1649025678634644, 1.1853877305984497, 1.230026125907898, 1.586332082748413, 1.1300181150436401, 1.3692327737808228, 1.2602330446243286, 1.6694308519363403, 1.4188450574874878, 1.5911760330200195, 2.1795687675476074, 1.5299516916275024, 1.5391491651535034, 1.6863263845443726, 1.9085968732833862, 1.6531224250793457, 1.7077058553695679, 1.7671746015548706, 1.8680967092514038, 2.052351713180542, 1.7223625183105469, 2.8875346183776855, 2.381974220275879, 1.8507159948349, 2.0540826320648193, 2.4045748710632324, 2.788442850112915, 2.5786192417144775, 2.5314059257507324, 1.8744077682495117, 2.531877279281616, 2.3531346321105957, 2.018932342529297, 3.492387056350708, 2.2609446048736572, 2.243417739868164, 2.64172625541687, 3.1855292320251465], "val_accuracy": [0.7523000240325928, 0.6410999894142151, 0.6262000203132629, 0.7544000148773193, 0.7634999752044678, 0.7753999829292297, 0.7160000205039978, 0.7730000019073486, 0.6384000182151794, 0.6818000078201294, 0.6240000128746033, 0.7105000019073486, 0.6553999781608582, 0.6938999891281128, 0.6295999884605408, 0.7031000256538391, 0.6786999702453613, 0.6880999803543091, 0.6721000075340271, 0.6927000284194946, 0.6043999791145325, 0.6276000142097473, 0.6495000123977661, 0.6202999949455261, 0.6018999814987183, 0.6169000267982483, 0.6182000041007996, 0.512499988079071, 0.5763999819755554, 0.5267000198364258, 0.612500011920929, 0.6319000124931335, 0.6049000024795532, 0.6162999868392944, 0.5489000082015991, 0.5932000279426575, 0.5983999967575073, 0.527400016784668, 0.6190000176429749, 0.6032999753952026, 0.5942000150680542, 0.5738000273704529, 0.5839999914169312, 0.5782999992370605, 0.5728999972343445, 0.5580000281333923, 0.5896999835968018, 0.5745000243186951, 0.589900016784668, 0.5893999934196472]}