{"loss": [2.2211549282073975, 1.9443509578704834, 1.4693892002105713, 1.0397335290908813, 0.7994139194488525, 0.6693812608718872, 0.5885701775550842, 0.5323830246925354, 0.49073395133018494, 0.4588150084018707, 0.43341735005378723, 0.4129440486431122, 0.3961127996444702, 0.38190266489982605, 0.36990436911582947, 0.35962116718292236, 0.3505399525165558, 0.3423231542110443, 0.3351687490940094, 0.3286410868167877, 0.3226303160190582, 0.31712597608566284, 0.3119482696056366, 0.30714550614356995, 0.3026779890060425, 0.2984790503978729, 0.29429709911346436, 0.2904718518257141, 0.2867406904697418, 0.2831771969795227, 0.27978619933128357, 0.2765223979949951, 0.2734714150428772, 0.2703569829463959, 0.2674039602279663, 0.26456543803215027, 0.2616320848464966, 0.2589939534664154, 0.25644755363464355, 0.2539384663105011, 0.251365065574646, 0.24884851276874542, 0.24661269783973694, 0.2441919893026352, 0.24208775162696838, 0.23981915414333344, 0.237599179148674, 0.23554137349128723, 0.23344814777374268, 0.23144036531448364, 0.22932568192481995, 0.2274809181690216, 0.22544533014297485, 0.22360360622406006, 0.2217688113451004, 0.22000013291835785, 0.21810518205165863, 0.21641644835472107, 0.21471461653709412, 0.21300281584262848, 0.21130451560020447, 0.20975905656814575, 0.20813751220703125, 0.20658908784389496, 0.20501136779785156, 0.2034720629453659, 0.20187313854694366, 0.2004782259464264, 0.1989545077085495, 0.1975383460521698, 0.19609513878822327, 0.19468820095062256, 0.19325263798236847, 0.19184929132461548, 0.19063039124011993, 0.18918778002262115, 0.18795590102672577, 0.1866401582956314, 0.18531937897205353, 0.1840425580739975, 0.182839497923851, 0.18149451911449432, 0.18038761615753174, 0.1791323572397232, 0.17792105674743652, 0.1767524778842926, 0.17566953599452972, 0.17448481917381287, 0.17338554561138153, 0.17227420210838318, 0.17119067907333374, 0.17012180387973785, 0.16898015141487122, 0.1679786592721939, 0.16683447360992432, 0.16582970321178436, 0.16475504636764526, 0.1637723594903946, 0.16273272037506104, 0.16176065802574158], "accuracy": [0.2337000072002411, 0.5090000033378601, 0.6886799931526184, 0.7684199810028076, 0.8052600026130676, 0.8276000022888184, 0.8438400030136108, 0.8559200167655945, 0.8654599785804749, 0.8730000257492065, 0.8787800073623657, 0.8843600153923035, 0.8885200023651123, 0.8921800255775452, 0.894860029220581, 0.8973600268363953, 0.8998600244522095, 0.9012200236320496, 0.9033799767494202, 0.9052600264549255, 0.9067800045013428, 0.9085800051689148, 0.9106199741363525, 0.9114400148391724, 0.9125800132751465, 0.9138799905776978, 0.9150199890136719, 0.9157800078392029, 0.916700005531311, 0.9182400107383728, 0.9191799759864807, 0.9198600053787231, 0.9208199977874756, 0.9219200015068054, 0.9229400157928467, 0.9237800240516663, 0.9241999983787537, 0.9253600239753723, 0.9257199764251709, 0.9264400005340576, 0.9276000261306763, 0.9282600283622742, 0.9290400147438049, 0.9290599822998047, 0.9299799799919128, 0.9306399822235107, 0.9309999942779541, 0.9316999912261963, 0.9319000244140625, 0.9324399828910828, 0.9333800077438354, 0.9335799813270569, 0.9342600107192993, 0.934440016746521, 0.9351599812507629, 0.9356600046157837, 0.9366000294685364, 0.9371799826622009, 0.9371399879455566, 0.9377599954605103, 0.938260018825531, 0.9387400150299072, 0.9391999840736389, 0.9397600293159485, 0.9397799968719482, 0.9401999711990356, 0.9406999945640564, 0.9412599802017212, 0.9413400292396545, 0.9419599771499634, 0.9424999952316284, 0.9426599740982056, 0.9430599808692932, 0.9434400200843811, 0.9438199996948242, 0.9442200064659119, 0.9444599747657776, 0.9450200200080872, 0.9452400207519531, 0.9457200169563293, 0.9459999799728394, 0.946179986000061, 0.9467200040817261, 0.9471200108528137, 0.9473999738693237, 0.9478800296783447, 0.9486200213432312, 0.9487800002098083, 0.9491000175476074, 0.9490600228309631, 0.9497600197792053, 0.9498800039291382, 0.9502000212669373, 0.9507200121879578, 0.9513599872589111, 0.9513800144195557, 0.951740026473999, 0.951960027217865, 0.9521600008010864, 0.9528599977493286], "val_loss": [2.1076135635375977, 1.7068641185760498, 1.1856465339660645, 0.8493781089782715, 0.6748917102813721, 0.5767588019371033, 0.5115736722946167, 0.4661882817745209, 0.43428999185562134, 0.40797126293182373, 0.38736221194267273, 0.3710615634918213, 0.35785195231437683, 0.34642234444618225, 0.33756381273269653, 0.32939860224723816, 0.3220854699611664, 0.3150526285171509, 0.30953383445739746, 0.3039434254169464, 0.2993333637714386, 0.2950249910354614, 0.2913172245025635, 0.287601500749588, 0.2835899889469147, 0.2798282206058502, 0.2762555480003357, 0.2741325795650482, 0.27056077122688293, 0.2676102817058563, 0.2649890184402466, 0.26190295815467834, 0.25949522852897644, 0.2572137713432312, 0.25496265292167664, 0.25285711884498596, 0.25100189447402954, 0.24829457700252533, 0.24619944393634796, 0.24414528906345367, 0.24237290024757385, 0.2403627187013626, 0.23853391408920288, 0.2371584177017212, 0.2345283180475235, 0.23279480636119843, 0.23149384558200836, 0.22911560535430908, 0.22774286568164825, 0.2263832837343216, 0.22483882308006287, 0.22304895520210266, 0.2217792272567749, 0.2198423147201538, 0.21825236082077026, 0.2170393019914627, 0.2159627377986908, 0.21436423063278198, 0.2127729058265686, 0.21167117357254028, 0.21037934720516205, 0.20905305445194244, 0.20789286494255066, 0.2069196254014969, 0.20556536316871643, 0.20441627502441406, 0.2031812220811844, 0.20226557552814484, 0.20055736601352692, 0.19939623773097992, 0.19872145354747772, 0.1978265345096588, 0.19619889557361603, 0.19509261846542358, 0.1946129947900772, 0.19402499496936798, 0.19221290946006775, 0.19121646881103516, 0.19010917842388153, 0.18967042863368988, 0.18866097927093506, 0.18769437074661255, 0.18653494119644165, 0.18539133667945862, 0.18443278968334198, 0.1836257129907608, 0.18275539577007294, 0.1819666028022766, 0.18111836910247803, 0.18069693446159363, 0.1797385960817337, 0.17858700454235077, 0.1779433935880661, 0.17718876898288727, 0.1767364889383316, 0.17586705088615417, 0.17585556209087372, 0.17415693402290344, 0.17317068576812744, 0.1723349541425705],