{"loss": [1.6773117780685425, 0.6824560165405273, 0.4649542570114136, 0.3947436809539795, 0.35914427042007446, 0.33554500341415405, 0.3182142972946167, 0.3044038414955139, 0.2922874391078949, 0.28192004561424255, 0.27279430627822876, 0.26442182064056396, 0.2563156187534332, 0.24885916709899902, 0.24192695319652557, 0.23532357811927795, 0.22908814251422882, 0.22294749319553375, 0.21701639890670776, 0.2114638090133667, 0.20627319812774658, 0.20101399719715118, 0.19608035683631897, 0.19152097404003143, 0.18704922497272491, 0.1828925758600235, 0.17865455150604248, 0.1746615171432495, 0.17091667652130127, 0.16714422404766083, 0.1636667400598526, 0.16025567054748535, 0.15700574219226837, 0.1535835862159729, 0.1506311148405075, 0.14761705696582794, 0.1447025090456009, 0.14189079403877258, 0.13939990103244781, 0.13669854402542114, 0.13409356772899628, 0.13185018301010132, 0.12938447296619415, 0.12721548974514008, 0.12486466765403748, 0.12286534905433655, 0.12066671997308731, 0.1186911016702652, 0.11679387837648392, 0.1147516593337059, 0.11293929815292358, 0.11098484694957733, 0.10942141711711884, 0.10764008015394211, 0.10607145726680756, 0.10437025129795074, 0.10274806618690491, 0.10114724934101105, 0.09966447204351425, 0.098211370408535, 0.09688025712966919, 0.09554450958967209, 0.09421716630458832, 0.09278110414743423, 0.09146043658256531, 0.09013893455266953, 0.08879049122333527, 0.08770830929279327, 0.08633144199848175, 0.08536899089813232, 0.08409704267978668, 0.08288037776947021, 0.0819004699587822, 0.08075902611017227, 0.07971835136413574, 0.07867525517940521, 0.07767559587955475, 0.0765884593129158, 0.07570023834705353, 0.07462217658758163, 0.073648601770401, 0.07274098694324493, 0.07177439332008362, 0.07090280950069427, 0.07012557983398438, 0.06892020255327225, 0.0683407187461853, 0.0673443078994751, 0.0664752647280693, 0.06563445925712585, 0.06492669880390167, 0.063953697681427, 0.06323713809251785, 0.06250394135713577, 0.06179427728056908, 0.06095108017325401, 0.06022266671061516, 0.05944062024354935, 0.05878317728638649, 0.05801476165652275], "accuracy": [0.5623599886894226, 0.8296399712562561, 0.8738399744033813, 0.8889999985694885, 0.8975800275802612, 0.9032400250434875, 0.9087200164794922, 0.9124000072479248, 0.9157999753952026, 0.9187800288200378, 0.9214000105857849, 0.9236599802970886, 0.9256799817085266, 0.9277600049972534, 0.929639995098114, 0.9319000244140625, 0.9341199994087219, 0.9362800121307373, 0.9372199773788452, 0.9396200180053711, 0.9406200051307678, 0.942799985408783, 0.9439600110054016, 0.9455000162124634, 0.9466000199317932, 0.9479799866676331, 0.9485999941825867, 0.950219988822937, 0.9510400295257568, 0.9519199728965759, 0.9528800249099731, 0.953760027885437, 0.9549400210380554, 0.955780029296875, 0.9575200080871582, 0.958079993724823, 0.9587799906730652, 0.9593799710273743, 0.9603599905967712, 0.9609599709510803, 0.9618600010871887, 0.9623000025749207, 0.9630600214004517, 0.963379979133606, 0.9644399881362915, 0.9652799963951111, 0.9655799865722656, 0.9662200212478638, 0.9667199850082397, 0.9673799872398376, 0.9678199887275696, 0.9682999849319458, 0.9688599705696106, 0.9695799946784973, 0.9700199961662292, 0.9704399704933167, 0.9708200097084045, 0.9714000225067139, 0.9713799953460693, 0.9725599884986877, 0.9725199937820435, 0.9729599952697754, 0.973360002040863, 0.9736400246620178, 0.9740399718284607, 0.9748200178146362, 0.9749199748039246, 0.9756199717521667, 0.9761599898338318, 0.9764400124549866, 0.9767400026321411, 0.9767799973487854, 0.9772599935531616, 0.9779000282287598, 0.9778599739074707, 0.9782400131225586, 0.9781799912452698, 0.9786999821662903, 0.9789599776268005, 0.9792400002479553, 0.9796599745750427, 0.9796199798583984, 0.9804400205612183, 0.9800199866294861, 0.9805799722671509, 0.9807599782943726, 0.9813200235366821, 0.9815999865531921, 0.981719970703125, 0.9819599986076355, 0.9826599955558777, 0.9824000000953674, 0.9828400015830994, 0.9827600121498108, 0.9825999736785889, 0.983020007610321, 0.9829000234603882, 0.9833999872207642, 0.9836400151252747, 0.9841799736022949], "val_loss": [0.9187224507331848, 0.486848384141922, 0.38501307368278503, 0.34447169303894043, 0.31868502497673035, 0.3043963313102722, 0.2903140187263489, 0.27975645661354065, 0.27133941650390625, 0.2620631456375122, 0.25492063164711, 0.2487083077430725, 0.24129724502563477, 0.23610886931419373, 0.22986933588981628, 0.22555220127105713, 0.2206181436777115, 0.21523012220859528, 0.21110916137695312, 0.2069212943315506, 0.20255261659622192, 0.19744068384170532, 0.19561927020549774, 0.1912095844745636, 0.18707630038261414, 0.1832900196313858, 0.1804581731557846, 0.17764033377170563, 0.17543987929821014, 0.1714605689048767, 0.16892924904823303, 0.16659702360630035, 0.16500335931777954, 0.16185937821865082, 0.1596541553735733, 0.16017642617225647, 0.15686869621276855, 0.1545514166355133, 0.1529352068901062, 0.15351992845535278, 0.1513129025697708, 0.14833863079547882, 0.14480537176132202, 0.1436784714460373, 0.14233240485191345, 0.1417916864156723, 0.14127831161022186, 0.13846439123153687, 0.13826294243335724, 0.13610941171646118, 0.13519087433815002, 0.13499128818511963, 0.13355214893817902, 0.1317259967327118, 0.13073739409446716, 0.13133248686790466, 0.12865178287029266, 0.12788580358028412, 0.12737809121608734, 0.12593606114387512, 0.12481798976659775, 0.12483108788728714, 0.12306121736764908, 0.12390515208244324, 0.1214946061372757, 0.12131959199905396, 0.12093446403741837, 0.12062518298625946, 0.12038276344537735, 0.1188221350312233, 0.11836308240890503, 0.11816052347421646, 0.11748812347650528, 0.11737555265426636, 0.11554023623466492, 0.11523149162530899, 0.11460471153259277, 0.11576920002698898, 0.11468194425106049, 0.11386905610561371, 0.11396358907222748, 0.11398850381374359, 0.11259184777736664, 0.11400910466909409, 0.11215771734714508, 0.11196895688772202, 0.11105465143918991, 0.10988370329141617, 0.11078081279993057, 0.10983425378799438, 0.10936083644628525, 0.11037725955247879, 0.10952334851026535, 0.10933773219585419, 0.10903997719287872, 0.10910102725028992, 0.10765965282917023, 0.10798818618059158, 0.10754568874835968, 0.10787403583526611],