{"loss": [0.5826765894889832, 0.2581036686897278, 0.19833151996135712, 0.16221043467521667, 0.13795053958892822, 0.11943938583135605, 0.10519622266292572, 0.09368597716093063, 0.08402611315250397, 0.0754842534661293, 0.06802823394536972, 0.06131412088871002, 0.05605058744549751, 0.051968764513731, 0.046349819749593735, 0.04257313534617424, 0.038270920515060425, 0.03488967940211296, 0.03197402134537697, 0.029152309522032738, 0.0266132615506649, 0.023866889998316765, 0.0215471051633358, 0.01956331543624401, 0.01784255914390087, 0.015627361834049225, 0.014437376521527767, 0.012679176405072212, 0.01138599868863821, 0.010243781842291355, 0.009120982140302658, 0.008186605758965015, 0.00721814064309001, 0.0064599779434502125, 0.006043515168130398, 0.005426137242466211, 0.0049640582874417305, 0.004489115905016661, 0.004190455190837383, 0.0037930444814264774, 0.0034608454443514347, 0.0032456484623253345, 0.002992447931319475, 0.0028378295246511698, 0.002592518227174878, 0.0024804614949971437, 0.0022922803182154894, 0.002205116208642721, 0.0021378546953201294, 0.0019922605715692043], "accuracy": [0.8366000056266785, 0.9233999848365784, 0.9412800073623657, 0.9519199728965759, 0.9590799808502197, 0.9640799760818481, 0.9692599773406982, 0.9721199870109558, 0.9749400019645691, 0.9775599837303162, 0.9799000024795532, 0.9819599986076355, 0.983020007610321, 0.9846600294113159, 0.9862800240516663, 0.9878000020980835, 0.9895399808883667, 0.9901400208473206, 0.9907000064849854, 0.9921799898147583, 0.9930800199508667, 0.9940800070762634, 0.9944400191307068, 0.9952800273895264, 0.9957600235939026, 0.9968199729919434, 0.9968799948692322, 0.997759997844696, 0.9978799819946289, 0.998199999332428, 0.9986199736595154, 0.9990000128746033, 0.9993199706077576, 0.9993199706077576, 0.999459981918335, 0.9996799826622009, 0.9995800256729126, 0.9997599720954895, 0.9998199939727783, 0.9998400211334229, 0.9999200105667114, 0.9998800158500671, 0.9999600052833557, 0.9999200105667114, 1.0, 0.9999799728393555, 0.9999799728393555, 1.0, 0.9999799728393555, 0.9999799728393555], "val_loss": [0.294767826795578, 0.21768368780612946, 0.17735137045383453, 0.18336308002471924, 0.15082180500030518, 0.1523730754852295, 0.12365216016769409, 0.13960938155651093, 0.15120822191238403, 0.10495572537183762, 0.10527539253234863, 0.13800743222236633, 0.10564569383859634, 0.10089550167322159, 0.10149241238832474, 0.09891855716705322, 0.10522808879613876, 0.11204081028699875, 0.0991256833076477, 0.097632497549057, 0.12100479751825333, 0.10951592773199081, 0.10700799524784088, 0.10480621457099915, 0.10462412983179092, 0.10231448709964752, 0.10767319053411484, 0.10687462240457535, 0.10698059946298599, 0.11303145438432693, 0.11040035635232925, 0.10956357419490814, 0.11095575243234634, 0.11018390953540802, 0.11417078971862793, 0.11451545357704163, 0.1192125603556633, 0.11987755447626114, 0.12128666788339615, 0.11989220976829529, 0.11705464124679565, 0.11944138258695602, 0.12557564675807953, 0.12103326618671417, 0.12224534898996353, 0.12326005846261978, 0.12321518361568451, 0.12544263899326324, 0.12471243739128113, 0.1252841055393219], "val_accuracy": [0.9157000184059143, 0.9383000135421753, 0.9508000016212463, 0.9445000290870667, 0.9573000073432922, 0.9526000022888184, 0.963699996471405, 0.9574000239372253, 0.9513000249862671, 0.9692000150680542, 0.968500018119812, 0.9575999975204468, 0.9689000248908997, 0.968999981880188, 0.9700000286102295, 0.9714999794960022, 0.9706000089645386, 0.9656999707221985, 0.9710000157356262, 0.9710999727249146, 0.9678000211715698, 0.9685999751091003, 0.9718000292778015, 0.9717000126838684, 0.9721999764442444, 0.9732000231742859, 0.972599983215332, 0.972100019454956, 0.9718999862670898, 0.9704999923706055, 0.9724000096321106, 0.9731000065803528, 0.9732999801635742, 0.9749000072479248, 0.9742000102996826, 0.9739000201225281, 0.9718000292778015, 0.9731000065803528, 0.9722999930381775, 0.9736999869346619, 0.9743000268936157, 0.9739999771118164, 0.9733999967575073, 0.9745000004768372, 0.973800003528595, 0.9743000268936157, 0.9745000004768372, 0.9743000268936157, 0.9743000268936157, 0.9750000238418579]}