{"loss": [0.9436449408531189, 0.3735691010951996, 0.3130653202533722, 0.2792688310146332, 0.2546021342277527, 0.2340518683195114, 0.2162441611289978, 0.20062534511089325, 0.18704727292060852, 0.17472192645072937, 0.16358700394630432, 0.15392889082431793, 0.14488522708415985, 0.136998251080513, 0.12969492375850677, 0.12299428880214691, 0.11706738919019699, 0.11153433471918106, 0.10640788078308105, 0.1011613979935646, 0.0967024490237236, 0.09259137511253357, 0.0884975716471672, 0.08486991375684738, 0.08124657720327377, 0.0779300257563591, 0.07514280825853348, 0.07219276577234268, 0.06932812929153442, 0.06665633618831635, 0.06419975310564041, 0.06187276914715767, 0.059833426028490067, 0.0570736825466156, 0.05532750487327576, 0.0532560832798481, 0.05148227512836456, 0.049663983285427094, 0.047731831669807434, 0.04596150293946266, 0.04474974051117897, 0.04315869137644768, 0.04174419119954109, 0.04006311297416687, 0.038664449006319046, 0.037598658353090286, 0.03609360754489899, 0.03482084721326828, 0.03368127718567848, 0.0324140265583992], "accuracy": [0.7618600130081177, 0.8917400240898132, 0.9078999757766724, 0.917680025100708, 0.9245799779891968, 0.9315400123596191, 0.9369000196456909, 0.9415599703788757, 0.9452400207519531, 0.9488000273704529, 0.9516800045967102, 0.9541800022125244, 0.9571599960327148, 0.9594399929046631, 0.9613999724388123, 0.964139997959137, 0.965939998626709, 0.9676200151443481, 0.9688000082969666, 0.9703599810600281, 0.972000002861023, 0.9732199907302856, 0.9749199748039246, 0.9756799936294556, 0.9769399762153625, 0.9782000184059143, 0.9785799980163574, 0.9793400168418884, 0.980239987373352, 0.9815400242805481, 0.9818000197410583, 0.9832000136375427, 0.9833800196647644, 0.9845799803733826, 0.9850999712944031, 0.9858999848365784, 0.985759973526001, 0.9865599870681763, 0.9872199892997742, 0.9879199862480164, 0.9879000186920166, 0.9883599877357483, 0.989080011844635, 0.9896199703216553, 0.9900400042533875, 0.9906399846076965, 0.9908199906349182, 0.9914600253105164, 0.9916599988937378, 0.9921600222587585], "val_loss": [0.3910636603832245, 0.31128615140914917, 0.27980944514274597, 0.2557442784309387, 0.24516847729682922, 0.22266623377799988, 0.2056148499250412, 0.19496870040893555, 0.18263663351535797, 0.17759567499160767, 0.16943155229091644, 0.16211292147636414, 0.1567663699388504, 0.14904414117336273, 0.14382369816303253, 0.14355933666229248, 0.1356552243232727, 0.1360262632369995, 0.1379767656326294, 0.12933945655822754, 0.12240463495254517, 0.11998121440410614, 0.1246132105588913, 0.11650961637496948, 0.11690462380647659, 0.11598245799541473, 0.11570382118225098, 0.11337301135063171, 0.11297546327114105, 0.113669753074646, 0.11106982082128525, 0.11151254922151566, 0.11063238233327866, 0.1069871187210083, 0.10724863409996033, 0.10691334307193756, 0.10808142274618149, 0.10660412907600403, 0.11274686455726624, 0.10980945080518723, 0.10692845284938812, 0.10566312074661255, 0.10683144629001617, 0.10601592808961868, 0.1059560775756836, 0.10605286806821823, 0.10788768529891968, 0.10877151787281036, 0.10576918721199036, 0.10906008630990982], "val_accuracy": [0.8927000164985657, 0.9128999710083008, 0.9189000129699707, 0.9283999800682068, 0.9296000003814697, 0.9383000135421753, 0.9413999915122986, 0.9451000094413757, 0.9502000212669373, 0.9498999714851379, 0.9506000280380249, 0.9528999924659729, 0.9544000029563904, 0.9571999907493591, 0.9587000012397766, 0.9563999772071838, 0.9607999920845032, 0.9595999717712402, 0.9589999914169312, 0.9609000086784363, 0.963699996471405, 0.9638000130653381, 0.9625999927520752, 0.965399980545044, 0.9642999768257141, 0.9642000198364258, 0.9645000100135803, 0.9653000235557556, 0.9657999873161316, 0.9656000137329102, 0.9656999707221985, 0.9666000008583069, 0.9661999940872192, 0.9666000008583069, 0.9678000211715698, 0.9670000076293945, 0.9674000144004822, 0.9677000045776367, 0.965499997138977, 0.9675999879837036, 0.9678999781608582, 0.9679999947547913, 0.9671000242233276, 0.9670000076293945, 0.9679999947547913, 0.9678000211715698, 0.9678999781608582, 0.9682999849319458, 0.9684000015258789, 0.9677000045776367]}