{"loss": [0.5491007566452026, 0.2654615044593811, 0.2065838873386383, 0.16832152009010315, 0.14406268298625946, 0.12427106499671936, 0.10942836850881577, 0.09733425825834274, 0.08789225667715073, 0.07916023582220078, 0.07169501483440399, 0.06538558751344681, 0.05991080403327942, 0.054727498441934586, 0.05082662031054497, 0.04600032791495323, 0.041946377605199814, 0.038551341742277145, 0.03553807735443115, 0.03176715970039368, 0.029355473816394806, 0.027206052094697952, 0.02384076826274395, 0.021970348432660103, 0.020555570721626282, 0.018144726753234863, 0.01641233265399933, 0.015425491146743298, 0.013370118103921413, 0.012040686793625355, 0.011058831587433815, 0.009881260804831982, 0.00918453186750412, 0.008056188002228737, 0.007411858066916466, 0.006591219920665026, 0.005962691735476255, 0.005590417422354221, 0.00499645434319973, 0.004579632077366114, 0.004316871054470539, 0.0039688353426754475, 0.003588730236515403, 0.0033834977075457573, 0.0031639698427170515, 0.0029617410618811846, 0.0027699710335582495, 0.0025996442418545485, 0.0024668416008353233, 0.0023025490809231997, 0.002199330134317279, 0.0020819013006985188, 0.002018975792452693, 0.0019088122062385082, 0.0018180768238380551, 0.0017464724369347095, 0.0016662629786878824, 0.0016122901579365134, 0.0015415893867611885, 0.0014781700447201729, 0.001446146983653307, 0.0013790336670354009, 0.0013378033181652427, 0.0012909991201013327, 0.001252578105777502, 0.001205778680741787, 0.0011743366485461593, 0.0011402502423152328, 0.0010965929832309484, 0.0010626447619870305, 0.0010476032039150596, 0.0010138185461983085, 0.0009807978058233857, 0.0009628305560909212, 0.0009328273590654135, 0.000913114461582154, 0.0008883738773874938, 0.0008694261778146029, 0.0008485732832923532, 0.0008251150720752776, 0.0008062746492214501, 0.0007894159061834216, 0.0007737494888715446, 0.0007533688331022859, 0.0007374271517619491, 0.000721599964890629, 0.0007094687898643315, 0.0006924787885509431, 0.0006807994213886559, 0.0006668000132776797, 0.0006536980508826673, 0.0006422766018658876, 0.0006311092874966562, 0.0006153897847980261, 0.0006071680691093206, 0.000595106219407171, 0.0005845851264894009, 0.000573292258195579, 0.0005650798557326198, 0.0005547187174670398], "accuracy": [0.8504199981689453, 0.9220200181007385, 0.9391000270843506, 0.9501000046730042, 0.9572799801826477, 0.9622799754142761, 0.9683200120925903, 0.9709200263023376, 0.9735000133514404, 0.9767799973487854, 0.9791799783706665, 0.980400025844574, 0.9824000000953674, 0.9835799932479858, 0.9847000241279602, 0.9865999817848206, 0.987820029258728, 0.9885600209236145, 0.9898599982261658, 0.9913600087165833, 0.9923200011253357, 0.9926999807357788, 0.9941999912261963, 0.9946600198745728, 0.9951599836349487, 0.9957600235939026, 0.9965400099754333, 0.9967799782752991, 0.9975600242614746, 0.997759997844696, 0.9980599880218506, 0.998420000076294, 0.9985799789428711, 0.9991400241851807, 0.9990400075912476, 0.9992200136184692, 0.9995200037956238, 0.9995800256729126, 0.9997599720954895, 0.9998199939727783, 0.9998000264167786, 0.9998400211334229, 0.9999200105667114, 0.9998999834060669, 0.9999200105667114, 0.9999600052833557, 0.9999799728393555, 0.9999799728393555, 1.0, 1.0, 1.0, 1.0, 1.0, 1.0, 1.0, 1.0, 1.0, 1.0, 1.0, 1.0, 1.0, 1.0, 1.0, 1.0, 1.0, 1.0, 1.0, 1.0, 1.0, 1.0, 1.0, 1.0, 1.0, 1.0, 1.0, 1.0, 1.0, 1.0, 1.0, 1.0, 1.0, 1.0, 1.0, 1.0, 1.0, 1.0, 1.0, 1.0, 1.0, 1.0, 1.0, 1.0, 1.0, 1.0, 1.0, 1.0, 1.0, 1.0, 1.0, 1.0], "val_loss": [0.2994941771030426, 0.2377234399318695, 0.1964482069015503, 0.16352391242980957, 0.1527472734451294, 0.13941647112369537, 0.151193305850029, 0.1334604024887085, 0.12321799248456955, 0.12741035223007202, 0.11613956093788147, 0.11253394931554794, 0.1919417828321457, 0.17737792432308197, 0.10894376039505005, 0.10796608030796051, 0.10953125357627869, 0.11008532345294952, 0.11518785357475281, 0.11592023819684982, 0.1516236513853073, 0.11552315950393677, 0.10957756638526917, 0.172969788312912, 0.11479245871305466, 0.1362031102180481, 0.12246032804250717, 0.11999974399805069, 0.12026109546422958, 0.11924566328525543, 0.11968807131052017, 0.12503929436206818, 0.12235675007104874, 0.12232469767332077, 0.12446422129869461, 0.12678053975105286, 0.13111011683940887, 0.13173672556877136, 0.13059501349925995, 0.1339361071586609, 0.13670633733272552, 0.13630954921245575, 0.13694718480110168, 0.1375184953212738, 0.1385982781648636, 0.13942784070968628, 0.14036650955677032, 0.14212444424629211, 0.14101609587669373, 0.1428159922361374, 0.14421190321445465, 0.1456306129693985, 0.14638543128967285, 0.14625874161720276, 0.14747701585292816, 0.14774970710277557, 0.14976978302001953, 0.14961861073970795, 0.14996770024299622, 0.15204927325248718, 0.15075835585594177, 0.1516178399324417, 0.15200258791446686, 0.15242981910705566, 0.15355467796325684, 0.1537962704896927, 0.1546275019645691, 0.15538150072097778, 0.15554989874362946, 0.1578066498041153, 0.15719275176525116, 0.15736810863018036, 0.1578991860151291, 0.15865258872509003, 0.1590963453054428, 0.1603482961654663, 0.16012349724769592, 0.1600327342748642, 0.16107670962810516, 0.16147014498710632, 0.162441223859787, 0.16260965168476105, 0.16324274241924286, 0.16357600688934326, 0.16444209218025208, 0.16507965326309204, 0.1647074669599533, 0.16485595703125, 0.16515710949897766, 0.16570107638835907, 0.16610750555992126, 0.16632208228111267, 0.16714949905872345, 0.16750997304916382, 0.16744117438793182, 0.16791102290153503, 0.16895481944084167, 0.16859170794487, 0.16928023099899292, 0.1699817031621933], "val_accuracy": [0.9106000065803528, 0.932200014591217, 0.9440000057220459, 0.9513000249862671, 0.954200029373169, 0.958299994468689, 0.9541000127792358, 0.9607999920845032, 0.9635999798774719, 0.9595000147819519, 0.9649999737739563, 0.9686999917030334, 0.9406999945640564, 0.9488000273704529, 0.9684000015258789, 0.9682000279426575, 0.9681000113487244, 0.9697999954223633, 0.9677000045776367, 0.96670001745224, 0.9599000215530396, 0.9685999751091003, 0.9708999991416931, 0.9520000219345093, 0.9696999788284302, 0.9645000100135803, 0.9681000113487244, 0.9697999954223633, 0.9703999757766724, 0.97079998254776, 0.9699000120162964, 0.968999981880188, 0.9710999727249146, 0.9714000225067139, 0.9710000157356262, 0.970300018787384, 0.968999981880188, 0.9690999984741211, 0.9704999923706055, 0.9706000089645386, 0.9700999855995178, 0.9697999954223633, 0.970300018787384, 0.9700999855995178, 0.9703999757766724, 0.9706000089645386, 0.9696999788284302, 0.9692999720573425, 0.9697999954223633, 0.9699000120162964, 0.9703999757766724, 0.9706000089645386, 0.9688000082969666, 0.9692999720573425, 0.9696000218391418, 0.9696999788284302, 0.9704999923706055, 0.9696000218391418, 0.9699000120162964, 0.9706000089645386, 0.9690999984741211, 0.9700000286102295, 0.9702000021934509, 0.9702000021934509, 0.9695000052452087, 0.9699000120162964, 0.9696000218391418, 0.9696999788284302, 0.9700999855995178, 0.9700000286102295, 0.9696999788284302, 0.9700000286102295, 0.9696000218391418, 0.9692000150680542, 0.9690999984741211, 0.9690999984741211, 0.9700999855995178, 0.9696000218391418, 0.9699000120162964, 0.9697999954223633, 0.9692999720573425, 0.9693999886512756, 0.9693999886512756, 0.9696999788284302, 0.9692999720573425, 0.9696999788284302, 0.9696000218391418, 0.9692999720573425, 0.9700000286102295, 0.9693999886512756, 0.9695000052452087, 0.9690999984741211, 0.9696999788284302, 0.9692000150680542, 0.9693999886512756, 0.9692999720573425, 0.9696999788284302, 0.9695000052452087, 0.9690999984741211, 0.9689000248908997]}