{"loss": [1.8660058975219727, 0.7532804012298584, 0.47849324345588684, 0.39960402250289917, 0.3598844110965729, 0.3340309262275696, 0.3143853545188904, 0.29895123839378357, 0.2858178913593292, 0.27437102794647217, 0.2641178071498871, 0.255235493183136, 0.24676339328289032, 0.23936566710472107, 0.2323375940322876, 0.22581595182418823, 0.219748854637146, 0.21443304419517517, 0.2087295651435852, 0.20351848006248474, 0.19877725839614868, 0.1941552609205246, 0.18987037241458893, 0.18543285131454468, 0.1814635694026947, 0.17743298411369324, 0.17372196912765503, 0.17019176483154297, 0.16658419370651245, 0.16305050253868103, 0.15969419479370117, 0.1566254049539566, 0.15353770554065704, 0.1504054218530655, 0.14753970503807068, 0.14456826448440552, 0.14207276701927185, 0.13933420181274414, 0.13650080561637878, 0.1341320276260376, 0.1316649168729782, 0.12930084764957428, 0.12687356770038605, 0.12479144334793091, 0.12276087701320648, 0.12036110460758209, 0.1185767650604248, 0.11631889641284943, 0.11460909247398376, 0.11267656087875366], "accuracy": [0.47995999455451965, 0.8255199790000916, 0.869979977607727, 0.8865200281143188, 0.8969200253486633, 0.9035599827766418, 0.9088000059127808, 0.9133800268173218, 0.9163600206375122, 0.9201400279998779, 0.923259973526001, 0.9251999855041504, 0.9275400042533875, 0.9301000237464905, 0.931879997253418, 0.9337400197982788, 0.936240017414093, 0.9369800090789795, 0.9387800097465515, 0.9410799741744995, 0.9424200057983398, 0.9434800148010254, 0.9448999762535095, 0.9464600086212158, 0.9481199979782104, 0.9488199949264526, 0.9501199722290039, 0.9514200091362, 0.9523400068283081, 0.95305997133255, 0.9535599946975708, 0.9544199705123901, 0.9556000232696533, 0.9563999772071838, 0.957539975643158, 0.9585599899291992, 0.9585999846458435, 0.9601600170135498, 0.9611600041389465, 0.9616199731826782, 0.9621599912643433, 0.9630600214004517, 0.9634799957275391, 0.9648000001907349, 0.9652400016784668, 0.9657400250434875, 0.9663000106811523, 0.9671800136566162, 0.9672600030899048, 0.9678800106048584], "val_loss": [1.107017993927002, 0.5060741305351257, 0.3936963975429535, 0.3476901352405548, 0.3205661475658417, 0.30172690749168396, 0.289875328540802, 0.27778032422065735, 0.26591336727142334, 0.2567247450351715, 0.24757489562034607, 0.24250128865242004, 0.23617883026599884, 0.23096318542957306, 0.2237192839384079, 0.2189107984304428, 0.21371692419052124, 0.2101329118013382, 0.20583869516849518, 0.203162282705307, 0.20032553374767303, 0.19575463235378265, 0.19412283599376678, 0.18811632692813873, 0.1866219937801361, 0.18345794081687927, 0.17992548644542694, 0.1781686693429947, 0.1745394766330719, 0.1720062792301178, 0.16899637877941132, 0.16711187362670898, 0.16455617547035217, 0.16246046125888824, 0.16039234399795532, 0.15856264531612396, 0.155721053481102, 0.15413980185985565, 0.15271735191345215, 0.1502673178911209, 0.14863187074661255, 0.1473766714334488, 0.1448182612657547, 0.1444527506828308, 0.1413043886423111, 0.14387036859989166, 0.13953876495361328, 0.13873893022537231, 0.13733911514282227, 0.13627125322818756], "val_accuracy": [0.7900000214576721, 0.8723999857902527, 0.8909000158309937, 0.9013000130653381, 0.9104999899864197, 0.9133999943733215, 0.9169999957084656, 0.9212999939918518, 0.9258000254631042, 0.9280999898910522, 0.9314000010490417, 0.9312000274658203, 0.9330999851226807, 0.9351999759674072, 0.9366999864578247, 0.9387999773025513, 0.9409999847412109, 0.942300021648407, 0.9434999823570251, 0.9437000155448914, 0.9435999989509583, 0.9459999799728394, 0.9465000033378601, 0.9477999806404114, 0.9484999775886536, 0.9484000205993652, 0.9496999979019165, 0.9510999917984009, 0.9514999985694885, 0.9524000287055969, 0.953000009059906, 0.9546999931335449, 0.9541000127792358, 0.9542999863624573, 0.9549999833106995, 0.9556000232696533, 0.9567999839782715, 0.9567000269889832, 0.9574000239372253, 0.9574999809265137, 0.9580000042915344, 0.9581999778747559, 0.9595999717712402, 0.9587000012397766, 0.9603000283241272, 0.9592000246047974, 0.9599000215530396, 0.9611999988555908, 0.9620000123977661, 0.9617000222206116]}